<?xml version="1.0" encoding="utf-8" ?>
<kml xmlns="http://www.opengis.net/kml/2.2">
<Document id="root_doc">
<Schema name="programmeband_1" id="scpcct_1">
	<SimpleField name="N°" type="float"></SimpleField>
	<SimpleField name="Cooperative" type="string"></SimpleField>
	<SimpleField name="Code_CCC" type="string"></SimpleField>
	<SimpleField name="Code_Producteur" type="string"></SimpleField>
	<SimpleField name="Code_Parcelle" type="string"></SimpleField>
	<SimpleField name="Section" type="string"></SimpleField>
	<SimpleField name="Localite" type="string"></SimpleField>
	<SimpleField name="Sous-Prefecture" type="string"></SimpleField>
	<SimpleField name="Departement" type="string"></SimpleField>
	<SimpleField name="Region " type="string"></SimpleField>
	<SimpleField name="Nom" type="string"></SimpleField>
	<SimpleField name="Prenoms" type="string"></SimpleField>
	<SimpleField name="Genre" type="string"></SimpleField>
	<SimpleField name="Certification" type="string"></SimpleField>
	<SimpleField name="Programme" type="string"></SimpleField>
	<SimpleField name="Statut" type="string"></SimpleField>
	<SimpleField name="Field17" type="string"></SimpleField>
</Schema>
<Folder><name>programmeband_1</name>
<Placemark>
	<Style><LineStyle><color>ff0000ff</color></LineStyle><PolyStyle><fill>0</fill></PolyStyle></Style>
	<ExtendedData><SchemaData schemaUrl="#programmeband_1">
		<SimpleData name="N°">1</SimpleData>
		<SimpleData name="Cooperative">COOP CA SCAAB</SimpleData>
		<SimpleData name="Code_CCC">COOP CA SCAAB</SimpleData>
		<SimpleData name="Code_Producteur">SCAAB-TIA-076</SimpleData>
		<SimpleData name="Code_Parcelle">SCAAB-TIA-076-P2</SimpleData>
		<SimpleData name="Section">TIASSALE</SimpleData>
		<SimpleData name="Localite">TIASSALE</SimpleData>
		<SimpleData name="Sous-Prefecture">TIASSALE</SimpleData>
		<SimpleData name="Region ">AGNEBY-TIASSA</SimpleData>
		<SimpleData name="Nom">SAWADOGO </SimpleData>
		<SimpleData name="Prenoms">GANDA</SimpleData>
		<SimpleData name="Genre">Homme</SimpleData>
		<SimpleData name="Programme">Mondelez</SimpleData>
		<SimpleData name="Departement"></SimpleData>
		<SimpleData name="Statut">Candidat</SimpleData>
	</SchemaData>
    </ExtendedData>
      <MultiGeometry>
        <Polygon>
            <outerBoundaryIs>
                <LinearRing>
                    <coordinates></coordinates>
                </LinearRing>
            </outerBoundaryIs>
        </Polygon>
    </MultiGeometry>
  </Placemark><Placemark>
	<Style><LineStyle><color>ff0000ff</color></LineStyle><PolyStyle><fill>0</fill></PolyStyle></Style>
	<ExtendedData><SchemaData schemaUrl="#programmeband_1">
		<SimpleData name="N°">2</SimpleData>
		<SimpleData name="Cooperative">COOP CA SCAAB</SimpleData>
		<SimpleData name="Code_CCC">COOP CA SCAAB</SimpleData>
		<SimpleData name="Code_Producteur">SCAAB-TIA-049</SimpleData>
		<SimpleData name="Code_Parcelle">SCAAB-TIA-049-P2</SimpleData>
		<SimpleData name="Section">TIASSALE</SimpleData>
		<SimpleData name="Localite">TIASSALE</SimpleData>
		<SimpleData name="Sous-Prefecture">TIASSALE</SimpleData>
		<SimpleData name="Region ">AGNEBY-TIASSA</SimpleData>
		<SimpleData name="Nom">KOUAME</SimpleData>
		<SimpleData name="Prenoms">YAO SIMON</SimpleData>
		<SimpleData name="Genre">Homme</SimpleData>
		<SimpleData name="Programme">Mondelez</SimpleData>
		<SimpleData name="Departement"></SimpleData>
		<SimpleData name="Statut">Candidat</SimpleData>
	</SchemaData>
    </ExtendedData>
      <MultiGeometry>
        <Polygon>
            <outerBoundaryIs>
                <LinearRing>
                    <coordinates></coordinates>
                </LinearRing>
            </outerBoundaryIs>
        </Polygon>
    </MultiGeometry>
  </Placemark><Placemark>
	<Style><LineStyle><color>ff0000ff</color></LineStyle><PolyStyle><fill>0</fill></PolyStyle></Style>
	<ExtendedData><SchemaData schemaUrl="#programmeband_1">
		<SimpleData name="N°">3</SimpleData>
		<SimpleData name="Cooperative">COOP CA SCAAB</SimpleData>
		<SimpleData name="Code_CCC">COOP CA SCAAB</SimpleData>
		<SimpleData name="Code_Producteur">SCAAB-TIA-256</SimpleData>
		<SimpleData name="Code_Parcelle">SCAAB-TIA-256-P1</SimpleData>
		<SimpleData name="Section">TIASSALE</SimpleData>
		<SimpleData name="Localite">TIASSALE</SimpleData>
		<SimpleData name="Sous-Prefecture">TIASSALE</SimpleData>
		<SimpleData name="Region ">AGNEBY-TIASSA</SimpleData>
		<SimpleData name="Nom">KOUASSI</SimpleData>
		<SimpleData name="Prenoms">KOUAKOU SIMEON</SimpleData>
		<SimpleData name="Genre">Homme</SimpleData>
		<SimpleData name="Programme">Mondelez</SimpleData>
		<SimpleData name="Departement"></SimpleData>
		<SimpleData name="Statut">Candidat</SimpleData>
	</SchemaData>
    </ExtendedData>
      <MultiGeometry>
        <Polygon>
            <outerBoundaryIs>
                <LinearRing>
                    <coordinates>-4.823539517819881, 5.898227145147528, 0,-4.823538176715374, 5.898231814163951, 0,-4.823538176715374, 5.898231814163951, 0,-4.823538176715374, 5.898231814163951, 0,-4.823531471192837, 5.898251824233871, 0,-4.823535159230232, 5.898250490229227, 0</coordinates>
                </LinearRing>
            </outerBoundaryIs>
        </Polygon>
    </MultiGeometry>
  </Placemark><Placemark>
	<Style><LineStyle><color>ff0000ff</color></LineStyle><PolyStyle><fill>0</fill></PolyStyle></Style>
	<ExtendedData><SchemaData schemaUrl="#programmeband_1">
		<SimpleData name="N°">4</SimpleData>
		<SimpleData name="Cooperative">COOP CA SCAAB</SimpleData>
		<SimpleData name="Code_CCC">COOP CA SCAAB</SimpleData>
		<SimpleData name="Code_Producteur">SCAAB-TIA-255</SimpleData>
		<SimpleData name="Code_Parcelle">SCAAB-TIA-255-P1</SimpleData>
		<SimpleData name="Section">TIASSALE</SimpleData>
		<SimpleData name="Localite">TIASSALE</SimpleData>
		<SimpleData name="Sous-Prefecture">TIASSALE</SimpleData>
		<SimpleData name="Region ">AGNEBY-TIASSA</SimpleData>
		<SimpleData name="Nom">KOUASSI</SimpleData>
		<SimpleData name="Prenoms">KOUADIO MODESTE</SimpleData>
		<SimpleData name="Genre">Homme</SimpleData>
		<SimpleData name="Programme">Mondelez</SimpleData>
		<SimpleData name="Departement"></SimpleData>
		<SimpleData name="Statut">Candidat</SimpleData>
	</SchemaData>
    </ExtendedData>
      <MultiGeometry>
        <Polygon>
            <outerBoundaryIs>
                <LinearRing>
                    <coordinates>-4.879526607692242, 5.843801760437913, 0,-4.879526607692242, 5.843801760437913, 0,-4.879543371498585, 5.843811432916619, 0,-4.879552088677883, 5.843816769456524, 0,-4.8795658349990845, 5.843832445542194, 0,-4.87957488745451, 5.843848455161132, 0,-4.879620149731636, 5.843886144470605, 0,-4.8796271905303, 5.843900486419562, 0,-4.879634901881218, 5.843906490025991, 0,-4.879641942679882, 5.843913827767098, 0,-4.879647642374039, 5.843918497238659, 0,-4.879661053419113, 5.843924167311209, 0,-4.87967848777771, 5.843931171518424, 0,-4.879696257412434, 5.843942845196881, 0,-4.8797230795025826, 5.843966859620397, 0,-4.879729449748993, 5.843976865629904, 0,-4.879744537174702, 5.84399020697562, 0,-4.879759959876537, 5.843998545316532, 0,-4.879767000675201, 5.844005549522793, 0,-4.879780746996403, 5.844018557334198, 0,-4.879784435033798, 5.8440262286074525, 0,-4.879786446690559, 5.844031898678922, 0,-4.879789799451828, 5.844036901683115, 0,-4.879800863564014, 5.84404223822087, 0,-4.87980455160141, 5.844047574758561, 0,-4.879808574914932, 5.844051910695416, 0,-4.879814274609089, 5.844057914300217, 0,-4.87982265651226, 5.844073590379131, 0,-4.879836738109589, 5.8441149485426624, 0,-4.879850819706917, 5.844125955150181, 0,-4.879868924617767, 5.844142631827846, 0,-4.879889041185379, 5.844173316913425, 0,-4.879904463887215, 5.844179654050464, 0,-4.8799145221710205, 5.844171982779295, 0,-4.879930280148983, 5.8441679803769295, 0,-4.879940338432789, 5.844170315111654, 0,-4.879949055612087, 5.844173983980471, 0,-4.879968836903572, 5.844179654050464, 0,-4.879991300404072, 5.844192661857823, 0,-4.880000352859497, 5.844198665461122, 0,-4.880007393658161, 5.844205336131366, 0,-4.880043603479862, 5.844230684677613, 0,-4.880084842443466, 5.84423201881159, 0,-4.880100265145302, 5.844230684677613, 0,-4.880143515765667, 5.844255699689218, 0,-4.880149215459824, 5.844257700890101, 0,-4.880156591534615, 5.844262036825315, 0,-4.880165979266167, 5.844265705693546, 0,-4.8801857605576515, 5.844271042229126, 0,-4.880207218229771, 5.844282382367051, 0,-4.8802172765135765, 5.84428871950283, 0,-4.880227334797382, 5.844296057238936, 0,-4.880236387252808, 5.844303061441482, 0,-4.880242757499218, 5.844309065043598, 0,-4.880257844924927, 5.844325741715779, 0,-4.880264885723591, 5.844334080051705, 0,-4.88026924431324, 5.844341084253767, 0,-4.880277626216412, 5.8443547591242275, 0,-4.880284331738949, 5.844361096259205, 0,-4.880305789411068, 5.844377439396438, 0,-4.880315512418747, 5.844379774130298, 0,-4.880325235426426, 5.844382775930949, 0,-4.880335293710232, 5.844387445398604, 0,-4.88034401088953, 5.8443937825332, 0,-4.880408048629761, 5.844426135271917, 0,-4.880440905690193, 5.844459155075478, 0,-4.880510978400707, 5.844482835943513, 0,-4.880528748035431, 5.844494843143802, 0,-4.880583398044109, 5.844488172476993, 0,-4.880643747746944, 5.844487838943661, 0,-4.880655147135258, 5.844487838943661, 0,-4.88068800419569, 5.844485504210247, 0,-4.880694039165974, 5.844485170676915, 0,-4.880712144076824, 5.8444928419437705, 0,-4.8807235434651375, 5.84449751141051, 0,-4.880746342241764, 5.844507183877181, 0,-4.880763776600361, 5.8445181904769905, 0,-4.880773164331913, 5.84452652881004, 0,-4.880788251757622, 5.844535867742896, 0,-4.880792610347271, 5.844542871942451, 0,-4.880798310041428, 5.844548875541998, 0,-4.880813732743263, 5.844563217473971, 0,-4.88081943243742, 5.844569554606582, 0,-4.880826473236084, 5.844582228871589, 0,-4.880838543176651, 5.844632592395548, 0,-4.880839213728905, 5.844641931326636, 0,-4.8808429017663, 5.84467294991808, 0,-4.880848601460457, 5.844689960112652, 0,-4.880932420492172, 5.84474499309157, 0,-4.880959242582321, 5.844758667952159, 0,-4.880964942276478, 5.844769007480672, 0,-4.880991764366627, 5.844799358998761, 0,-4.881002493202686, 5.844815035056913, 0,-4.881015568971634, 5.84483104464776, 0,-4.881030321121216, 5.84484705423815, 0,-4.8810457438230515, 5.844862063228722, 0,-4.881063848733902, 5.844886744679018, 0,-4.881067872047424, 5.8448937488741715, 0,-4.881078265607357, 5.844908090797302, 0,-4.881092682480812, 5.84495111656452, 0,-4.8811255395412445, 5.844973463279519, 0,-4.881149008870125, 5.844970461482023, 0,-4.881166443228722, 5.844971795614245, 0,-4.881173484027386, 5.844976465076989, 0,-4.881188236176968, 5.8449884722667065, 0,-4.881199635565281, 5.84500414831954, 0,-4.881213381886482, 5.845016155508659, 0,-4.8812539502978325, 5.845032165093769, 0,-4.881261996924877, 5.845038168688048, 0,-4.881291836500168, 5.845062183064582, 0,-4.881304241716862, 5.845076191450411, 0,-4.8813216760754585, 5.84508452977514, 0,-4.881337434053421, 5.845100539358291, 0,-4.881364926695824, 5.845121218402495, 0,-4.881369285285473, 5.845125554331017, 0,-4.8813726380467415, 5.8451292231936, 0,-4.881391748785973, 5.845147233973155, 0,-4.88144975155592, 5.845174917207271, 0,-4.881454110145569, 5.845175250740209, 0,-4.8814574629068375, 5.845180587267111, 0,-4.881460480391979, 5.845180253734174, 0,-4.88146685063839, 5.845170581279119, 0,-4.881523177027702, 5.845132892056144, 0,-4.881538935005665, 5.845122552534347, 0,-4.881563410162926, 5.845092534566767, 0,-4.881582856178284, 5.845079526780323, 0,-4.8816002905368805, 5.845072189054496, 0,-4.8816197365522385, 5.845058180668564, 0,-4.8816365003585815, 5.845045839947335, 0,-4.881647899746895, 5.845037168089006, 0,-4.881651923060417, 5.845029163296591, 0,-4.881672039628029, 5.844992141130167, 0,-4.881670363247395, 5.844973796812559, 0,-4.881671369075775, 5.844965124953123, 0,-4.881671704351902, 5.844957787225807, 0,-4.881705567240715, 5.844916429124538, 0,-4.88173071295023, 5.844884743480373, 0,-4.881759881973267, 5.844873403354661, 0,-4.881776310503483, 5.844865065026777, 0,-4.881795085966587, 5.844853057834427, 0,-4.8818038031458855, 5.844846053638764, 0,-4.881818890571594, 5.844839382976141, 0,-4.881858453154564, 5.844820705120392, 0,-4.8818594589829445, 5.8448093649933694, 0,-4.881881587207317, 5.844776345210469, 0,-4.881887957453728, 5.84477334341193, 0,-4.881888292729855, 5.8447723428124165, 0,-4.881883934140205, 5.844769007480672, 0,-4.881889969110489, 5.844760002084877, 0,-4.88188561052084, 5.8447509966889415, 0,-4.881859123706818, 5.844713640970916, 0,-4.881853424012661, 5.84470730383992, 0,-4.881848394870758, 5.844701633775308, 0,-4.881838671863079, 5.8446869583136545, 0,-4.881833642721176, 5.844679287049445, 0,-4.881817549467087, 5.844665945720153, 0,-4.881804473698139, 5.8446522708573125, 0,-4.881795085966587, 5.844633259462061, 0,-4.881773293018341, 5.844610245666937, 0,-4.88176591694355, 5.844604909134589, 0,-4.881757199764252, 5.844593235469935, 0,-4.88171461969614, 5.844532865943071, 0,-4.881666339933872, 5.8444584880087636, 0,-4.881659299135208, 5.844432805939464, 0,-4.8816197365522385, 5.844397117867171, 0,-4.88160565495491, 5.844384110064571, 0,-4.881592243909836, 5.844367766927515, 0,-4.8815590515732765, 5.844349756122884, 0,-4.88154262304306, 5.844339750120056, 0,-4.8815275356173515, 5.844324741115478, 0,-4.881520494818687, 5.844318070446633, 0,-4.881515130400658, 5.844312400378065, 0,-4.881508760154247, 5.844303728508375, 0,-4.881502389907837, 5.8442937225047205, 0,-4.8814960196614265, 5.844283382967442, 0,-4.88147858530283, 5.844263704492701, 0,-4.8814671859145164, 5.844253698488334, 0,-4.881434664130211, 5.844226682275643, 0,-4.881424605846405, 5.844215342136598, 0,-4.881412871181965, 5.844196997793546, 0,-4.881393760442734, 5.844175651648124, 0,-4.881382025778294, 5.844167646843394, 0,-4.881361909210682, 5.844142298294297, 0,-4.881338439881802, 5.844116282676921, 0,-4.881282113492489, 5.844013554329851, 0,-4.881271384656429, 5.844004882455531, 0,-4.88124456256628, 5.843961856615593, 0,-4.881202317774296, 5.843918497238659, 0,-4.881167784333229, 5.8438594617739055, 0,-4.881163090467453, 5.843850456363466, 0,-4.881141297519207, 5.843796423897881, 0,-4.881097376346588, 5.843757733981045, 0,-4.88107156008482, 5.843733052480954, 0,-4.881060495972633, 5.843714041054482, 0,-4.881039373576641, 5.843686357748116, 0,-4.881008863449097, 5.843659007974218, 0,-4.880942143499851, 5.843577959246146, 0,-4.880938120186329, 5.843568286763407, 0,-4.880919009447098, 5.843535600441208, 0,-4.880902245640755, 5.843512920134889, 0,-4.880893528461456, 5.843499912311729, 0,-4.880874082446098, 5.843457553500887, 0,-4.880872070789337, 5.843447547482105, 0,-4.88087173551321, 5.843437541463146, 0,-4.880863018333912, 5.8434158617548, 0,-4.880843907594681, 5.843397183851559, 0,-4.880793951451778, 5.843332478253329, 0,-4.880775511264801, 5.843311132074944, 0,-4.880724884569645, 5.8432824481464705, 0,-4.880712144076824, 5.8432754439311525, 0,-4.880700409412384, 5.843267439113535, 0,-4.8806896805763245, 5.843259767829898, 0,-4.880671575665474, 5.843243424660033, 0,-4.880661517381668, 5.843238421648753, 0,-4.8806387186050415, 5.843226747955588, 0,-4.880617596209049, 5.843211738921163, 0,-4.8805830627679825, 5.843165044144841, 0,-4.8805733397603035, 5.843156372257378, 0,-4.880553223192692, 5.843138027879619, 0,-4.8805344477295876, 5.84312235177451, 0,-4.880524724721909, 5.84311568109134, 0,-4.880470745265484, 5.843059313815486, 0,-4.8804546520113945, 5.843042637105571, 0,-4.8804472759366035, 5.8430366334898665, 0,-4.880443252623081, 5.8430289622030624, 0,-4.880439564585686, 5.843019289710832, 0,-4.880434535443783, 5.843012952560676, 0,-4.880409389734268, 5.842993941109739, 0,-4.880382567644119, 5.842975263192415, 0,-4.880376867949963, 5.842969259575986, 0,-4.880376867949963, 5.842969259575986, 0,-4.88037183880806, 5.842962588891022, 0,-4.880367144942284, 5.842955918205957, 0,-4.880362451076508, 5.842951248726369, 0,-4.880357086658478, 5.842946579246728, 0,-4.880334623157978, 5.842917228231032, 0,-4.8802997544407845, 5.842871200498754, 0,-4.8802997544407845, 5.842871200498754, 0,-4.880292043089867, 5.842860860935191, 0,-4.880282320082188, 5.842852856111644, 0,-4.880272261798382, 5.842844851287984, 0,-4.880272261798382, 5.842844851287984, 0,-4.880264550447464, 5.842836512929896, 0,-4.880255162715912, 5.842829175174669, 0,-4.880244433879852, 5.842818835610329, 0,-4.8802350461483, 5.84280983018316, 0,-4.88022867590189, 5.842801158290201, 0,-4.880222305655479, 5.842794154068865, 0,-4.880215600132942, 5.842786149244377, 0,-4.880215600132942, 5.842786149244377, 0,-4.880201183259487, 5.842768805457582, 0,-4.88018374890089, 5.842751461670253, 0,-4.880165308713913, 5.842733117279212, 0,-4.880155250430107, 5.84272344478188, 0,-4.880147874355316, 5.842714439353197, 0,-4.880126751959324, 5.842687756600647, 0,-4.879994317889214, 5.842580358508769, 0,-4.879983589053154, 5.842572020146738, 0,-4.879976883530617, 5.842566016525983, 0,-4.879957437515259, 5.8425520080773445, 0,-4.879949055612087, 5.842543669714893, 0,-4.879930950701237, 5.842531996007251, 0,-4.879911839962006, 5.842521989971931, 0,-4.879900775849819, 5.8425193216958204, 0,-4.879889376461506, 5.842514318678066, 0,-4.879852160811424, 5.842500643762644, 0,-4.8798370733857155, 5.842494640141152, 0,-4.87981092184782, 5.842486635312376, 0,-4.879728779196739, 5.842448612374129, 0,-4.879728779196739, 5.842448612374129, 0,-4.879708997905254, 5.84243860633732, 0,-4.8796892166137695, 5.842426265558345, 0,-4.879656359553337, 5.842401583999579, 0,-4.879622831940651, 5.842384240200876, 0,-4.879511520266533, 5.8423295405245215, 0,-4.8794639110565186, 5.842303858357553, 0,-4.87943172454834, 5.842295186456758, 0,-4.879392832517624, 5.842279176793394, 0,-4.8793750628829, 5.842269837822893, 0,-4.879358969628811, 5.842245156257219, 0,-4.879332818090916, 5.84222647831492, 0,-4.879248663783073, 5.842160104907756, 0,-4.879231229424477, 5.842141760497352, 0,-4.87922016531229, 5.842121414877833, 0,-4.87920843064785, 5.842112409439456, 0,-4.8791055008769035, 5.842151766539466, 0,-4.879094772040844, 5.8421617725814015, 0,-4.879038110375404, 5.842208467441398, 0,-4.879007264971733, 5.842237818494243, 0,-4.878988154232502, 5.842258497644206, 0,-4.878981448709965, 5.84226783661491, 0,-4.878975413739681, 5.842275507912147, 0,-4.878964014351368, 5.84229885533789, 0,-4.878957644104958, 5.842309528446477, 0,-4.878940545022488, 5.842326538712865, 0,-4.878921769559383, 5.8423398800979065, 0,-4.878895618021488, 5.8423632275209645, 0,-4.878890588879585, 5.842375234766723, 0,-4.8788634315133095, 5.8424162595211415, 0,-4.878855049610138, 5.842425932023779, 0,-4.878848008811474, 5.842436938664503, 0,-4.878831245005131, 5.842454282461577, 0,-4.87881314009428, 5.842474628068997, 0,-4.878804758191109, 5.842485634708766, 0,-4.878763183951378, 5.842543336180391, 0,-4.878740385174751, 5.842555009887804, 0,-4.878718927502632, 5.842564682388036, 0,-4.87870953977108, 5.842570352474314, 0,-4.878690764307976, 5.84257869083637, 0,-4.87863477319479, 5.842602705318396, 0,-4.878610633313656, 5.842616713765775, 0,-4.878584146499634, 5.842625052127145, 0,-4.878526479005814, 5.8426237179893254, 0,-4.87849798053503, 5.842623050920421, 0,-4.878470152616501, 5.84263105574725, 0,-4.87845104187727, 5.842653736089294, 0,-4.87846277654171, 5.842668745138679, 0,-4.878467135131359, 5.842672747551769, 0,-4.878469482064247, 5.842690758410369, 0,-4.878471828997135, 5.842701765045889, 0,-4.8784879222512245, 5.842727447194601, 0,-4.878532849252224, 5.842760800632726, 0,-4.878588169813156, 5.842793820534515, 0,-4.878672324120998, 5.842910891079706, 0,-4.878803417086601, 5.843046305981779, 0,-4.878818839788437, 5.843058646747091, 0,-4.878893606364727, 5.843123352376974, 0,-4.878929145634174, 5.8431720483615335, 0,-4.879034757614136, 5.843276110999293, 0,-4.879067614674568, 5.843309130870677, 0,-4.879135340452194, 5.843370501131539, 0,-4.879200384020805, 5.843409191075143, 0,-4.879228211939335, 5.843437207929178, 0,-4.879235588014126, 5.843445546278334, 0,-4.879259057343006, 5.843460221772531, 0,-4.879288896918297, 5.8434708948589815, 0,-4.879322089254856, 5.843513920736654, 0,-4.8793261125683784, 5.84353526690729, 0,-4.879348240792751, 5.843555278941532, 0,-4.879357293248177, 5.843581628118869, 0,-4.879353269934654, 5.8435953030078664, 0,-4.8793696984648705, 5.843616982709266, 0,-4.879405237734318, 5.843666345718569, 0,-4.879407584667206, 5.843669681056878, 0,-4.879419654607773, 5.843675017598119, 0,-4.879438430070877, 5.843680354139321, 0,-4.879470616579056, 5.8437147081220875, 0,-4.879482351243496, 5.84372771594026, 0,-4.879499450325966, 5.843748728568965, 0</coordinates>
                </LinearRing>
            </outerBoundaryIs>
        </Polygon>
    </MultiGeometry>
  </Placemark><Placemark>
	<Style><LineStyle><color>ff0000ff</color></LineStyle><PolyStyle><fill>0</fill></PolyStyle></Style>
	<ExtendedData><SchemaData schemaUrl="#programmeband_1">
		<SimpleData name="N°">5</SimpleData>
		<SimpleData name="Cooperative">COOP CA SCAAB</SimpleData>
		<SimpleData name="Code_CCC">COOP CA SCAAB</SimpleData>
		<SimpleData name="Code_Producteur">SCAAB-TIA-254</SimpleData>
		<SimpleData name="Code_Parcelle">SCAAB-TIA-254-P1</SimpleData>
		<SimpleData name="Section">TIASSALE</SimpleData>
		<SimpleData name="Localite">TIASSALE</SimpleData>
		<SimpleData name="Sous-Prefecture">TIASSALE</SimpleData>
		<SimpleData name="Region ">AGNEBY-TIASSA</SimpleData>
		<SimpleData name="Nom">KOUASSI</SimpleData>
		<SimpleData name="Prenoms">KOFFI ALAIN</SimpleData>
		<SimpleData name="Genre">Homme</SimpleData>
		<SimpleData name="Programme">Mondelez</SimpleData>
		<SimpleData name="Departement"></SimpleData>
		<SimpleData name="Statut">Candidat</SimpleData>
	</SchemaData>
    </ExtendedData>
      <MultiGeometry>
        <Polygon>
            <outerBoundaryIs>
                <LinearRing>
                    <coordinates>-4.909961633384228, 5.975481623127636, 0,-4.909961633384228, 5.975481623127636, 0,-4.909961633384228, 5.975481623127636, 0,-4.909961633384228, 5.975481623127636, 0,-4.909961633384228, 5.975481623127636, 0,-4.9099720269441605, 5.975490959851202, 0,-4.9099720269441605, 5.975490959851202, 0,-4.90998812019825, 5.975487958761506, 0,-4.90998812019825, 5.975487958761506, 0,-4.909994825720787, 5.975481623127636, 0,-4.909994825720787, 5.975481623127636, 0,-4.910013601183891, 5.975463950043333, 0,-4.910013601183891, 5.975463950043333, 0,-4.910013601183891, 5.975463950043333, 0,-4.910026676952839, 5.975458281318053, 0,-4.910037741065025, 5.97545161222941, 0,-4.910037741065025, 5.97545161222941, 0,-4.910050816833973, 5.975443275868495, 0,-4.910060539841652, 5.975437607142999, 0,-4.910060539841652, 5.975437607142999, 0,-4.910073280334473, 5.975433605689673, 0,-4.910083003342152, 5.9754306045996595, 0,-4.910083003342152, 5.9754306045996595, 0,-4.9100930616259575, 5.97542827041853, 0,-4.910104461014271, 5.975426603146283, 0,-4.910120889544487, 5.975427270055192, 0,-4.910127595067024, 5.975428937327426, 0,-4.910127595067024, 5.975428937327426, 0,-4.9101343005895615, 5.975429604236322, 0,-4.9101343005895615, 5.975429604236322, 0,-4.910143688321114, 5.97542827041853, 0,-4.910143688321114, 5.97542827041853, 0,-4.9101413413882256, 5.975432605326348, 0,-4.9101413413882256, 5.975436940234116, 0,-4.910143688321114, 5.975446610412874, 0,-4.910143688321114, 5.975446610412874, 0,-4.910145029425621, 5.975452946047139, 0,-4.910147711634636, 5.975460615499043, 0,-4.910147711634636, 5.975460615499043, 0,-4.9101510643959045, 5.975467284587585, 0,-4.910157769918442, 5.975483290399717, 0,-4.910157769918442, 5.975483290399717, 0,-4.910159781575203, 5.975492960577661, 0,-4.910159781575203, 5.975492960577661, 0,-4.910161457955837, 5.975500630029005, 0,-4.910163134336472, 5.975509966752241, 0,-4.910163134336472, 5.975509966752241, 0,-4.910173192620277, 5.97553064092456, 0,-4.910173192620277, 5.97553064092456, 0,-4.910176880657673, 5.975533975468404, 0,-4.910184256732464, 5.9755346423771725, 0,-4.910184256732464, 5.9755346423771725, 0,-4.910193979740143, 5.9755286401982275, 0,-4.910203032195568, 5.975517636203357, 0,-4.9102261662483215, 5.975514635113801, 0,-4.910235218703747, 5.975513301296212, 0,-4.910242594778538, 5.975512967841822, 0,-4.91025198251009, 5.9755143016593975, 0,-4.9102583527565, 5.97551630238578, 0,-4.910264723002911, 5.975515302022583, 0,-4.910264723002911, 5.975515302022583, 0,-4.910279810428619, 5.975512967841822, 0,-4.9102915450930595, 5.975517302748953, 0,-4.910295903682709, 5.975520970747278, 0,-4.910307303071022, 5.9755286401982275, 0,-4.910310655832291, 5.975531974742097, 0,-4.910316355526447, 5.975534975831551, 0,-4.910321719944477, 5.975540644556042, 0,-4.910329431295395, 5.975549647824212, 0,-4.910333454608917, 5.9755529823679545, 0,-4.91033848375082, 5.975553649276698, 0,-4.910344518721104, 5.9755529823679545, 0,-4.910343512892723, 5.97554998127859, 0,-4.910343512892723, 5.97554998127859, 0,-4.910339489579201, 5.975529307107009, 0,-4.910338148474693, 5.975522638019231, 0,-4.910338148474693, 5.975522638019231, 0,-4.910333454608917, 5.975510300206644, 0,-4.9103304371237755, 5.975501630392216, 0,-4.910329766571522, 5.975492960577661, 0,-4.910329766571522, 5.975485958035034, 0,-4.910329766571522, 5.975485958035034, 0,-4.910330101847649, 5.975467951496429, 0,-4.910331442952156, 5.97545928168134, 0,-4.910331442952156, 5.97545928168134, 0,-4.91033311933279, 5.975451945683839, 0,-4.910333454608917, 5.975446276958432, 0,-4.910332448780537, 5.975443275868495, 0,-4.910335801541805, 5.975440274778546, 0,-4.91033848375082, 5.975434939507453, 0,-4.91033848375082, 5.975434939507453, 0,-4.9103401601314545, 5.9754262696918286, 0,-4.910341501235962, 5.9754165995127275, 0,-4.910347871482372, 5.975399259880767, 0,-4.910347871482372, 5.975399259880767, 0,-4.9103522300720215, 5.975390923519063, 0,-4.9103619530797005, 5.975383254066179, 0,-4.9103619530797005, 5.975383254066179, 0,-4.910371340811253, 5.975379919521406, 0,-4.91037905216217, 5.97537591806766, 0,-4.910394139587879, 5.975364580615218, 0,-4.910402186214924, 5.975356577707472, 0,-4.910410568118095, 5.97535057552658, 0,-4.910414591431618, 5.975341905709633, 0,-4.910414591431618, 5.975337570801102, 0,-4.910413920879364, 5.975331235165514, 0,-4.910411238670349, 5.9753248995298245, 0,-4.910411238670349, 5.9753248995298245, 0,-4.910403527319431, 5.975310894440182, 0,-4.910402186214924, 5.9753048922587935, 0,-4.910402186214924, 5.9753048922587935, 0,-4.910408891737461, 5.975293554804888, 0,-4.910408891737461, 5.975293554804888, 0,-4.910416267812252, 5.97528388462342, 0,-4.910425990819931, 5.975270546441822, 0,-4.910425990819931, 5.975270546441822, 0,-4.910435043275356, 5.975264210805432, 0,-4.91044208407402, 5.97525320680523, 0,-4.91044208407402, 5.97525320680523, 0,-4.910443760454655, 5.975246537714094, 0,-4.910447113215923, 5.975242202804813, 0,-4.910448119044304, 5.975242202804813, 0,-4.910452477633953, 5.975240868986575, 0,-4.910452477633953, 5.975240868986575, 0,-4.910463206470013, 5.97523286607701, 0,-4.910463206470013, 5.97523286607701, 0,-4.910467565059662, 5.9752265304402, 0,-4.91046991199255, 5.975218527530445, 0,-4.910469241440296, 5.975212525348026, 0,-4.910469241440296, 5.975212525348026, 0,-4.910466223955154, 5.975206856620151, 0,-4.910448454320431, 5.975185182071823, 0,-4.9104440957307816, 5.975177846070658, 0,-4.910440072417259, 5.9751708435239985, 0,-4.910435378551483, 5.975162840613416, 0,-4.910431355237961, 5.975154837702719, 0,-4.910431355237961, 5.975154837702719, 0,-4.9104296788573265, 5.975146167882667, 0,-4.9104296788573265, 5.975146167882667, 0,-4.910428002476692, 5.975136497698604, 0,-4.910428002476692, 5.975136497698604, 0,-4.910425320267677, 5.975116490420678, 0,-4.910425320267677, 5.975116490420678, 0,-4.910420961678028, 5.975108487509306, 0,-4.910418279469013, 5.975100484597821, 0,-4.910418279469013, 5.975100484597821, 0,-4.910414256155491, 5.97509214823155, 0,-4.910406544804573, 5.975084145319822, 0,-4.910400845110416, 5.975073141316007, 0,-4.910400845110416, 5.975073141316007, 0,-4.9103958159685135, 5.975062804221317, 0,-4.9103958159685135, 5.975062804221317, 0,-4.910390786826611, 5.975052800581095, 0,-4.910386428236961, 5.975042463486011, 0,-4.910386428236961, 5.975042463486011, 0,-4.9103740230202675, 5.975020788931169, 0,-4.910370334982872, 5.975010785290196, 0,-4.910366982221603, 5.975001782013159, 0,-4.910362958908081, 5.974993445645386, 0,-4.910362958908081, 5.974993445645386, 0,-4.910355918109417, 5.974985109277499, 0,-4.910351224243641, 5.974978106728371, 0,-4.910347536206245, 5.974968769996066, 0,-4.910347536206245, 5.974968769996066, 0,-4.910343512892723, 5.974960100173063, 0,-4.910340830683708, 5.9749517638046665, 0,-4.910339489579201, 5.974943093981397, 0,-4.910336472094059, 5.974934757612747, 0,-4.910336472094059, 5.974934757612747, 0,-4.910329766571522, 5.9749277550629705, 0,-4.910323731601238, 5.974918751784559, 0,-4.910323731601238, 5.974918751784559, 0,-4.910317361354828, 5.974897410679591, 0,-4.9103133380413055, 5.974887407036354, 0,-4.9103109911084175, 5.974876403028582, 0,-4.9103109911084175, 5.974876403028582, 0,-4.910302944481373, 5.9748547284671885, 0,-4.910302944481373, 5.9748547284671885, 0,-4.910300932824612, 5.974844057913554, 0,-4.910299256443977, 5.974835054633768, 0,-4.9102965742349625, 5.9748253844441965, 0,-4.9102965742349625, 5.9748253844441965, 0,-4.910294562578201, 5.974815380799648, 0,-4.910293221473694, 5.974804043335603, 0,-4.910288192331791, 5.974792705871316, 0,-4.91028618067503, 5.974781034951952, 0,-4.91028618067503, 5.974781034951952, 0,-4.910283833742142, 5.974770364396892, 0,-4.910283833742142, 5.974770364396892, 0,-4.91027008742094, 5.974752357834763, 0,-4.910261370241642, 5.974745021827784, 0,-4.910261370241642, 5.974745021827784, 0,-4.910253994166851, 5.974728349084314, 0,-4.910246953368187, 5.974718345437985, 0,-4.910246953368187, 5.974718345437985, 0,-4.910245947539806, 5.974715344344053, 0,-4.910243935883045, 5.97471100943056, 0,-4.910243600606918, 5.974703673423047, 0,-4.910241588950157, 5.974696670870307, 0,-4.910241588950157, 5.974696670870307, 0,-4.910236224532127, 5.974689001407702, 0,-4.910231530666351, 5.974686000313605, 0,-4.910226836800575, 5.974680331580272, 0,-4.910226836800575, 5.974680331580272, 0,-4.910224489867687, 5.974672662117439, 0,-4.91022851318121, 5.974665659564304, 0,-4.91022851318121, 5.974665659564304, 0,-4.91023488342762, 5.9746586570110924, 0,-4.910237900912762, 5.974650654093029, 0,-4.910237565636635, 5.974642317719914, 0,-4.910237565636635, 5.974642317719914, 0,-4.910236224532127, 5.974633647891758, 0,-4.910233207046986, 5.974625644973326, 0,-4.910222478210926, 5.974616975144878, 0,-4.910219460725784, 5.974614974415238, 0,-4.910219460725784, 5.974614974415238, 0,-4.910214431583881, 5.974605971131674, 0,-4.910214431583881, 5.974605971131674, 0,-4.910209737718105, 5.974601969672268, 0,-4.910209737718105, 5.974595967483118, 0,-4.910207726061344, 5.974587631109176, 0,-4.910207726061344, 5.974587631109176, 0,-4.910205714404583, 5.974578294370204, 0,-4.910202696919441, 5.974566956901247, 0,-4.910198338329792, 5.9745576201619315, 0,-4.910198338329792, 5.9745576201619315, 0,-4.910193309187889, 5.974548950332415, 0,-4.910193309187889, 5.974548950332415, 0,-4.910191968083382, 5.9745389466828165, 0,-4.910187944769859, 5.974527609213046, 0,-4.910185262560844, 5.974514604468002, 0,-4.910185262560844, 5.974514604468002, 0,-4.910184927284718, 5.974502266632693, 0,-4.910184927284718, 5.974491262617174, 0,-4.910184927284718, 5.974491262617174, 0,-4.910184927284718, 5.974480592056477, 0,-4.910186603665352, 5.9744715887707125, 0,-4.910185262560844, 5.974462918939835, 0,-4.910185262560844, 5.974455916384028, 0,-4.910175204277039, 5.974431574165524, 0,-4.910171180963516, 5.974425571974505, 0,-4.9101584404706955, 5.974413234137186, 0,-4.910149052739143, 5.974393893742979, 0,-4.910134635865688, 5.974372219162464, 0,-4.910128600895405, 5.9743612151443495, 0,-4.910128600895405, 5.9743612151443495, 0,-4.910121224820614, 5.974340540927859, 0,-4.910121224820614, 5.974340540927859, 0,-4.910118542611599, 5.9743088626914345, 0,-4.910118542611599, 5.9743088626914345, 0,-4.91010244935751, 5.974294857575788, 0,-4.9100930616259575, 5.974287855017831, 0,-4.910086691379547, 5.974283520100954, 0,-4.910086691379547, 5.974283520100954, 0,-4.910082332789898, 5.974276517542857, 0,-4.910079650580883, 5.974268181164055, 0,-4.910077638924122, 5.974257510598995, 0,-4.91007462143898, 5.974246173123386, 0,-4.910075627267361, 5.97423450219238, 0,-4.910077638924122, 5.9742228312611205, 0,-4.910076633095741, 5.974213494515939, 0,-4.910079315304756, 5.9742061585017465, 0,-4.9100809916853905, 5.974200823218632, 0,-4.910080656409264, 5.974194154114671, 0,-4.910073950886726, 5.974186818100237, 0,-4.910067580640316, 5.974177814809638, 0,-4.910063557326794, 5.974166477332387, 0,-4.910063557326794, 5.974166477332387, 0,-4.910046122968197, 5.9741264627049215, 0,-4.910046122968197, 5.9741264627049215, 0,-4.910043776035309, 5.974115792137089, 0,-4.910043776035309, 5.974115792137089, 0,-4.910040087997913, 5.9741044546585655, 0,-4.910036399960518, 5.974095451366618, 0,-4.910032041370869, 5.974084447342918, 0,-4.910024330019951, 5.974074443684834, 0,-4.910018630325794, 5.97406544039239, 0,-4.910009242594242, 5.974034429050625, 0,-4.910002537071705, 5.974026759578734, 0,-4.909998178482056, 5.974007752626195, 0,-4.909998178482056, 5.974007752626195, 0,-4.909997172653675, 5.973999749698616, 0,-4.909995496273041, 5.973991746770922, 0,-4.909990802407265, 5.973988412217689, 0,-4.9099864438176155, 5.973984410753765, 0,-4.9099817499518394, 5.973979742379164, 0,-4.909969009459019, 5.973961735791019, 0,-4.909969009459019, 5.973961735791019, 0,-4.9099669978022575, 5.973944062657634, 0,-4.9099669978022575, 5.973944062657634, 0,-4.909965991973877, 5.973936059729126, 0,-4.909965991973877, 5.973926389523677, 0,-4.909968003630638, 5.973903047647773, 0,-4.9099669978022575, 5.973887041789434, 0,-4.9099669978022575, 5.973887041789434, 0,-4.909966662526131, 5.973878705404689, 0,-4.909961633384228, 5.973871702841428, 0,-4.909961633384228, 5.973871702841428, 0,-4.909953586757183, 5.97386503373346, 0,-4.909947216510773, 5.973856363892977, 0,-4.909947216510773, 5.973856363892977, 0,-4.90994218736887, 5.973846360230707, 0,-4.909939169883728, 5.973823685262248, 0,-4.909939169883728, 5.973823685262248, 0,-4.90993682295084, 5.973812681233091, 0,-4.909932464361191, 5.97380367793636, 0,-4.909932464361191, 5.97380367793636, 0,-4.909927435219288, 5.973796341916671, 0,-4.90991972386837, 5.973790673174127, 0,-4.90991972386837, 5.973790673174127, 0,-4.909911006689072, 5.973787005164213, 0,-4.909895919263363, 5.973773666946127, 0,-4.909891560673714, 5.9737636632823685, 0,-4.909890219569206, 5.973741321765948, 0,-4.909890219569206, 5.973741321765948, 0,-4.909888207912445, 5.9737286504577245, 0,-4.909884184598923, 5.973715645693711, 0,-4.909866414964199, 5.973687301976221, 0,-4.909859038889408, 5.97367929904396, 0,-4.909859038889408, 5.97367929904396, 0,-4.909851662814617, 5.973672296478128, 0,-4.909835569560528, 5.973661959356988, 0,-4.909827187657356, 5.97365762443515, 0,-4.909817799925804, 5.973646620402673, 0,-4.909817799925804, 5.973646620402673, 0,-4.909815452992916, 5.973638950925336, 0,-4.909815452992916, 5.973638950925336, 0,-4.909805059432983, 5.9736202774148985, 0,-4.909789636731148, 5.973601270448251, 0,-4.909789636731148, 5.973601270448251, 0,-4.9097782373428345, 5.973598269348187, 0,-4.9097782373428345, 5.973598269348187, 0,-4.909770525991917, 5.973591266781325, 0,-4.909763149917126, 5.97358293039209, 0,-4.909756109118462, 5.973574260547141, 0,-4.909748397767544, 5.973563589968558, 0,-4.909740351140499, 5.973557921223597, 0,-4.909740351140499, 5.973557921223597, 0,-4.909730963408947, 5.973551585567399, 0,-4.909730963408947, 5.973551585567399, 0,-4.909723252058029, 5.973549584833854, 0,-4.90970715880394, 5.973542915721967, 0,-4.90970715880394, 5.973542915721967, 0,-4.909700118005276, 5.973540248077184, 0,-4.909693077206612, 5.973535913154392, 0,-4.909685365855694, 5.97352924404234, 0,-4.909685030579567, 5.9735135716286845, 0,-4.909684024751186, 5.973504568327029, 0,-4.909684024751186, 5.973504568327029, 0,-4.909681007266045, 5.973498232670208, 0,-4.909681007266045, 5.973498232670208, 0,-4.9096739664673805, 5.9734915635576975, 0,-4.9096739664673805, 5.9734915635576975, 0,-4.909667931497097, 5.973484227533824, 0,-4.909661561250687, 5.973473556953498, 0,-4.9096572026610374, 5.973462219461667, 0,-4.909656867384911, 5.9734482143243675, 0,-4.909657873213291, 5.973438877565968, 0,-4.909657873213291, 5.973430541174405, 0,-4.909653849899769, 5.973419870593036, 0,-4.909653849899769, 5.973419870593036, 0,-4.90964412689209, 5.973401197075105, 0,-4.909630045294762, 5.973387525391941, 0,-4.909630045294762, 5.973387525391941, 0,-4.909626021981239, 5.973380522822394, 0,-4.909616634249687, 5.97337018569572, 0,-4.90958645939827, 5.973327836819977, 0,-4.909561984241009, 5.973311497489079, 0,-4.909551590681076, 5.973299826538151, 0,-4.909551590681076, 5.973299826538151, 0,-4.909547567367554, 5.973296491980694, 0,-4.909541197121143, 5.973296825436446, 0,-4.909533150494099, 5.973297825803689, 0,-4.909508004784584, 5.973314165134969, 0,-4.909498281776905, 5.973317166236598, 0,-4.909498281776905, 5.973317166236598, 0,-4.909479841589928, 5.97332283498404, 0,-4.909468442201614, 5.973326502997058, 0,-4.909455366432667, 5.973332171744423, 0,-4.909455366432667, 5.973332171744423, 0,-4.909432902932167, 5.973341841960356, 0,-4.909423179924488, 5.973346176884688, 0,-4.90941546857357, 5.973349844897541, 0,-4.909395016729832, 5.973356514011781, 0,-4.909395016729832, 5.973356514011781, 0,-4.909382611513138, 5.973359848568882, 0,-4.909382611513138, 5.973359848568882, 0,-4.909358471632004, 5.973360848936011, 0,-4.909332655370235, 5.973361515847413, 0,-4.909320920705795, 5.973364850404476, 0,-4.909298121929169, 5.973367518050111, 0,-4.909287057816982, 5.973369852240032, 0,-4.9092575535178185, 5.973385524657798, 0,-4.9092575535178185, 5.973385524657798, 0,-4.909234084188938, 5.973406532366005, 0,-4.909234084188938, 5.973406532366005, 0,-4.909234084188938, 5.973406532366005, 0,-4.909228049218655, 5.973414535302261, 0,-4.909228049218655, 5.973414535302261, 0,-4.909222684800625, 5.9734218713270515, 0,-4.909222684800625, 5.9734218713270515, 0,-4.909190833568573, 5.973456884171313, 0,-4.909180775284767, 5.973462552917304, 0,-4.909180775284767, 5.973462552917304, 0,-4.909166693687439, 5.973475891142961, 0,-4.909158647060394, 5.973481559888774, 0,-4.909158647060394, 5.973481559888774, 0,-4.909149259328842, 5.973487895545774, 0,-4.909140542149544, 5.973494564658334, 0,-4.909140542149544, 5.973494564658334, 0,-4.90913350135088, 5.973501233770818, 0,-4.909125454723835, 5.973507902883214, 0,-4.909125454723835, 5.973507902883214, 0,-4.909115731716156, 5.973511904350611, 0,-4.90910466760397, 5.973516239273606, 0,-4.909094274044037, 5.973522241474587, 0,-4.909094274044037, 5.973522241474587, 0,-4.9090855568647385, 5.973526909853093, 0,-4.9090855568647385, 5.973526909853093, 0,-4.9090758338570595, 5.973534245876395, 0,-4.9090684577822685, 5.973538914254787, 0,-4.909060075879097, 5.973544916455538, 0,-4.909040965139866, 5.973557921223597, 0,-4.909040965139866, 5.973557921223597, 0,-4.909030571579933, 5.973565924157639, 0,-4.909019507467747, 5.973574260547141, 0,-4.909011796116829, 5.973582596936516, 0,-4.909011796116829, 5.973582596936516, 0,-4.909004755318165, 5.973591266781325, 0,-4.908996038138866, 5.973602270814922, 0,-4.908996038138866, 5.973602270814922, 0,-4.908988997340202, 5.973614942126084, 0,-4.9089836329221725, 5.973626946525844, 0,-4.9089836329221725, 5.973626946525844, 0,-4.908977933228016, 5.973648954591398, 0,-4.90897323936224, 5.9736549567909405, 0,-4.90896787494421, 5.973660958990419, 0,-4.908960498869419, 5.973669962289504, 0,-4.908960498869419, 5.973669962289504, 0,-4.908952452242374, 5.973678298677416, 0,-4.908952452242374, 5.973678298677416, 0,-4.908944070339203, 5.973685634698669, 0,-4.9089353531599045, 5.973691970353328, 0,-4.908926971256733, 5.973698306007898, 0,-4.908917248249054, 5.973706975850875, 0,-4.908917248249054, 5.973706975850875, 0,-4.908907189965248, 5.973715312238226, 0,-4.908898808062077, 5.973722981714468, 0,-4.908898808062077, 5.973722981714468, 0,-4.908889755606651, 5.973731318101591, 0,-4.908889755606651, 5.973731318101591, 0,-4.908856563270092, 5.973752992707475, 0,-4.908856563270092, 5.973752992707475, 0,-4.908845499157906, 5.973755326895741, 0,-4.908845499157906, 5.973755326895741, 0,-4.90883644670248, 5.973758661450413, 0,-4.90883644670248, 5.973758661450413, 0,-4.90883644670248, 5.973758661450413, 0,-4.908827729523182, 5.9737619960050585, 0,-4.908817000687122, 5.973766664381516, 0,-4.908793866634369, 5.973777334956143, 0,-4.908771738409996, 5.9737833371542735, 0,-4.908771738409996, 5.9737833371542735, 0,-4.908760339021683, 5.9737850044315195, 0,-4.908760339021683, 5.9737850044315195, 0,-4.9087489396333694, 5.97378267024338, 0,-4.9087489396333694, 5.97378267024338, 0,-4.908737204968929, 5.973780336055214, 0,-4.908737204968929, 5.973780336055214, 0,-4.908737204968929, 5.973780336055214, 0,-4.908727817237377, 5.973778335322496, 0,-4.908689260482788, 5.973793340817676, 0,-4.9086869135499, 5.973791340085021, 0,-4.90864634513855, 5.973793007362242, 0,-4.908635951578617, 5.973796008461237, 0,-4.908625558018684, 5.973799343015641, 0,-4.90860041230917, 5.973817016153696, 0,-4.90860041230917, 5.973817016153696, 0,-4.908568561077118, 5.973840358033275, 0,-4.908512905240059, 5.973877705038515, 0,-4.908449873328209, 5.973924055336135, 0,-4.908449873328209, 5.973924055336135, 0,-4.908410646021366, 5.973946396845087, 0,-4.908410646021366, 5.973946396845087, 0,-4.9083999171853065, 5.973951732130684, 0,-4.908384494483471, 5.9739727398171745, 0,-4.908384494483471, 5.9739727398171745, 0,-4.908384829759598, 5.973980409289816, 0,-4.908385165035725, 5.973988412217689, 0,-4.908386841416359, 5.9739977489667115, 0,-4.908392541110516, 5.974032094863541, 0,-4.9084170162677765, 5.97407544405064, 0,-4.908418357372284, 5.974087448440311, 0,-4.908420033752918, 5.974090116082421, 0,-4.90842841565609, 5.97409711864291, 0,-4.908436127007008, 5.974106455390088, 0,-4.908441826701164, 5.974110123397865, 0,-4.908441826701164, 5.974110123397865, 0,-4.908456914126873, 5.974111123763607, 0,-4.908456914126873, 5.974111123763607, 0,-4.908464960753918, 5.974110456853109, 0,-4.908464960753918, 5.974110456853109, 0,-4.908474683761597, 5.974112457584606, 0,-4.908483400940895, 5.974113457950348, 0,-4.908483400940895, 5.974113457950348, 0,-4.908500835299492, 5.974122461242003, 0,-4.908500835299492, 5.974122461242003, 0,-4.9085065349936485, 5.974128796891598, 0,-4.90852128714323, 5.974142802011482, 0,-4.90852128714323, 5.974142802011482, 0,-4.9085283279418945, 5.974145136198095, 0,-4.9085383862257, 5.974146803474247, 0,-4.9085383862257, 5.974146803474247, 0,-4.908562861382961, 5.974148137295156, 0,-4.9085695669054985, 5.97413346526494, 0,-4.9085695669054985, 5.974129463802072, 0,-4.908572249114513, 5.974116125592332, 0,-4.908572249114513, 5.974116125592332, 0,-4.908574931323528, 5.974110456853109, 0,-4.908575601875782, 5.974094117545569, 0,-4.908577613532543, 5.974087448440311, 0,-4.908580966293812, 5.9740821131560375, 0,-4.908585324883461, 5.974074777140102, 0,-4.908591695129871, 5.974069108400434, 0,-4.908591695129871, 5.974069108400434, 0,-4.908600747585297, 5.974062772750151, 0,-4.908610470592976, 5.974058771286788, 0,-4.908621869981289, 5.9740554367339485, 0,-4.908633939921856, 5.974051101815228, 0,-4.908633939921856, 5.974051101815228, 0,-4.9086470156908035, 5.974045099620036, 0,-4.9086470156908035, 5.974045099620036, 0,-4.9086567386984825, 5.97403843051418, 0,-4.9086567386984825, 5.97403843051418, 0,-4.908672831952572, 5.974032428318835, 0,-4.908680208027363, 5.974028760310549, 0,-4.908701665699482, 5.974021757749183, 0,-4.908701665699482, 5.974021757749183, 0,-4.908708371222019, 5.974018756651435, 0,-4.9087174236774445, 5.974018089740821, 0,-4.908732511103153, 5.974021090838569, 0,-4.908732511103153, 5.974021090838569, 0,-4.9087415635585785, 5.974025759212839, 0,-4.9087415635585785, 5.974025759212839, 0,-4.908745586872101, 5.974031761408247, 0,-4.908753298223019, 5.974041098156532, 0,-4.908753298223019, 5.974041098156532, 0,-4.908768720924854, 5.974063439660714, 0,-4.908776096999645, 5.974071109132083, 0,-4.908782131969929, 5.974080445879707, 0,-4.908786155283451, 5.974088115350835, 0,-4.908786155283451, 5.974088115350835, 0,-4.908804260194302, 5.9741144583161025, 0,-4.908804260194302, 5.9741144583161025, 0,-4.908830411732197, 5.974130464167789, 0,-4.908840134739876, 5.974133131809697, 0,-4.90886963903904, 5.974134132175401, 0,-4.90886963903904, 5.974134132175401, 0,-4.908883385360241, 5.974139134003933, 0,-4.90889947861433, 5.974149137660835, 0,-4.908907860517502, 5.97415313912355, 0,-4.908907860517502, 5.97415313912355, 0,-4.908916242420673, 5.974156473675791, 0,-4.908916242420673, 5.974156473675791, 0,-4.908926971256733, 5.974158140951905, 0,-4.908947087824345, 5.9741648100562985, 0,-4.908958487212658, 5.974169811884551, 0,-4.908976256847382, 5.974179148630471, 0,-4.908985644578934, 5.974181816272136, 0,-4.90899570286274, 5.974183150092969, 0,-4.909006766974926, 5.974185150824212, 0,-4.909006766974926, 5.974185150824212, 0,-4.909021854400635, 5.974191486473082, 0,-4.909021854400635, 5.974191486473082, 0,-4.909029901027679, 5.974193487204274, 0,-4.909029901027679, 5.974193487204274, 0,-4.909040629863739, 5.974195154480286, 0,-4.909040629863739, 5.974195154480286, 0,-4.909080192446709, 5.974228166544006, 0,-4.909080192446709, 5.974228166544006, 0,-4.909080862998962, 5.974228166544006, 0,-4.909080862998962, 5.974228166544006, 0,-4.909080862998962, 5.974228166544006, 0,-4.909081533551216, 5.974227166178481, 0,-4.909082539379597, 5.974228166544006, 0,-4.90908320993185, 5.974228166544006, 0,-4.90908320993185, 5.974228166544006, 0,-4.90908320993185, 5.974228166544006, 0,-4.909079857170582, 5.974244505847551, 0,-4.909077845513821, 5.974255843323187, 0,-4.9090734869241714, 5.974266513888272, 0,-4.9090734869241714, 5.974266513888272, 0,-4.909069128334522, 5.974286854652407, 0,-4.909067787230015, 5.974294857575788, 0,-4.9090684577822685, 5.974302193588785, 0,-4.909069798886776, 5.974307862326036, 0,-4.909072816371918, 5.974314531428609, 0,-4.909076169133186, 5.974319866710605, 0,-4.909076169133186, 5.974319866710605, 0,-4.909081868827343, 5.974328536543747, 0,-4.909081868827343, 5.974328536543747, 0,-4.909088239073753, 5.974336872921634, 0,-4.909092597663403, 5.974346543119819, 0,-4.909092597663403, 5.974346543119819, 0,-4.909102655947208, 5.974365216605512, 0,-4.909102655947208, 5.974365216605512, 0,-4.909111708402634, 5.974372219162464, 0,-4.909111708402634, 5.974372219162464, 0,-4.909119755029678, 5.974374553348097, 0,-4.909119755029678, 5.974374553348097, 0,-4.909126795828342, 5.974380888994779, 0,-4.909126795828342, 5.974380888994779, 0,-4.909133166074753, 5.97439022573711, 0,-4.909133166074753, 5.97439022573711, 0,-4.909138530492783, 5.974399229024211, 0,-4.909138530492783, 5.974399229024211, 0,-4.909143224358559, 5.9744105664966405, 0,-4.909147247672081, 5.974420903603658, 0,-4.909147247672081, 5.974420903603658, 0,-4.909165017306805, 5.974467587310326, 0,-4.909165017306805, 5.974467587310326, 0,-4.909165687859058, 5.974469921495553, 0,-4.909165687859058, 5.974469921495553, 0,-4.909169375896454, 5.974477590961236, 0,-4.909175746142864, 5.974478257871289, 0,-4.909175746142864, 5.974478257871289, 0,-4.909182786941528, 5.974477924416262, 0,-4.909199550747871, 5.974480258601438, 0,-4.909204579889774, 5.974482926241641, 0,-4.909210950136185, 5.9744872611569395, 0,-4.909214973449707, 5.974492262982229, 0,-4.909227043390274, 5.974508268822885, 0,-4.909227043390274, 5.974508268822885, 0,-4.909231401979923, 5.974515604833019, 0,-4.909234419465065, 5.974523941208055, 0,-4.909234419465065, 5.974523941208055, 0,-4.9092404544353485, 5.97453727940786, 0,-4.9092404544353485, 5.97453727940786, 0,-4.90924347192049, 5.974542281232703, 0,-4.909245483577251, 5.97454828342245, 0,-4.909245483577251, 5.97454828342245, 0,-4.909253530204296, 5.974569957995993, 0,-4.909253530204296, 5.974569957995993, 0,-4.909253530204296, 5.974569957995993, 0,-4.909256547689438, 5.974578961280143, 0,-4.909256547689438, 5.974578961280143, 0,-4.909258559346199, 5.97458963183893, 0,-4.909258559346199, 5.97458963183893, 0,-4.909258559346199, 5.97458963183893, 0,-4.909261241555214, 5.974602303127231, 0,-4.909263253211975, 5.974635982076272, 0,-4.909263253211975, 5.974635982076272, 0,-4.9092645943164825, 5.974644651904402, 0,-4.9092645943164825, 5.974644651904402, 0,-4.909268952906132, 5.974651987912717, 0,-4.909272640943527, 5.97466232501518, 0,-4.9092743173241615, 5.9746856668587185, 0,-4.9092743173241615, 5.9746856668587185, 0,-4.909272640943527, 5.974694670140947, 0,-4.909269288182259, 5.974700672329027, 0,-4.9092645943164825, 5.974709342156139, 0,-4.909263253211975, 5.974720012712382, 0,-4.909263253211975, 5.974720012712382, 0,-4.9092645943164825, 5.9747303498135595, 0,-4.909264929592609, 5.974741020369396, 0,-4.909263253211975, 5.974750357105594, 0,-4.909263253211975, 5.974750357105594, 0,-4.909258894622326, 5.974760360751339, 0,-4.909249842166901, 5.974776033129296, 0,-4.909249842166901, 5.974776033129296, 0,-4.909246489405632, 5.9747867036842415, 0,-4.909246489405632, 5.9747867036842415, 0,-4.909244142472744, 5.97479704078416, 0,-4.909244142472744, 5.97479704078416, 0,-4.909243807196617, 5.974807377883875, 0,-4.909243807196617, 5.974807377883875, 0,-4.90924347192049, 5.9748187153478565, 0,-4.90924347192049, 5.9748187153478565, 0,-4.90924347192049, 5.974829052447164, 0,-4.909240789711475, 5.974840389910687, 0,-4.909240789711475, 5.974840389910687, 0,-4.909240119159222, 5.974852060828793, 0,-4.909240119159222, 5.974852060828793, 0,-4.909237772226334, 5.9748613975630835, 0,-4.9092260375618935, 5.9749017455916205, 0,-4.909224696457386, 5.974906080503587, 0,-4.909224696457386, 5.974906080503587, 0,-4.909224361181259, 5.974911749234579, 0,-4.909224361181259, 5.974911749234579, 0,-4.909224696457386, 5.974919418694078, 0,-4.909219332039356, 5.974957765989935, 0,-4.9092186614871025, 5.974966769267698, 0,-4.909216649830341, 5.974980774366144, 0,-4.909216649830341, 5.974989110734107, 0,-4.909216649830341, 5.974989110734107, 0,-4.909216649830341, 5.974989110734107, 0,-4.909217990934849, 5.974998447466057, 0,-4.909217990934849, 5.974998447466057, 0,-4.9092210084199905, 5.975008451107272, 0,-4.909228049218655, 5.975026457660991, 0,-4.909229055047035, 5.9750341271188745, 0,-4.909229055047035, 5.9750341271188745, 0,-4.909230060875416, 5.975042463486011, 0,-4.909230060875416, 5.975042463486011, 0,-4.909231401979923, 5.975049466034312, 0,-4.909240789711475, 5.975076809317309, 0,-4.909244142472744, 5.975087813321047, 0,-4.909244142472744, 5.975087813321047, 0,-4.909255877137184, 5.975107820600016, 0,-4.909266270697117, 5.97512282605876, 0,-4.909266270697117, 5.97512282605876, 0,-4.909272976219654, 5.975124826786581, 0,-4.909272976219654, 5.975124826786581, 0,-4.909290745854378, 5.97512649405973, 0,-4.909290745854378, 5.97512649405973, 0,-4.909299463033676, 5.97512916169679, 0,-4.909299463033676, 5.97512916169679, 0,-4.909308850765228, 5.975132162788445, 0,-4.909326620399952, 5.975140832608712, 0,-4.909333661198616, 5.9751401656994725, 0,-4.909333661198616, 5.9751401656994725, 0,-4.909341372549534, 5.975137164607856, 0,-4.909341372549534, 5.975137164607856, 0,-4.909341372549534, 5.975137164607856, 0,-4.9093517661094666, 5.975135497334719, 0,-4.909362159669399, 5.9751341635162145, 0,-4.90938127040863, 5.9751318293338125, 0,-4.90938127040863, 5.9751318293338125, 0,-4.909389652311802, 5.975130162060675, 0,-4.909389652311802, 5.975130162060675, 0,-4.909401386976242, 5.9751318293338125, 0,-4.909407757222652, 5.975139165335601, 0,-4.909408427774906, 5.975138164971729, 0,-4.909423179924488, 5.975140499154093, 0,-4.909423179924488, 5.975140499154093, 0,-4.909439608454704, 5.975144167154949, 0,-4.909439608454704, 5.975144167154949, 0,-4.9094463139772415, 5.975146167882667, 0,-4.9094463139772415, 5.975146167882667, 0,-4.90944966673851, 5.9751505027927125, 0,-4.909451678395271, 5.975156504975792, 0,-4.909451678395271, 5.975156504975792, 0,-4.909460730850697, 5.975172844251616, 0,-4.9094657599925995, 5.975178846434454, 0,-4.909469783306122, 5.975185515526418, 0,-4.909471794962883, 5.975192184618292, 0,-4.909471794962883, 5.975192184618292, 0,-4.909474812448025, 5.975200187528455, 0,-4.909474812448025, 5.975200187528455, 0,-4.909479171037674, 5.975207190074733, 0,-4.909479171037674, 5.975207190074733, 0,-4.909493923187256, 5.9752385348046175, 0,-4.909493923187256, 5.9752385348046175, 0,-4.9095019698143005, 5.975247871532331, 0,-4.9095019698143005, 5.975247871532331, 0,-4.909529462456703, 5.975291554077704, 0,-4.909532144665718, 5.975299556986391, 0,-4.909532144665718, 5.975299556986391, 0,-4.90953616797924, 5.975307893349494, 0,-4.909541197121143, 5.975315229348929, 0,-4.909543544054031, 5.975324232620814, 0,-4.909543544054031, 5.975324232620814, 0,-4.909548237919807, 5.975333902801557, 0,-4.909548237919807, 5.975333902801557, 0,-4.909560643136501, 5.97534924170861, 0,-4.9095673486590385, 5.975356244252979, 0,-4.9095673486590385, 5.975356244252979, 0,-4.909576736390591, 5.975359912252385, 0,-4.909576736390591, 5.975359912252385, 0,-4.9095844477415085, 5.975360579161357, 0,-4.90959282964468, 5.975360245706878, 0,-4.909602552652359, 5.975359912252385, 0,-4.909602552652359, 5.975359912252385, 0,-4.909611269831657, 5.9753582449799225, 0,-4.909620992839336, 5.975356577707472, 0,-4.909620992839336, 5.975356577707472, 0,-4.909632056951523, 5.975354910435009, 0,-4.9096424505114555, 5.975353576617039, 0,-4.9096424505114555, 5.975353576617039, 0,-4.9096504971385, 5.975353243162546, 0,-4.9096504971385, 5.975353243162546, 0,-4.909658543765545, 5.975355910798487, 0,-4.909688383340836, 5.975371249704916, 0,-4.909688383340836, 5.975371249704916, 0,-4.909698106348515, 5.975374917704221, 0,-4.90970816463232, 5.975375584613181, 0,-4.909715875983238, 5.975374917704221, 0,-4.909715875983238, 5.975374917704221, 0,-4.909722916781902, 5.975373250431821, 0,-4.909722916781902, 5.975373250431821, 0,-4.909731633961201, 5.975371916613889, 0,-4.909731633961201, 5.975371916613889, 0,-4.9097393453121185, 5.975373250431821, 0,-4.909749738872051, 5.975373583886288, 0,-4.909759797155857, 5.975373583886288, 0,-4.909759797155857, 5.975373583886288, 0,-4.909769855439663, 5.975370582795944, 0,-4.909769855439663, 5.975370582795944, 0,-4.909779578447342, 5.975366914796615, 0,-4.909779578447342, 5.975366914796615, 0,-4.909789301455021, 5.975361912979316, 0,-4.909789301455021, 5.975361912979316, 0,-4.909800365567207, 5.975355577344007, 0,-4.909809082746506, 5.975347240981616, 0,-4.9098218232393265, 5.9753462406181255, 0,-4.909832552075386, 5.975352242799069, 0,-4.909832552075386, 5.975352242799069, 0,-4.9098412692546844, 5.975362246433808, 0,-4.9098412692546844, 5.975362246433808, 0,-4.909852333366871, 5.975369248978025, 0,-4.909852333366871, 5.975369248978025, 0,-4.9098630622029305, 5.97537725188558, 0,-4.9098630622029305, 5.97537725188558, 0,-4.909874126315117, 5.975386922065394, 0,-4.90988451987505, 5.9753959253360955, 0,-4.90988451987505, 5.9753959253360955, 0,-4.90988451987505, 5.9753959253360955, 0,-4.909894242882729, 5.975403594788814, 0,-4.909894242882729, 5.975403594788814, 0,-4.909894242882729, 5.975403594788814, 0,-4.909900948405266, 5.9754105973324965, 0,-4.909906312823296, 5.975415932603806, 0,-4.9099136888980865, 5.975421934783972, 0,-4.9099136888980865, 5.975421934783972, 0,-4.909923747181892, 5.975429937690777, 0,-4.909956939518452, 5.975472619858346, 0</coordinates>
                </LinearRing>
            </outerBoundaryIs>
        </Polygon>
    </MultiGeometry>
  </Placemark><Placemark>
	<Style><LineStyle><color>ff0000ff</color></LineStyle><PolyStyle><fill>0</fill></PolyStyle></Style>
	<ExtendedData><SchemaData schemaUrl="#programmeband_1">
		<SimpleData name="N°">6</SimpleData>
		<SimpleData name="Cooperative">COOP CA SCAAB</SimpleData>
		<SimpleData name="Code_CCC">COOP CA SCAAB</SimpleData>
		<SimpleData name="Code_Producteur">SCAAB-TIA-253</SimpleData>
		<SimpleData name="Code_Parcelle">SCAAB-TIA-253-P1</SimpleData>
		<SimpleData name="Section">TIASSALE</SimpleData>
		<SimpleData name="Localite">TIASSALE</SimpleData>
		<SimpleData name="Sous-Prefecture">TIASSALE</SimpleData>
		<SimpleData name="Region ">AGNEBY-TIASSA</SimpleData>
		<SimpleData name="Nom">KOUASSI</SimpleData>
		<SimpleData name="Prenoms">JOEL KONAN</SimpleData>
		<SimpleData name="Genre">Homme</SimpleData>
		<SimpleData name="Programme">Mondelez</SimpleData>
		<SimpleData name="Departement"></SimpleData>
		<SimpleData name="Statut">Candidat</SimpleData>
	</SchemaData>
    </ExtendedData>
      <MultiGeometry>
        <Polygon>
            <outerBoundaryIs>
                <LinearRing>
                    <coordinates>-4.910450130701065, 5.983833258681154, 0,-4.910450130701065, 5.983833258681154, 0,-4.910450130701065, 5.983833258681154, 0,-4.910450130701065, 5.983833258681154, 0,-4.910450130701065, 5.983833258681154, 0,-4.910450130701065, 5.983833258681154, 0,-4.9104199558496475, 5.983837926971673, 0,-4.91040151566267, 5.983847263552597, 0,-4.910391122102737, 5.983851264944374, 0,-4.910381063818932, 5.983857267031985, 0,-4.910381063818932, 5.983857267031985, 0,-4.910369664430618, 5.983861268423685, 0,-4.910360611975193, 5.983867270511196, 0,-4.910350553691387, 5.983874272946523, 0,-4.910339154303074, 5.9838839429761395, 0,-4.9103230610489845, 5.983899948541982, 0,-4.9103230610489845, 5.983899948541982, 0,-4.910316690802574, 5.983904950281218, 0,-4.910302944481373, 5.983908618223298, 0,-4.910302944481373, 5.983908618223298, 0,-4.910285174846649, 5.983909952020416, 0,-4.910267740488052, 5.983904950281218, 0,-4.910259358584881, 5.983900615440561, 0,-4.910259358584881, 5.983900615440561, 0,-4.910251311957836, 5.983896280599852, 0,-4.91024125367403, 5.983887944367635, 0,-4.91024125367403, 5.983887944367635, 0,-4.910232201218605, 5.983882942628246, 0,-4.91021141409874, 5.983855933234753, 0,-4.91021141409874, 5.983855933234753, 0,-4.910209737718105, 5.9838442625087405, 0,-4.910209737718105, 5.9838442625087405, 0,-4.910209737718105, 5.983836259725062, 0,-4.910208396613598, 5.98383025763722, 0,-4.910205714404583, 5.983825589346624, 0,-4.910199344158173, 5.983814252069316, 0,-4.91019532084465, 5.983809250329253, 0,-4.9101899564266205, 5.983803248241119, 0,-4.9101899564266205, 5.983803248241119, 0,-4.910184256732464, 5.983796579254215, 0,-4.9101772159338, 5.9837919109633395, 0,-4.910171516239643, 5.983784908526956, 0,-4.910171516239643, 5.983784908526956, 0,-4.910163469612598, 5.983778239539837, 0,-4.910163469612598, 5.983778239539837, 0,-4.910155422985554, 5.983772904350078, 0,-4.910155422985554, 5.983772904350078, 0,-4.9101510643959045, 5.983764901565343, 0,-4.910147711634636, 5.983757232229859, 0,-4.91014301776886, 5.9837515635905305, 0,-4.91014301776886, 5.9837515635905305, 0,-4.910128265619278, 5.983739559412927, 0,-4.910121895372868, 5.983729222481998, 0,-4.910121895372868, 5.983729222481998, 0,-4.910114519298077, 5.983717218303897, 0,-4.910092055797577, 5.983691542699851, 0,-4.910092055797577, 5.983691542699851, 0,-4.910082332789898, 5.983683873363336, 0,-4.910082332789898, 5.983683873363336, 0,-4.9100736156105995, 5.983675537127888, 0,-4.9100736156105995, 5.983675537127888, 0,-4.910066239535809, 5.983666867442871, 0,-4.910066239535809, 5.983666867442871, 0,-4.910058192908764, 5.983660531903742, 0,-4.910058192908764, 5.983660531903742, 0,-4.9100420996546745, 5.98364519322976, 0,-4.910033717751503, 5.983638524240923, 0,-4.910033717751503, 5.983638524240923, 0,-4.910022988915443, 5.983629854555333, 0,-4.910013936460018, 5.983619851071785, 0,-4.910013936460018, 5.983619851071785, 0,-4.910004213452339, 5.983611181385889, 0,-4.910004213452339, 5.983611181385889, 0,-4.909992814064026, 5.98360417894719, 0,-4.909992814064026, 5.98360417894719, 0,-4.909984767436981, 5.9835978434073365, 0,-4.909984767436981, 5.9835978434073365, 0,-4.90997739136219, 5.983589507170565, 0,-4.90997102111578, 5.983582171282106, 0,-4.90997102111578, 5.983582171282106, 0,-4.909964315593243, 5.983575502292519, 0,-4.909964315593243, 5.983575502292519, 0,-4.909956604242325, 5.983569500201814, 0,-4.909945540130138, 5.983564831908993, 0,-4.909945540130138, 5.983564831908993, 0,-4.909935146570206, 5.983560163616132, 0,-4.909935146570206, 5.983560163616132, 0,-4.9099250882864, 5.983554161525262, 0,-4.909916371107101, 5.983547159085826, 0,-4.909916371107101, 5.983547159085826, 0,-4.909907653927803, 5.983541823893814, 0,-4.909907653927803, 5.983541823893814, 0,-4.9098969250917435, 5.983537822499774, 0,-4.909887872636318, 5.983533154206685, 0,-4.90987915545702, 5.983528152464052, 0,-4.90987915545702, 5.983528152464052, 0,-4.909862726926804, 5.983520816574766, 0,-4.909832887351513, 5.9835068116949515, 0,-4.909832887351513, 5.9835068116949515, 0,-4.909823164343834, 5.9835018099520765, 0,-4.909823164343834, 5.9835018099520765, 0,-4.909813106060028, 5.983499475805385, 0,-4.909801706671715, 5.983497808557731, 0,-4.909791313111782, 5.983499142355854, 0,-4.909791313111782, 5.983499142355854, 0,-4.909781254827976, 5.983499142355854, 0,-4.909781254827976, 5.983499142355854, 0,-4.909772537648678, 5.9834974751082, 0,-4.909772537648678, 5.9834974751082, 0,-4.909772537648678, 5.9834974751082, 0,-4.909765496850014, 5.9834898057689765, 0,-4.909765496850014, 5.9834898057689765, 0,-4.909757450222969, 5.98348513747548, 0,-4.909757450222969, 5.98348513747548, 0,-4.9097467213869095, 5.983482469879181, 0,-4.9097467213869095, 5.983482469879181, 0,-4.909736663103104, 5.983481136081033, 0,-4.909736663103104, 5.983481136081033, 0,-4.909726604819298, 5.983476134337916, 0,-4.909726604819298, 5.983476134337916, 0,-4.909726604819298, 5.983476134337916, 0,-4.90971889346838, 5.983469798796574, 0,-4.90971889346838, 5.983469798796574, 0,-4.909708499908447, 5.9834644636037995, 0,-4.909695088863373, 5.9834604622092, 0,-4.909695088863373, 5.9834604622092, 0,-4.909685030579567, 5.9834544601172235, 0,-4.909685030579567, 5.9834544601172235, 0,-4.909677319228649, 5.983447791126084, 0,-4.909677319228649, 5.983447791126084, 0,-4.909668266773224, 5.983441122134842, 0,-4.909668266773224, 5.983441122134842, 0,-4.9096595495939255, 5.9834357869418, 0,-4.9096595495939255, 5.9834357869418, 0,-4.909650832414627, 5.983430785198264, 0,-4.909650832414627, 5.983430785198264, 0,-4.909650832414627, 5.983430785198264, 0,-4.909641444683075, 5.983425450005121, 0,-4.9096327275037766, 5.983422115509379, 0,-4.9096327275037766, 5.983422115509379, 0,-4.909621998667717, 5.9834161134169825, 0,-4.909621998667717, 5.9834161134169825, 0,-4.909611940383911, 5.983410444774117, 0,-4.909611940383911, 5.983410444774117, 0,-4.909604229032993, 5.983406109929528, 0,-4.909597188234329, 5.983401441635319, 0,-4.909597188234329, 5.983401441635319, 0,-4.9095891416072845, 5.983396439891478, 0,-4.909572713077068, 5.983390771248397, 0,-4.909572713077068, 5.983390771248397, 0,-4.909568354487419, 5.983387770202046, 0,-4.909568354487419, 5.983387770202046, 0,-4.909556955099106, 5.983382768458064, 0,-4.909548237919807, 5.98337476566763, 0,-4.909539520740509, 5.983369097024332, 0,-4.909539520740509, 5.983369097024332, 0,-4.909532144665718, 5.983364428729805, 0,-4.909532144665718, 5.983364428729805, 0,-4.909521751105785, 5.98335942698562, 0,-4.909521751105785, 5.98335942698562, 0,-4.909510351717472, 5.983355425590244, 0,-4.90949023514986, 5.98334408830319, 0,-4.90949023514986, 5.98334408830319, 0,-4.909480847418308, 5.98333741931069, 0,-4.909480847418308, 5.98333741931069, 0,-4.909473471343517, 5.983329083069949, 0,-4.909473471343517, 5.983329083069949, 0,-4.909449331462383, 5.98331274403773, 0,-4.909442290663719, 5.98330807574272, 0,-4.909442290663719, 5.98330807574272, 0,-4.909442290663719, 5.98330807574272, 0,-4.909435585141182, 5.983305741595189, 0,-4.909427873790264, 5.983303740897317, 0,-4.909427873790264, 5.983303740897317, 0,-4.909415803849697, 5.983296738454674, 0,-4.909406751394272, 5.983293403958143, 0,-4.909384287893772, 5.983279065622844, 0,-4.909377917647362, 5.98327339697854, 0,-4.9093688651919365, 5.983266061085845, 0,-4.9093688651919365, 5.983266061085845, 0,-4.909362830221653, 5.983258058293694, 0,-4.909329302608967, 5.9832187112305855, 0,-4.909329302608967, 5.9832187112305855, 0,-4.909319914877415, 5.983210708437735, 0,-4.909319914877415, 5.983210708437735, 0,-4.909311197698116, 5.983203705993908, 0,-4.909299798309803, 5.983200038047097, 0,-4.9092961102724075, 5.983195703200841, 0,-4.909297116100788, 5.983189701105964, 0,-4.909298457205296, 5.98318303211158, 0,-4.909303151071072, 5.9831750293182075, 0,-4.909303151071072, 5.9831750293182075, 0,-4.909304827451706, 5.983165692725807, 0,-4.9093132093548775, 5.983151020937414, 0,-4.9093132093548775, 5.983151020937414, 0,-4.909318909049034, 5.983144018492812, 0,-4.909323267638683, 5.983134015000371, 0,-4.909323267638683, 5.983134015000371, 0,-4.909326620399952, 5.983126012206299, 0,-4.909326620399952, 5.983126012206299, 0,-4.909330978989601, 5.9831203435604055, 0,-4.909330978989601, 5.9831203435604055, 0,-4.909336008131504, 5.9831126742158895, 0,-4.909336008131504, 5.9831126742158895, 0,-4.909338690340519, 5.983103337622408, 0,-4.909340366721153, 5.9830933341292285, 0,-4.909340366721153, 5.9830933341292285, 0,-4.909343048930168, 5.983080996487374, 0,-4.909343048930168, 5.983080996487374, 0,-4.909348748624325, 5.983071326443573, 0,-4.9093544483184814, 5.983061656399594, 0,-4.9093544483184814, 5.983061656399594, 0,-4.909358136355877, 5.983053987054251, 0,-4.909361824393272, 5.983046984608415, 0,-4.909361824393272, 5.983046984608415, 0,-4.909364841878414, 5.983040315612288, 0,-4.909365847706795, 5.983033646616085, 0,-4.909365847706795, 5.983025643820536, 0,-4.909367188811302, 5.98302097552307, 0,-4.909367188811302, 5.98302097552307, 0,-4.9093688651919365, 5.983016307225567, 0,-4.909373223781586, 5.98301030512873, 0,-4.909387305378914, 5.983003636132158, 0,-4.909387305378914, 5.983003636132158, 0,-4.909396693110466, 5.982999301284337, 0,-4.909405410289764, 5.982995633336165, 0,-4.909405410289764, 5.982995633336165, 0,-4.909415133297443, 5.982989964688936, 0,-4.909415133297443, 5.982989964688936, 0,-4.909422509372234, 5.982986963640371, 0,-4.909422509372234, 5.982986963640371, 0,-4.909433238208294, 5.982983962591794, 0,-4.909439608454704, 5.982982962242272, 0,-4.909462742507458, 5.982970958047786, 0,-4.909462742507458, 5.982970958047786, 0,-4.909467101097107, 5.982965622850151, 0,-4.909467101097107, 5.982965622850151, 0,-4.909474477171898, 5.982960287652453, 0,-4.909474477171898, 5.982960287652453, 0,-4.909482523798943, 5.982956619704026, 0,-4.909499287605286, 5.982948616907345, 0,-4.909499287605286, 5.982948616907345, 0,-4.909505322575569, 5.98294294825962, 0,-4.909505322575569, 5.98294294825962, 0,-4.909510016441345, 5.982937279611844, 0,-4.909516386687756, 5.982931944413878, 0,-4.909516386687756, 5.982931944413878, 0,-4.909524098038673, 5.982927943015373, 0,-4.909524098038673, 5.982927943015373, 0,-4.9095334857702255, 5.982923608166955, 0,-4.9095334857702255, 5.982923608166955, 0,-4.9095432087779045, 5.982919940218272, 0,-4.9095432087779045, 5.982919940218272, 0,-4.909551925957203, 5.98291393812038, 0,-4.909551925957203, 5.98291393812038, 0,-4.909558966755867, 5.982908602922186, 0,-4.909558966755867, 5.982908602922186, 0,-4.909564666450024, 5.982903267723941, 0,-4.909571036696434, 5.982895931826271, 0,-4.909571036696434, 5.982895931826271, 0,-4.909575060009956, 5.982888929378412, 0,-4.909578412771225, 5.982880926580727, 0,-4.909578412771225, 5.982880926580727, 0,-4.909581765532494, 5.982872256883114, 0,-4.909581765532494, 5.982872256883114, 0,-4.909586124122143, 5.982862920285537, 0,-4.909588471055031, 5.982852916787955, 0,-4.909588471055031, 5.982852916787955, 0,-4.909591153264046, 5.982843913639972, 0,-4.909591153264046, 5.982843913639972, 0,-4.909591488540173, 5.982832909792234, 0,-4.909591488540173, 5.982832909792234, 0,-4.909592494368553, 5.98282157249434, 0,-4.909592494368553, 5.98282157249434, 0,-4.90959282964468, 5.9828099017462675, 0,-4.909597188234329, 5.982801898947424, 0,-4.909597188234329, 5.982801898947424, 0,-4.90960355848074, 5.982793562698529, 0,-4.90960355848074, 5.982793562698529, 0,-4.90960456430912, 5.982783892649639, 0,-4.90960456430912, 5.982783892649639, 0,-4.909605905413628, 5.982775222950487, 0,-4.909607917070389, 5.982767887051099, 0,-4.909607917070389, 5.982767887051099, 0,-4.9096085876226425, 5.982762218401504, 0,-4.9096109345555305, 5.9827568832018345, 0,-4.909614287316799, 5.9827485469522514, 0,-4.909616634249687, 5.98273887690256, 0,-4.909616634249687, 5.98273887690256, 0,-4.909621998667717, 5.982731541002689, 0,-4.909628704190254, 5.982727206152706, 0,-4.909635744988918, 5.98271920335268, 0,-4.909641444683075, 5.982711200552513, 0,-4.909641444683075, 5.982711200552513, 0,-4.909645467996597, 5.982701530502173, 0,-4.909648150205612, 5.982692527351697, 0,-4.909648150205612, 5.982692527351697, 0,-4.909653849899769, 5.982682857301025, 0,-4.909653849899769, 5.982682857301025, 0,-4.909656867384911, 5.98267285380015, 0,-4.909658879041672, 5.982662850299082, 0,-4.909658879041672, 5.982662850299082, 0,-4.909662902355194, 5.982652846797837, 0,-4.909662902355194, 5.982652846797837, 0,-4.909668937325478, 5.982643843646559, 0,-4.909680336713791, 5.982628838394106, 0,-4.909685701131821, 5.982610832090608, 0,-4.909685701131821, 5.982610832090608, 0,-4.909688383340836, 5.98260349618902, 0,-4.909692741930485, 5.982594159586849, 0,-4.909692741930485, 5.982594159586849, 0,-4.909694753587246, 5.982585489884682, 0,-4.909694753587246, 5.982585489884682, 0,-4.909699447453022, 5.982567150129669, 0,-4.909699447453022, 5.982567150129669, 0,-4.909701459109783, 5.982557813526875, 0,-4.909702129662037, 5.982550144174471, 0,-4.909702129662037, 5.982550144174471, 0,-4.909699112176895, 5.982543141722172, 0,-4.9096957594156265, 5.982533138218739, 0,-4.9096957594156265, 5.982533138218739, 0,-4.9096934124827385, 5.982525468865991, 0,-4.909691400825977, 5.982516465712601, 0,-4.909692071378231, 5.982507796009226, 0,-4.90969005972147, 5.982502794257203, 0,-4.9096836894750595, 5.982489789701733, 0,-4.9096813425421715, 5.982482453798529, 0,-4.9096813425421715, 5.9824727837441305, 0,-4.9096789956092834, 5.98246911579242, 0,-4.909675642848015, 5.98245977918796, 0,-4.909675642848015, 5.98245977918796, 0,-4.909672290086746, 5.982453777085004, 0,-4.909663572907448, 5.982440772528376, 0,-4.90966122597456, 5.98243643767609, 0,-4.90966122597456, 5.98243643767609, 0,-4.909657873213291, 5.982429435222341, 0,-4.909657873213291, 5.982429435222341, 0,-4.909656196832657, 5.982422766218682, 0,-4.909656196832657, 5.982422766218682, 0,-4.909653514623642, 5.98241442996401, 0,-4.909653514623642, 5.98241442996401, 0,-4.909650161862373, 5.982407427509968, 0,-4.909650161862373, 5.982407427509968, 0,-4.909649156033993, 5.982401758856645, 0,-4.909649156033993, 5.982401758856645, 0,-4.909649156033993, 5.9823964236534515, 0,-4.909651838243008, 5.98239008809959, 0,-4.909651838243008, 5.98239008809959, 0,-4.909656532108784, 5.982383419095461, 0,-4.909667260944843, 5.9823720817882435, 0,-4.909670278429985, 5.982367080034974, 0,-4.9096739664673805, 5.982364745883449, 0,-4.90967832505703, 5.982363078632346, 0,-4.909682013094425, 5.982359077229668, 0,-4.909682013094425, 5.982359077229668, 0,-4.909693747758865, 5.982350407523786, 0,-4.909698106348515, 5.9823480733721714, 0,-4.909698106348515, 5.9823480733721714, 0,-4.909702800214291, 5.982343738519161, 0,-4.909702800214291, 5.982343738519161, 0,-4.909704476594925, 5.982333735012076, 0,-4.909706488251686, 5.982328733258464, 0,-4.909706488251686, 5.982328733258464, 0,-4.909708499908447, 5.982320063552098, 0,-4.909708499908447, 5.982320063552098, 0,-4.909711182117462, 5.982314061447616, 0,-4.909713193774223, 5.982308392793313, 0,-4.909713193774223, 5.982308392793313, 0,-4.90971889346838, 5.982302390688704, 0,-4.909723922610283, 5.982297055484543, 0,-4.909723922610283, 5.982297055484543, 0,-4.909730292856693, 5.982293054081394, 0,-4.909730292856693, 5.982293054081394, 0,-4.909743703901768, 5.982286718526325, 0,-4.909743703901768, 5.982286718526325, 0,-4.909750744700432, 5.98228238367283, 0,-4.909756109118462, 5.982275047766827, 0,-4.909764491021633, 5.982260709404824, 0,-4.909767843782902, 5.982255374200268, 0,-4.909768849611282, 5.982247704843602, 0,-4.909767843782902, 5.982236034083278, 0,-4.909765832126141, 5.982232366129978, 0,-4.909765832126141, 5.982232366129978, 0,-4.909767173230648, 5.982224363322687, 0,-4.909766837954521, 5.9822206953693104, 0,-4.909766837954521, 5.9822206953693104, 0,-4.909764155745506, 5.9822130260121735, 0,-4.909759126603603, 5.982201688701431, 0,-4.9097467213869095, 5.9821723450725095, 0,-4.9097467213869095, 5.9821723450725095, 0,-4.909742698073387, 5.9821656760657085, 0,-4.909742698073387, 5.9821656760657085, 0,-4.90974135696888, 5.982159007058831, 0,-4.90974236279726, 5.982142334541295, 0,-4.90974772721529, 5.982127329275076, 0,-4.90974772721529, 5.982127329275076, 0,-4.909748397767544, 5.982119326466258, 0,-4.909747391939163, 5.982112324008438, 0,-4.909747391939163, 5.982112324008438, 0,-4.909748062491417, 5.982103320848267, 0,-4.90976482629776, 5.9820846476266745, 0,-4.909770525991917, 5.982078978970006, 0,-4.909770525991917, 5.982078978970006, 0,-4.909774549305439, 5.98207364376367, 0,-4.909774549305439, 5.98207364376367, 0,-4.909781254827976, 5.982065640954063, 0,-4.909781254827976, 5.982065640954063, 0,-4.909781254827976, 5.982065640954063, 0,-4.909784272313118, 5.982061306098813, 0,-4.909791313111782, 5.982047968082438, 0,-4.909794665873051, 5.982042299425374, 0,-4.909794665873051, 5.982042299425374, 0,-4.909797012805939, 5.982033629714467, 0,-4.909797012805939, 5.982033629714467, 0,-4.909799695014954, 5.98202596035471, 0,-4.909799695014954, 5.98202596035471, 0,-4.9097990244627, 5.982010955085285, 0,-4.909799359738827, 5.982003952626091, 0,-4.909799359738827, 5.982003952626091, 0,-4.90980438888073, 5.9819972836172415, 0,-4.909810423851013, 5.981992948761457, 0,-4.909821152687073, 5.981992281860551, 0,-4.909821152687073, 5.981992281860551, 0,-4.909829869866371, 5.98199261531101, 0,-4.909829869866371, 5.98199261531101, 0,-4.9098362401127815, 5.981993949112785, 0,-4.9098362401127815, 5.981993949112785, 0,-4.909843951463699, 5.981994949464126, 0,-4.909843951463699, 5.981994949464126, 0,-4.909853003919125, 5.981994282563232, 0,-4.909861721098423, 5.981995282914573, 0,-4.909861721098423, 5.981995282914573, 0,-4.909861721098423, 5.981995282914573, 0,-4.9098701030015945, 5.981997950518135, 0,-4.909877143800259, 5.981999617770344, 0,-4.909877143800259, 5.981999617770344, 0,-4.909881837666035, 5.982002618824328, 0,-4.909886866807938, 5.982002618824328, 0,-4.909901283681393, 5.982000284671239, 0,-4.909901283681393, 5.982000284671239, 0,-4.90990798920393, 5.981997617067688, 0,-4.90990798920393, 5.981997617067688, 0,-4.90990798920393, 5.981997617067688, 0,-4.909915030002594, 5.981996283265901, 0,-4.909922741353512, 5.981996283265901, 0,-4.909922741353512, 5.981996283265901, 0,-4.909931123256683, 5.981997950518135, 0,-4.909931123256683, 5.981997950518135, 0,-4.909939169883728, 5.9820022853738815, 0,-4.909939169883728, 5.9820022853738815, 0,-4.909946210682392, 5.982005286427841, 0,-4.909946210682392, 5.982005286427841, 0,-4.909951910376549, 5.982008287481799, 0,-4.909951910376549, 5.982008287481799, 0,-4.909956268966198, 5.982010288184417, 0,-4.909956268966198, 5.982010288184417, 0,-4.909960962831974, 5.98201428958964, 0,-4.909960962831974, 5.98201428958964, 0,-4.909968003630638, 5.9820166237426795, 0,-4.909968003630638, 5.9820166237426795, 0,-4.909972697496414, 5.982018290994825, 0,-4.909972697496414, 5.982018290994825, 0,-4.909979738295078, 5.982022292399997, 0,-4.909979738295078, 5.982022292399997, 0,-4.909987449645996, 5.982026293805131, 0,-4.909987449645996, 5.982026293805131, 0,-4.909996837377548, 5.982028627958119, 0,-4.909996837377548, 5.982028627958119, 0,-4.910006895661354, 5.982031629011925, 0,-4.910006895661354, 5.982031629011925, 0,-4.910014607012272, 5.982033296264046, 0,-4.910021647810936, 5.982034963516153, 0,-4.910021647810936, 5.982034963516153, 0,-4.910030700266361, 5.982036964218682, 0,-4.910030700266361, 5.982036964218682, 0,-4.910041764378548, 5.982039631822028, 0,-4.910041764378548, 5.982039631822028, 0,-4.910053163766861, 5.9820416325245445, 0,-4.910063557326794, 5.982044300127877, 0,-4.910063557326794, 5.982044300127877, 0,-4.910073950886726, 5.982043966677456, 0,-4.910073950886726, 5.982043966677456, 0,-4.910073950886726, 5.982043966677456, 0,-4.910084009170532, 5.982043966677456, 0,-4.9100954085588455, 5.982045967379947, 0,-4.9100954085588455, 5.982045967379947, 0,-4.9100954085588455, 5.982045967379947, 0,-4.910102114081383, 5.982047301181607, 0,-4.910102114081383, 5.982047301181607, 0,-4.910107813775539, 5.982049968784915, 0,-4.910107813775539, 5.982049968784915, 0,-4.910113848745823, 5.9820546370906635, 0,-4.910113848745823, 5.9820546370906635, 0,-4.910120218992233, 5.982058305045159, 0,-4.910120218992233, 5.982058305045159, 0,-4.9101292714476585, 5.982061639549221, 0,-4.9101292714476585, 5.982061639549221, 0,-4.9101292714476585, 5.982061639549221, 0,-4.9101389944553375, 5.9820663078548675, 0,-4.910145364701748, 5.982068308557282, 0,-4.910145364701748, 5.982068308557282, 0,-4.910145364701748, 5.982068308557282, 0,-4.910152740776539, 5.982073310313261, 0,-4.910152740776539, 5.982073310313261, 0,-4.9101607874035835, 5.982079312420402, 0,-4.9101607874035835, 5.982079312420402, 0,-4.910171516239643, 5.982085647977863, 0,-4.910171516239643, 5.982085647977863, 0,-4.910171516239643, 5.982085647977863, 0,-4.910182915627956, 5.98208831558098, 0,-4.910182915627956, 5.98208831558098, 0,-4.910195656120777, 5.982091650084851, 0,-4.910195656120777, 5.982091650084851, 0,-4.910205714404583, 5.982096318390243, 0,-4.910205714404583, 5.982096318390243, 0,-4.910214431583881, 5.98210098669561, 0,-4.910214431583881, 5.98210098669561, 0,-4.910221807658672, 5.982107322252803, 0,-4.910235553979874, 5.982117992664776, 0,-4.910235553979874, 5.982117992664776, 0,-4.910242259502411, 5.982122994420309, 0,-4.910242259502411, 5.982122994420309, 0,-4.910250306129456, 5.982125995473619, 0,-4.910250306129456, 5.982125995473619, 0,-4.910250306129456, 5.982125995473619, 0,-4.9102576822042465, 5.982127996175804, 0,-4.9102576822042465, 5.982127996175804, 0,-4.9102576822042465, 5.982127996175804, 0,-4.910266734659672, 5.982133331381619, 0,-4.910277463495731, 5.98214033383916, 0,-4.910277463495731, 5.98214033383916, 0,-4.910287521779537, 5.982148336647672, 0,-4.910287521779537, 5.982148336647672, 0,-4.910297580063343, 5.982153338402938, 0,-4.910307638347149, 5.982155672555367, 0,-4.910307638347149, 5.982155672555367, 0,-4.910315349698067, 5.98216134121126, 0,-4.9103230610489845, 5.982168010218099, 0,-4.9103230610489845, 5.982168010218099, 0,-4.910331107676029, 5.982175012675194, 0,-4.910331107676029, 5.982175012675194, 0,-4.910339489579201, 5.9821816816818805, 0,-4.910339489579201, 5.9821816816818805, 0,-4.910345524549484, 5.982187016887161, 0,-4.910345524549484, 5.982187016887161, 0,-4.910350888967514, 5.982193018993042, 0,-4.910350888967514, 5.982193018993042, 0,-4.910355918109417, 5.9821996879995005, 0,-4.910355918109417, 5.9821996879995005, 0,-4.91036094725132, 5.982207690807147, 0,-4.910366982221603, 5.982215693614667, 0,-4.910376034677029, 5.982222362620858, 0,-4.910376034677029, 5.982222362620858, 0,-4.910384751856327, 5.98223136577907, 0,-4.910384751856327, 5.98223136577907, 0,-4.910393133759499, 5.982237701334762, 0,-4.910408891737461, 5.982248371744191, 0,-4.910408891737461, 5.982248371744191, 0,-4.910408891737461, 5.982248371744191, 0,-4.910416938364506, 5.982255040749974, 0,-4.910416938364506, 5.982255040749974, 0,-4.910423643887043, 5.982262043205963, 0,-4.910430014133453, 5.982273047065177, 0,-4.910430014133453, 5.982273047065177, 0,-4.910456500947475, 5.982292720631125, 0,-4.910456500947475, 5.982292720631125, 0,-4.910463877022266, 5.982298722735849, 0,-4.910463877022266, 5.982298722735849, 0,-4.910468235611916, 5.982306058641534, 0,-4.910468235611916, 5.982306058641534, 0,-4.910473600029945, 5.982312060746105, 0,-4.910473600029945, 5.982312060746105, 0,-4.910473600029945, 5.982312060746105, 0,-4.910478964447975, 5.98231706249987, 0,-4.910478964447975, 5.98231706249987, 0,-4.910482652485371, 5.982319730101855, 0,-4.910482652485371, 5.982319730101855, 0,-4.910482652485371, 5.982319730101855, 0,-4.910484664142132, 5.9823243984053, 0,-4.910487346351147, 5.982330400509681, 0,-4.910487346351147, 5.982330400509681, 0,-4.910489022731781, 5.982336736064215, 0,-4.910489022731781, 5.982336736064215, 0,-4.910489022731781, 5.982336736064215, 0,-4.910491034388542, 5.98234340506893, 0,-4.910491034388542, 5.98234340506893, 0,-4.910490028560162, 5.982352074774926, 0,-4.910490028560162, 5.982352074774926, 0,-4.910490699112415, 5.98236174483145, 0,-4.910490699112415, 5.98236174483145, 0,-4.910493046045303, 5.982371748338025, 0,-4.910499751567841, 5.982380751493782, 0,-4.910499751567841, 5.982380751493782, 0,-4.910505786538124, 5.98238875429877, 0,-4.910520538687706, 5.982402759207223, 0,-4.9105265736579895, 5.9824107620118925, 0,-4.9105265736579895, 5.9824107620118925, 0,-4.910529591143131, 5.982415430314575, 0,-4.910555072128773, 5.982415763764754, 0,-4.9105627834796906, 5.982414763414202, 0,-4.9105627834796906, 5.982414763414202, 0,-4.9105627834796906, 5.982414763414202, 0,-4.910571165382862, 5.982412095812663, 0,-4.910575859248638, 5.982411428912278, 0,-4.910575859248638, 5.982411428912278, 0,-4.910581558942795, 5.9824137630636125, 0,-4.910588935017586, 5.982418431366269, 0,-4.910588935017586, 5.982418431366269, 0,-4.910588935017586, 5.982418431366269, 0,-4.91059698164463, 5.982421098967758, 0,-4.910605363547802, 5.98242143241795, 0,-4.910605363547802, 5.98242143241795, 0,-4.9106137454509735, 5.982419098266641, 0,-4.9106137454509735, 5.982419098266641, 0,-4.910624139010906, 5.982415763764754, 0,-4.910624139010906, 5.982415763764754, 0,-4.910624139010906, 5.982415763764754, 0,-4.910634532570839, 5.982411428912278, 0,-4.910634532570839, 5.982411428912278, 0,-4.910643585026264, 5.982407427509968, 0,-4.910649955272675, 5.982402759207223, 0,-4.910649955272675, 5.982402759207223, 0,-4.910656325519085, 5.982398757804849, 0,-4.910656325519085, 5.982398757804849, 0,-4.910662025213242, 5.982395089852643, 0,-4.9106670543551445, 5.9823917553506165, 0,-4.910669736564159, 5.982387753948155, 0,-4.910669736564159, 5.982387753948155, 0,-4.910678453743458, 5.982378750792512, 0,-4.910678453743458, 5.982378750792512, 0,-4.91068247705698, 5.982373415589102, 0,-4.91068247705698, 5.982373415589102, 0,-4.910690523684025, 5.982367413485205, 0,-4.910690523684025, 5.982367413485205, 0,-4.910696558654308, 5.982360744480783, 0,-4.910707622766495, 5.982344738869865, 0,-4.910707622766495, 5.982344738869865, 0,-4.910709634423256, 5.9823360691637415, 0,-4.910709634423256, 5.9823360691637415, 0,-4.910709634423256, 5.982329733609194, 0,-4.910709634423256, 5.982329733609194, 0,-4.910709299147129, 5.982325732206286, 0,-4.910709299147129, 5.982325732206286, 0,-4.91071030497551, 5.982319730101855, 0,-4.91071030497551, 5.982319730101855, 0,-4.910711646080017, 5.982314061447616, 0,-4.910711646080017, 5.982314061447616, 0,-4.910713322460651, 5.98230805934307, 0,-4.910714663565159, 5.982302724138948, 0,-4.910714663565159, 5.982302724138948, 0,-4.910716339945793, 5.982295388233225, 0,-4.910716339945793, 5.982295388233225, 0,-4.910719357430935, 5.982290719929537, 0,-4.910719357430935, 5.982290719929537, 0,-4.9107227101922035, 5.982285051274993, 0,-4.9107227101922035, 5.982285051274993, 0,-4.910727068781853, 5.982280049520936, 0,-4.910733439028263, 5.982276048117659, 0,-4.910738803446293, 5.982270379462962, 0,-4.910738803446293, 5.982270379462962, 0,-4.910742826759815, 5.9822640439076515, 0,-4.910742826759815, 5.9822640439076515, 0,-4.910742826759815, 5.982257041451701, 0,-4.910742826759815, 5.982257041451701, 0,-4.9107421562075615, 5.982249038644767, 0,-4.9107421562075615, 5.982249038644767, 0,-4.910743162035942, 5.982242036188612, 0,-4.9107445031404495, 5.982236367533573, 0,-4.9107468500733376, 5.982229031626959, 0,-4.9107468500733376, 5.982229031626959, 0,-4.910747185349464, 5.982221028819617, 0,-4.910748526453972, 5.9822116922109325, 0,-4.910748526453972, 5.9822116922109325, 0,-4.910749867558479, 5.982203022502697, 0,-4.910749867558479, 5.982203022502697, 0,-4.910749197006226, 5.982195686595638, 0,-4.910748861730099, 5.982190017940114, 0,-4.910748861730099, 5.982190017940114, 0,-4.910751543939114, 5.98218468273486, 0,-4.91075623780489, 5.982180014430218, 0,-4.91075623780489, 5.982180014430218, 0,-4.910761266946793, 5.982176679926882, 0,-4.910761266946793, 5.982176679926882, 0,-4.910768643021584, 5.982177013377214, 0,-4.910774677991867, 5.9821776802778786, 0,-4.910777695477009, 5.982179347529541, 0,-4.910777695477009, 5.982179347529541, 0,-4.910782054066658, 5.982180347880538, 0,-4.910787753760815, 5.9821816816818805, 0,-4.910794459283352, 5.9821820151322, 0,-4.910794459283352, 5.9821820151322, 0,-4.910794459283352, 5.9821820151322, 0,-4.910801164805889, 5.982181014781216, 0,-4.9108075350522995, 5.982179347529541, 0,-4.9108075350522995, 5.982179347529541, 0,-4.9108075350522995, 5.982179347529541, 0,-4.910814240574837, 5.9821776802778786, 0,-4.910823293030262, 5.982177346827546, 0,-4.91083201020956, 5.982174679224862, 0,-4.91083201020956, 5.982174679224862, 0,-4.910839386284351, 5.982171344721487, 0,-4.910839386284351, 5.982171344721487, 0,-4.9108437448740005, 5.982167676767767, 0,-4.9108534678816795, 5.98216134121126, 0,-4.9108534678816795, 5.98216134121126, 0,-4.910853803157806, 5.982159340509189, 0,-4.910853803157806, 5.982159340509189, 0,-4.9108534678816795, 5.982161007760914, 0,-4.9108534678816795, 5.982161007760914, 0,-4.910856820642948, 5.982162341562282, 0,-4.910863526165485, 5.982165342615363, 0,-4.9108655378222466, 5.982166342966399, 0,-4.9108655378222466, 5.982166342966399, 0,-4.910866543650627, 5.982166676416731, 0,-4.910866543650627, 5.982166676416731, 0,-4.910881631076336, 5.982170010920144, 0,-4.910881631076336, 5.982170010920144, 0,-4.910890348255634, 5.982169010569121, 0,-4.910901412367821, 5.982167343317421, 0,-4.910909458994865, 5.9821656760657085, 0,-4.910921864211559, 5.982167343317421, 0,-4.910921864211559, 5.982167343317421, 0,-4.910925552248955, 5.982169010569121, 0,-4.910931251943111, 5.982168343668431, 0,-4.910931251943111, 5.982168343668431, 0,-4.910943657159805, 5.9821656760657085, 0,-4.910943657159805, 5.9821656760657085, 0,-4.910954721271992, 5.982159673959534, 0,-4.910961762070656, 5.982154338753986, 0,-4.910961762070656, 5.982154338753986, 0,-4.910968467593193, 5.982150670800126, 0,-4.910976514220238, 5.982148336647672, 0,-4.910983555018902, 5.9821443352434285, 0,-4.910990595817566, 5.982139333488086, 0,-4.910990595817566, 5.982139333488086, 0,-4.910995960235596, 5.982131664129804, 0,-4.910995960235596, 5.982131664129804, 0,-4.911003336310387, 5.982125995473619, 0,-4.911003336310387, 5.982125995473619, 0,-4.911012724041939, 5.982119659916616, 0,-4.911012724041939, 5.982119659916616, 0,-4.911021441221237, 5.982112990909192, 0,-4.911021441221237, 5.982112990909192, 0,-4.911028817296028, 5.982106321901666, 0,-4.911028817296028, 5.982106321901666, 0,-4.911036863923073, 5.982099319443693, 0,-4.911036863923073, 5.982099319443693, 0,-4.9110425636172295, 5.982092316985618, 0,-4.91104893386364, 5.982069975809275, 0,-4.9110472574830055, 5.9820629733508435, 0,-4.9110472574830055, 5.9820629733508435, 0,-4.911046251654625, 5.982053970189846, 0,-4.911046251654625, 5.982053970189846, 0,-4.91104893386364, 5.982047634632016, 0,-4.91104893386364, 5.982047634632016, 0,-4.911054968833923, 5.9820412990741225, 0,-4.911054968833923, 5.9820412990741225, 0,-4.911058656871319, 5.982034963516153, 0,-4.911062009632587, 5.982029628309384, 0,-4.911065027117729, 5.982023292751287, 0,-4.911088831722736, 5.9820032857252095, 0,-4.911088831722736, 5.9820032857252095, 0,-4.91109486669302, 5.9820022853738815, 0,-4.911099895834923, 5.982004619526972, 0,-4.911099895834923, 5.982004619526972, 0,-4.911107607185841, 5.982005953328722, 0,-4.911107607185841, 5.982005953328722, 0,-4.911115653812885, 5.982007287130484, 0,-4.911115653812885, 5.982007287130484, 0,-4.911122694611549, 5.982007954031352, 0,-4.911129400134087, 5.982008287481799, 0,-4.911137446761131, 5.982009621283549, 0,-4.911137446761131, 5.982009621283549, 0,-4.911142140626907, 5.982009954733983, 0,-4.911142140626907, 5.982009954733983, 0,-4.911148175597191, 5.9820116219861665, 0,-4.911154545843601, 5.98201428958964, 0,-4.91115890443325, 5.9820166237426795, 0,-4.911162592470646, 5.982017290643535, 0,-4.911162592470646, 5.982017290643535, 0,-4.911169297993183, 5.982019624796549, 0,-4.911169297993183, 5.982019624796549, 0,-4.91117499768734, 5.9820239596521425, 0,-4.911182038486004, 5.982030295210239, 0,-4.911182038486004, 5.982030295210239, 0,-4.911189079284668, 5.982033629714467, 0,-4.911189079284668, 5.982033629714467, 0,-4.911196120083332, 5.98203196246236, 0,-4.911205172538757, 5.982029628309384, 0,-4.911205172538757, 5.982029628309384, 0,-4.911213889718056, 5.982030295210239, 0,-4.911223612725735, 5.98203196246236, 0,-4.911223612725735, 5.98203196246236, 0,-4.911234341561794, 5.982036297317839, 0,-4.91123903542757, 5.982039631822028, 0,-4.9112484231591225, 5.982047968082438, 0,-4.9112484231591225, 5.982047968082438, 0,-4.911253452301025, 5.982050302235324, 0,-4.911262169480324, 5.982050635685733, 0,-4.911269545555115, 5.982049301884098, 0,-4.911269545555115, 5.982049301884098, 0,-4.911282956600189, 5.982049635334494, 0,-4.911282956600189, 5.982049635334494, 0,-4.911288656294346, 5.982049968784915, 0,-4.911288656294346, 5.982049968784915, 0,-4.911293685436249, 5.982051302586563, 0,-4.91130106151104, 5.98205196948738, 0,-4.91130106151104, 5.98205196948738, 0,-4.911306761205196, 5.982053303289028, 0,-4.911310784518719, 5.982053636739424, 0,-4.911316484212875, 5.982053303289028, 0,-4.911322854459286, 5.982053303289028, 0,-4.911328554153442, 5.982053970189846, 0,-4.911328554153442, 5.982053970189846, 0,-4.911332242190838, 5.982057971594751, 0,-4.911332242190838, 5.982057971594751, 0,-4.911332242190838, 5.982057971594751, 0,-4.911339282989502, 5.982061972999618, 0,-4.911339282989502, 5.982061972999618, 0,-4.911343306303024, 5.982064640602849, 0,-4.911343306303024, 5.982064640602849, 0,-4.911349341273308, 5.9820723099620725, 0,-4.911349341273308, 5.9820723099620725, 0,-4.911353029310703, 5.98207864551961, 0,-4.911353029310703, 5.98207864551961, 0,-4.911357723176479, 5.982085314527467, 0,-4.911360405385494, 5.982091983535234, 0,-4.9113620817661285, 5.982099986344459, 0,-4.9113620817661285, 5.982099986344459, 0,-4.911364763975143, 5.982106321901666, 0,-4.911364763975143, 5.982106321901666, 0,-4.9113523587584496, 5.982125995473619, 0,-4.9113523587584496, 5.982125995473619, 0,-4.911351688206196, 5.982126662374335, 0,-4.911351688206196, 5.982126662374335, 0,-4.911351688206196, 5.982126662374335, 0,-4.911351688206196, 5.982126662374335, 0,-4.91136509925127, 5.9821816816818805, 0,-4.91136509925127, 5.9821816816818805, 0,-4.911369793117046, 5.9822083577077745, 0,-4.911369793117046, 5.9822083577077745, 0,-4.911368452012539, 5.982232699580285, 0,-4.911361746490002, 5.982233366480873, 0,-4.911361746490002, 5.982233366480873, 0,-4.911361746490002, 5.982233366480873, 0,-4.911361746490002, 5.982233366480873, 0,-4.911361746490002, 5.982233366480873, 0,-4.911361746490002, 5.982233366480873, 0,-4.911361746490002, 5.982233366480873, 0,-4.911361746490002, 5.982233366480873, 0,-4.911361746490002, 5.982233366480873, 0,-4.911361746490002, 5.982233366480873, 0,-4.911361746490002, 5.982233366480873, 0,-4.911361746490002, 5.982233366480873, 0,-4.911361746490002, 5.982233366480873, 0,-4.911361746490002, 5.982233366480873, 0,-4.911361746490002, 5.982233366480873, 0,-4.91133090108633, 5.98230639209179, 0,-4.911335930228233, 5.982340070566585, 0,-4.911337271332741, 5.9823797511431405, 0,-4.91133525967598, 5.982388087398372, 0,-4.91133525967598, 5.982388087398372, 0,-4.9113332480192184, 5.982395089852643, 0,-4.9113332480192184, 5.982395089852643, 0,-4.911332912743092, 5.98240042505585, 0,-4.911333918571472, 5.9824050933585955, 0,-4.911333918571472, 5.9824050933585955, 0,-4.911337606608868, 5.9824127627130474, 0,-4.91134162992239, 5.982418764816462, 0,-4.91134162992239, 5.982423766569234, 0,-4.91134162992239, 5.982423766569234, 0,-4.911342971026897, 5.9824301021226995, 0,-4.911342971026897, 5.9824301021226995, 0,-4.911344647407532, 5.982435437325563, 0,-4.9113476648926735, 5.9824401056280285, 0,-4.911352023482323, 5.982447441531805, 0,-4.911352023482323, 5.982447441531805, 0,-4.911356046795845, 5.982455444335827, 0,-4.911363087594509, 5.982463447139721, 0,-4.911368787288666, 5.982471783393668, 0,-4.911374151706696, 5.982480119647474, 0,-4.911374151706696, 5.982480119647474, 0,-4.9113838747143745, 5.982502794257203, 0,-4.9113838747143745, 5.982502794257203, 0,-4.911384209990501, 5.9825117974107975, 0,-4.911387898027897, 5.982526469216353, 0,-4.9113912507891655, 5.982536806170017, 0,-4.9113912507891655, 5.982536806170017, 0,-4.911392256617546, 5.982546809673386, 0,-4.9113912507891655, 5.982559814227495, 0,-4.911389239132404, 5.9825664832294745, 0,-4.911389239132404, 5.9825664832294745, 0,-4.911388568580151, 5.982574486031753, 0,-4.911388233304024, 5.982582822283995, 0,-4.911390915513039, 5.982589824735785, 0,-4.911390915513039, 5.982589824735785, 0,-4.911391586065292, 5.982614166591299, 0,-4.911391586065292, 5.982614166591299, 0,-4.911391921341419, 5.982622169392878, 0,-4.911389239132404, 5.982651179547613, 0,-4.911390244960785, 5.9826535136979295, 0,-4.911390244960785, 5.9826535136979295, 0,-4.9113889038562775, 5.982668852399735, 0,-4.9113889038562775, 5.982668852399735, 0,-4.911389574408531, 5.982675521400392, 0,-4.911393262445927, 5.982694861501835, 0,-4.911393262445927, 5.982694861501835, 0,-4.911395944654942, 5.98270053015213, 0,-4.9114009737968445, 5.982713534702575, 0,-4.9114033207297325, 5.982718203002662, 0,-4.911403991281986, 5.982726539252716, 0,-4.911403991281986, 5.982726539252716, 0,-4.911402650177479, 5.982731541002689, 0,-4.911399967968464, 5.982735542402633, 0,-4.911396279931068, 5.982747213152308, 0,-4.911396615207195, 5.982754215601987, 0,-4.911397956311703, 5.982759884251658, 0,-4.91139929741621, 5.982767220151147, 0,-4.91139929741621, 5.982767220151147, 0,-4.911401309072971, 5.982774222600571, 0,-4.911401309072971, 5.982774222600571, 0,-4.9114033207297325, 5.98279122854881, 0,-4.91140466183424, 5.982801232047523, 0,-4.91140466183424, 5.982801232047523, 0,-4.911407008767128, 5.98281857144486, 0,-4.911408349871635, 5.982826907693387, 0,-4.911408349871635, 5.982826907693387, 0,-4.911409020423889, 5.982843580190034, 0,-4.911407679319382, 5.982852249888104, 0,-4.911407008767128, 5.982861586485873, 0,-4.91140466183424, 5.9828729237829394, 0,-4.911402314901352, 5.982892263877398, 0,-4.911402314901352, 5.982892263877398, 0,-4.911400638520718, 5.9829052684232895, 0,-4.911400638520718, 5.9829052684232895, 0,-4.911397956311703, 5.982916272269565, 0,-4.911395609378815, 5.982930944064256, 0,-4.911395609378815, 5.982930944064256, 0,-4.91139393299818, 5.982941614460148, 0,-4.91139393299818, 5.982941614460148, 0,-4.911390915513039, 5.982951617956113, 0,-4.911388568580151, 5.982962955251321, 0,-4.911388568580151, 5.982962955251321, 0,-4.911386892199516, 5.982970958047786, 0,-4.911386892199516, 5.982970958047786, 0,-4.911379516124725, 5.983002969232499, 0,-4.911376163363457, 5.983010972028377, 0,-4.911376163363457, 5.983010972028377, 0,-4.911371469497681, 5.983020308623436, 0,-4.911371469497681, 5.983020308623436, 0,-4.911351352930069, 5.983049652206838, 0,-4.911351352930069, 5.983049652206838, 0,-4.911348335444927, 5.983060989500011, 0,-4.911335930228233, 5.983089999631452, 0,-4.911335930228233, 5.983089999631452, 0,-4.91133090108633, 5.983099669674934, 0,-4.91133090108633, 5.983099669674934, 0,-4.911326877772808, 5.983108672818706, 0,-4.91132453083992, 5.983118342861846, 0,-4.911313466727734, 5.9831243449575116, 0,-4.911306761205196, 5.983126679105793, 0,-4.911300055682659, 5.9831283463545795, 0,-4.911293350160122, 5.98313234775161, 0,-4.911280609667301, 5.983131347402355, 0,-4.9112725630402565, 5.983130013603341, 0,-4.911231994628906, 5.983126679105793, 0,-4.911227971315384, 5.983123344608232, 0,-4.911220259964466, 5.983122344258965, 0,-4.911220259964466, 5.983122344258965, 0,-4.911217913031578, 5.983121343909685, 0,-4.911217913031578, 5.983121343909685, 0,-4.91120383143425, 5.983113674565182, 0,-4.911195449531078, 5.983111673866596, 0,-4.911185055971146, 5.983109006268466, 0,-4.911175332963467, 5.9831070055698685, 0,-4.911165609955788, 5.9831040045219535, 0,-4.911155551671982, 5.9831023372731025, 0,-4.911126717925072, 5.983101336923798, 0,-4.911126717925072, 5.983101336923798, 0,-4.911071062088013, 5.983054320504062, 0,-4.911065697669983, 5.983051986355449, 0,-4.911060333251953, 5.98304865185743, 0,-4.911055639386177, 5.983045650809197, 0,-4.911055639386177, 5.983045650809197, 0,-4.911051951348782, 5.983047318058226, 0,-4.9110472574830055, 5.983050319106447, 0,-4.911044575273991, 5.983055320853456, 0,-4.911041557788849, 5.983064990897537, 0,-4.911041557788849, 5.983064990897537, 0,-4.911039546132088, 5.9830729936925255, 0,-4.911038875579834, 5.983077661989533, 0,-4.911034181714058, 5.983082663736301, 0,-4.911029152572155, 5.983090333081237, 0,-4.911013729870319, 5.983106005220564, 0,-4.9110036715865135, 5.983116675613046, 0,-4.911001659929752, 5.983120677010166, 0,-4.911001659929752, 5.983120677010166, 0,-4.9109939485788345, 5.983127346005313, 0,-4.910990260541439, 5.983130680502848, 0,-4.910969138145447, 5.983142017794342, 0,-4.910964779555798, 5.983142351244089, 0,-4.9109600856900215, 5.98314435194256, 0,-4.9109600856900215, 5.98314435194256, 0,-4.910956397652626, 5.983144685392294, 0,-4.91094097495079, 5.983144685392294, 0,-4.910932928323746, 5.983147352990246, 0,-4.910907447338104, 5.983177030016576, 0,-4.910897724330425, 5.983198704248248, 0,-4.910897724330425, 5.983198704248248, 0,-4.910873919725418, 5.983226047123917, 0,-4.910867549479008, 5.9832303819699435, 0,-4.910867549479008, 5.9832303819699435, 0,-4.910862185060978, 5.983235050265603, 0,-4.910856150090694, 5.983238718212186, 0,-4.910850450396538, 5.983243386507782, 0,-4.9108390510082245, 5.983257057944669, 0,-4.9108390510082245, 5.983257057944669, 0,-4.910833686590195, 5.9832590586427195, 0,-4.910828657448292, 5.983262059689783, 0,-4.910828657448292, 5.983262059689783, 0,-4.910825975239277, 5.983265394186503, 0,-4.910818263888359, 5.983274730777212, 0,-4.910813570022583, 5.983278398723515, 0,-4.910813570022583, 5.983278398723515, 0,-4.91080854088068, 5.983284067367753, 0,-4.91080854088068, 5.983284067367753, 0,-4.910802505910397, 5.983289402562284, 0,-4.910796135663986, 5.98329273705884, 0,-4.910796135663986, 5.98329273705884, 0,-4.91079043596983, 5.983295071206409, 0,-4.910785406827927, 5.983296738454674, 0,-4.910785406827927, 5.983296738454674, 0,-4.910780377686024, 5.9832997395015335, 0,-4.910780377686024, 5.9832997395015335, 0,-4.910775348544121, 5.983301406749786, 0,-4.910758584737778, 5.98330440779662, 0,-4.910758584737778, 5.98330440779662, 0,-4.9107468500733376, 5.983313410937009, 0,-4.910741820931435, 5.983321080278713, 0,-4.910738132894039, 5.983328416170683, 0,-4.910738132894039, 5.983328416170683, 0,-4.910729415714741, 5.9833407538069405, 0,-4.910720698535442, 5.98335175764445, 0,-4.910720698535442, 5.98335175764445, 0,-4.910720698535442, 5.98335175764445, 0,-4.910719022154808, 5.983358760086393, 0,-4.910687170922756, 5.983387436752438, 0,-4.910687170922756, 5.983387436752438, 0,-4.910681135952473, 5.983392771945963, 0,-4.910676442086697, 5.983408110627032, 0,-4.910662360489368, 5.983455460465892, 0,-4.910662360489368, 5.983455460465892, 0,-4.910668395459652, 5.983486471273629, 0,-4.9106670543551445, 5.983490139218508, 0,-4.910658672451973, 5.9835008096034965, 0,-4.910651966929436, 5.983523817620392, 0,-4.910650290548801, 5.98353282075718, 0,-4.9106452614068985, 5.983549826681806, 0,-4.9106452614068985, 5.983549826681806, 0,-4.910643585026264, 5.983559496717146, 0,-4.910643585026264, 5.983559496717146, 0,-4.910637214779854, 5.983586839574776, 0,-4.910636208951473, 5.983595175811586, 0,-4.910632520914078, 5.983604845846112, 0,-4.910629503428936, 5.983620851420148, 0,-4.910628162324429, 5.983627853858644, 0,-4.910628162324429, 5.983627853858644, 0,-4.910626485943794, 5.983633522499257, 0,-4.910626150667667, 5.983640858387028, 0,-4.9106234684586525, 5.983648861173569, 0,-4.910604692995548, 5.98367987197034, 0,-4.910604692995548, 5.98367987197034, 0,-4.9105993285775185, 5.983687207857488, 0,-4.9105993285775185, 5.983687207857488, 0,-4.9105919525027275, 5.983692876497491, 0,-4.910585582256317, 5.983697544789219, 0,-4.910585582256317, 5.983697544789219, 0,-4.910575859248638, 5.983711549664148, 0,-4.910571500658989, 5.983714884158122, 0,-4.9105654656887054, 5.983720552797845, 0,-4.9105654656887054, 5.983720552797845, 0,-4.9105604365468025, 5.983727221785651, 0,-4.9105604365468025, 5.983727221785651, 0,-4.9105554074049, 5.983733890773395, 0,-4.9105554074049, 5.983733890773395, 0,-4.9105554074049, 5.983733890773395, 0,-4.910552725195885, 5.983741893558587, 0,-4.910547360777855, 5.983750229793043, 0,-4.910543337464333, 5.983758566027347, 0,-4.910543337464333, 5.983758566027347, 0,-4.9105386435985565, 5.983765901913439, 0,-4.9105265736579895, 5.983780240235979, 0,-4.9105265736579895, 5.983780240235979, 0,-4.9105191975831985, 5.983788576469837, 0,-4.9105191975831985, 5.983788576469837, 0,-4.910512492060661, 5.983798246500954, 0,-4.910512492060661, 5.983798246500954, 0,-4.910504445433617, 5.983808249981245, 0</coordinates>
                </LinearRing>
            </outerBoundaryIs>
        </Polygon>
    </MultiGeometry>
  </Placemark><Placemark>
	<Style><LineStyle><color>ff0000ff</color></LineStyle><PolyStyle><fill>0</fill></PolyStyle></Style>
	<ExtendedData><SchemaData schemaUrl="#programmeband_1">
		<SimpleData name="N°">7</SimpleData>
		<SimpleData name="Cooperative">COOP CA SCAAB</SimpleData>
		<SimpleData name="Code_CCC">COOP CA SCAAB</SimpleData>
		<SimpleData name="Code_Producteur">SCAAB-TIA-252</SimpleData>
		<SimpleData name="Code_Parcelle">SCAAB-TIA-252-P1</SimpleData>
		<SimpleData name="Section">TIASSALE</SimpleData>
		<SimpleData name="Localite">TIASSALE</SimpleData>
		<SimpleData name="Sous-Prefecture">TIASSALE</SimpleData>
		<SimpleData name="Region ">AGNEBY-TIASSA</SimpleData>
		<SimpleData name="Nom">KOUASSI</SimpleData>
		<SimpleData name="Prenoms">YAO JEAN BAPTISTE</SimpleData>
		<SimpleData name="Genre">Homme</SimpleData>
		<SimpleData name="Programme">Mondelez</SimpleData>
		<SimpleData name="Departement"></SimpleData>
		<SimpleData name="Statut">Candidat</SimpleData>
	</SchemaData>
    </ExtendedData>
      <MultiGeometry>
        <Polygon>
            <outerBoundaryIs>
                <LinearRing>
                    <coordinates>-4.842213056981564, 5.923148460165061, 0,-4.84221339225769, 5.923148460165061, 0,-4.84221339225769, 5.923148460165061, 0,-4.84221339225769, 5.923148460165061, 0,-4.84221339225769, 5.923148460165061, 0,-4.84221339225769, 5.923148460165061, 0,-4.84221339225769, 5.923148460165061, 0,-4.84221339225769, 5.923148460165061, 0,-4.84221339225769, 5.923148460165061, 0,-4.84221339225769, 5.923148460165061, 0,-4.84221339225769, 5.923148460165061, 0,-4.842201992869377, 5.923151795026618, 0,-4.842183217406273, 5.9231561303466105, 0,-4.842183217406273, 5.9231561303466105, 0,-4.842168465256691, 5.923155463374307, 0,-4.842168465256691, 5.923155463374307, 0,-4.8421671241521835, 5.923157464291205, 0,-4.8421671241521835, 5.923157464291205, 0,-4.842168129980564, 5.923158464749667, 0,-4.8421647772192955, 5.923159798694274, 0,-4.8421647772192955, 5.923159798694274, 0,-4.842160418629646, 5.923160465666565, 0,-4.842160418629646, 5.923160465666565, 0,-4.842153042554855, 5.923162800069609, 0,-4.8421453312039375, 5.923164800986494, 0,-4.8421453312039375, 5.923164800986494, 0,-4.842136949300766, 5.923164134014203, 0,-4.842136949300766, 5.923164134014203, 0,-4.842127226293087, 5.923163800528045, 0,-4.842117168009281, 5.923162133097318, 0,-4.842117168009281, 5.923162133097318, 0,-4.842100739479065, 5.923167802361816, 0,-4.842099063098431, 5.923169136306385, 0,-4.842099063098431, 5.923169136306385, 0,-4.842096380889416, 5.923169136306385, 0,-4.842096380889416, 5.923169136306385, 0,-4.842094369232655, 5.9231714707093905, 0,-4.842094369232655, 5.9231714707093905, 0,-4.84209269285202, 5.923175806029244, 0,-4.842093363404274, 5.923192146849862, 0,-4.842098727822304, 5.92319714914179, 0,-4.842098727822304, 5.92319714914179, 0,-4.8421091213822365, 5.923210155100611, 0,-4.8421091213822365, 5.923210155100611, 0,-4.842111803591251, 5.923218492253522, 0,-4.842121861875057, 5.923252841322243, 0,-4.842122867703438, 5.923256509669257, 0,-4.842123202979565, 5.923262178932789, 0,-4.842123202979565, 5.923262178932789, 0,-4.842124544084072, 5.923269849112748, 0,-4.842124544084072, 5.923269849112748, 0,-4.842126555740833, 5.923295861026649, 0,-4.842126555740833, 5.923295861026649, 0,-4.842129237949848, 5.9233031977200925, 0,-4.842129237949848, 5.9233031977200925, 0,-4.842131584882736, 5.923312535329787, 0,-4.842131584882736, 5.923312535329787, 0,-4.8421356081962585, 5.923322206425372, 0,-4.8421356081962585, 5.923322206425372, 0,-4.8421356081962585, 5.923322206425372, 0,-4.84216645359993, 5.923335879353315, 0,-4.84217181801796, 5.9233425490741505, 0,-4.84217181801796, 5.9233425490741505, 0,-4.842174164950848, 5.9233495522809285, 0,-4.842174164950848, 5.9233495522809285, 0,-4.842177182435989, 5.923356555487629, 0,-4.842177182435989, 5.923356555487629, 0,-4.842180199921131, 5.923361891264099, 0,-4.842184893786907, 5.923368227498585, 0,-4.842188581824303, 5.923385235285554, 0,-4.842188581824303, 5.923385235285554, 0,-4.8421889171004295, 5.92339857472594, 0,-4.8421889171004295, 5.92339857472594, 0,-4.842185899615288, 5.923406244904016, 0,-4.8421835526824, 5.923414248567983, 0,-4.8421835526824, 5.923414248567983, 0,-4.8421721532940865, 5.923429922409594, 0,-4.842168465256691, 5.923436925615264, 0,-4.842168465256691, 5.923436925615264, 0,-4.842163771390915, 5.9234432618488855, 0,-4.842163771390915, 5.9234432618488855, 0,-4.842158742249012, 5.923448931110496, 0,-4.8421550542116165, 5.92345526734399, 0,-4.8421453312039375, 5.923479945305332, 0,-4.8421453312039375, 5.923479945305332, 0,-4.842144660651684, 5.923488282454185, 0,-4.842144660651684, 5.923488282454185, 0,-4.842146337032318, 5.923494285201267, 0,-4.842146337032318, 5.923494285201267, 0,-4.842148348689079, 5.923501955378019, 0,-4.8421503603458405, 5.923509625554658, 0,-4.842148683965206, 5.923514294357768, 0,-4.842148683965206, 5.923514294357768, 0,-4.842147342860699, 5.923520630590525, 0,-4.842147342860699, 5.923520630590525, 0,-4.842148683965206, 5.923525632879475, 0,-4.842148683965206, 5.923525632879475, 0,-4.842149019241333, 5.923532969569866, 0,-4.842149019241333, 5.923532969569866, 0,-4.842149019241333, 5.923540973232001, 0,-4.842149019241333, 5.923540973232001, 0,-4.842148683965206, 5.923549310379926, 0,-4.842148683965206, 5.923549310379926, 0,-4.842149689793587, 5.923556313584082, 0,-4.842149689793587, 5.923556313584082, 0,-4.842153713107109, 5.92356398375997, 0,-4.842153713107109, 5.92356398375997, 0,-4.8421610891819, 5.923579991083222, 0,-4.8421610891819, 5.923579991083222, 0,-4.8421647772192955, 5.923586327315203, 0,-4.8421647772192955, 5.923586327315203, 0,-4.842169806361198, 5.923592663547119, 0,-4.842173494398594, 5.923600333722498, 0,-4.842173494398594, 5.923600333722498, 0,-4.8421768471598625, 5.923607670411896, 0,-4.8421768471598625, 5.923607670411896, 0,-4.842177517712116, 5.92361434012945, 0,-4.842181876301765, 5.923626345620839, 0,-4.84218455851078, 5.923633015338151, 0,-4.84218455851078, 5.923633015338151, 0,-4.842183217406273, 5.923639685055399, 0,-4.842174164950848, 5.923652691003774, 0,-4.842174164950848, 5.923652691003774, 0,-4.842170812189579, 5.923661695121725, 0,-4.842169806361198, 5.9236703657536705, 0,-4.842169806361198, 5.9236703657536705, 0,-4.842168465256691, 5.923679703357143, 0,-4.842168465256691, 5.923679703357143, 0,-4.842169806361198, 5.92369004141797, 0,-4.842171482741833, 5.923701046450237, 0,-4.842171482741833, 5.923701046450237, 0,-4.842173159122467, 5.923710384053201, 0,-4.842175170779228, 5.923729059258657, 0,-4.842176511883736, 5.923737729889546, 0,-4.842176511883736, 5.923737729889546, 0,-4.842180535197258, 5.9237464005202956, 0,-4.842180535197258, 5.9237464005202956, 0,-4.84218455851078, 5.923755738122496, 0,-4.84218455851078, 5.923755738122496, 0,-4.842187911272049, 5.9237657426961094, 0,-4.842190258204937, 5.923773412869084, 0,-4.842193275690079, 5.9237817500134975, 0,-4.842192940413952, 5.923790087157795, 0,-4.842192940413952, 5.923790087157795, 0,-4.842192940413952, 5.923790087157795, 0,-4.8421939462423325, 5.923798424301967, 0,-4.8421939462423325, 5.923798424301967, 0,-4.842194281518459, 5.923805427502968, 0,-4.842194281518459, 5.923805427502968, 0,-4.842192940413952, 5.923812430703868, 0,-4.842188581824303, 5.923831105905877, 0,-4.842188581824303, 5.923831105905877, 0,-4.842189252376556, 5.923842110935344, 0,-4.842189252376556, 5.923842110935344, 0,-4.842189587652683, 5.923852448993119, 0,-4.84218992292881, 5.923862453564976, 0,-4.842188581824303, 5.9238724581366435, 0,-4.842188581824303, 5.9238724581366435, 0,-4.842188246548176, 5.923881462250994, 0,-4.8421865701675415, 5.923896802593635, 0,-4.8421865701675415, 5.923896802593635, 0,-4.8421865701675415, 5.92390513973619, 0,-4.8421865701675415, 5.92390513973619, 0,-4.842186905443668, 5.923914477335707, 0,-4.842186905443668, 5.923925482363495, 0,-4.842186905443668, 5.923925482363495, 0,-4.842187575995922, 5.923935820419704, 0,-4.842187575995922, 5.923935820419704, 0,-4.842186905443668, 5.923943490590325, 0,-4.842189252376556, 5.923950493789494, 0,-4.842194281518459, 5.9239571635029, 0,-4.842198304831982, 5.923962499273569, 0,-4.842198304831982, 5.923962499273569, 0,-4.84220065176487, 5.923970169443808, 0,-4.842201992869377, 5.923978173099594, 0,-4.842203333973885, 5.9239878441835385, 0,-4.842203333973885, 5.9239878441835385, 0,-4.842204675078392, 5.923997848752928, 0,-4.842206686735153, 5.9240075198365165, 0,-4.842205680906773, 5.924016523948666, 0,-4.842205680906773, 5.924016523948666, 0,-4.842205680906773, 5.924027195488807, 0,-4.842205680906773, 5.924027195488807, 0,-4.842204339802265, 5.924037533543121, 0,-4.842203333973885, 5.92404753811162, 0,-4.842203333973885, 5.92404753811162, 0,-4.842202998697758, 5.924057542679941, 0,-4.842202998697758, 5.924057542679941, 0,-4.842204339802265, 5.924064212392049, 0,-4.842209033668041, 5.9240878898694085, 0,-4.842209033668041, 5.9240878898694085, 0,-4.842207692563534, 5.924097560951406, 0,-4.842207692563534, 5.924097560951406, 0,-4.842209704220295, 5.924115902658199, 0,-4.842209704220295, 5.924115902658199, 0,-4.8422107100486755, 5.924124573283019, 0,-4.8422107100486755, 5.924124573283019, 0,-4.842211380600929, 5.924132910422127, 0,-4.842211380600929, 5.924132910422127, 0,-4.842212721705437, 5.924141247561121, 0,-4.842215403914452, 5.924170927774913, 0,-4.842215403914452, 5.924170927774913, 0,-4.8422204330563545, 5.924181932797587, 0,-4.8422204330563545, 5.924181932797587, 0,-4.842229820787907, 5.924188269022684, 0,-4.842229820787907, 5.924188269022684, 0,-4.842237867414951, 5.924188935993729, 0,-4.842237867414951, 5.924188935993729, 0,-4.84224658459425, 5.92418993645032, 0,-4.84224658459425, 5.92418993645032, 0,-4.84224658459425, 5.92418993645032, 0,-4.842252619564533, 5.924191603877956, 0,-4.842257648706436, 5.924190936906899, 0,-4.842257648706436, 5.924190936906899, 0,-4.8422616720199585, 5.924190936906899, 0,-4.842270724475384, 5.924190269935842, 0,-4.842270724475384, 5.924190269935842, 0,-4.842279441654682, 5.924191270392434, 0,-4.842279441654682, 5.924191270392434, 0,-4.842287488281727, 5.924189269479263, 0,-4.842294864356518, 5.924188269022684, 0,-4.842294864356518, 5.924188269022684, 0,-4.842294864356518, 5.924188269022684, 0,-4.842301569879055, 5.92418793553715, 0,-4.842301569879055, 5.92418793553715, 0,-4.8423149809241295, 5.924186601595036, 0,-4.842320345342159, 5.924186268109501, 0,-4.8423270508646965, 5.924187268566093, 0,-4.8423270508646965, 5.924187268566093, 0,-4.842334762215614, 5.92418793553715, 0,-4.842334762215614, 5.92418793553715, 0,-4.842344149947166, 5.924186935080571, 0,-4.842344149947166, 5.924186935080571, 0,-4.842351526021957, 5.924183933710796, 0,-4.842351526021957, 5.924183933710796, 0,-4.842359907925129, 5.924183266739726, 0,-4.842359907925129, 5.924183266739726, 0,-4.842367954552174, 5.924182599768656, 0,-4.842367954552174, 5.924182599768656, 0,-4.842375330626965, 5.924183266739726, 0,-4.842375330626965, 5.924183266739726, 0,-4.842382036149502, 5.924184267196318, 0,-4.842388741672039, 5.924183933710796, 0,-4.842388741672039, 5.924183933710796, 0,-4.842396453022957, 5.924183933710796, 0,-4.842396453022957, 5.924183933710796, 0,-4.842405840754509, 5.924181599312065, 0,-4.842413552105427, 5.92417759748566, 0,-4.842439033091068, 5.924160923208641, 0,-4.842439033091068, 5.924160923208641, 0,-4.842439033091068, 5.924160923208641, 0,-4.842447750270367, 5.924158255324273, 0,-4.842447750270367, 5.924158255324273, 0,-4.842456467449665, 5.924155920925441, 0,-4.842456467449665, 5.924155920925441, 0,-4.842462502419949, 5.924153586526607, 0,-4.842462502419949, 5.924153586526607, 0,-4.842475578188896, 5.924150251671095, 0,-4.842475578188896, 5.924150251671095, 0,-4.842484630644321, 5.924148584243332, 0,-4.842484630644321, 5.924148584243332, 0,-4.842493012547493, 5.924146583330021, 0,-4.842493012547493, 5.924146583330021, 0,-4.8425037413835526, 5.924142581503349, 0,-4.8425037413835526, 5.924142581503349, 0,-4.842513799667358, 5.924137579219983, 0,-4.842513799667358, 5.924137579219983, 0,-4.842522852122784, 5.924133577393261, 0,-4.842545315623283, 5.924128908595367, 0,-4.842545315623283, 5.924128908595367, 0,-4.842554368078709, 5.924128241624246, 0,-4.842554368078709, 5.924128241624246, 0,-4.8425667732954025, 5.92412690768198, 0,-4.842576161026955, 5.924123572826313, 0,-4.842576161026955, 5.924123572826313, 0,-4.842585884034634, 5.9241215719129015, 0,-4.842585884034634, 5.9241215719129015, 0,-4.842594936490059, 5.924120904941768, 0,-4.842610023915768, 5.924124239797447, 0,-4.842610023915768, 5.924124239797447, 0,-4.842617064714432, 5.924127241167552, 0,-4.842617064714432, 5.924127241167552, 0,-4.842622764408588, 5.924128241624246, 0,-4.842622764408588, 5.924128241624246, 0,-4.842630140483379, 5.924128241624246, 0,-4.842630140483379, 5.924128241624246, 0,-4.842635840177536, 5.9241279081386855, 0,-4.842635840177536, 5.9241279081386855, 0,-4.842640534043312, 5.924129575566499, 0,-4.842640534043312, 5.924129575566499, 0,-4.842646904289722, 5.924127574653113, 0,-4.842650927603245, 5.9241265741964195, 0,-4.842650927603245, 5.9241265741964195, 0,-4.842652939260006, 5.924123906311873, 0,-4.842652939260006, 5.924123906311873, 0,-4.842655621469021, 5.924119237513916, 0,-4.842655621469021, 5.924119237513916, 0,-4.84265998005867, 5.924116569629345, 0,-4.8426660150289536, 5.924113234773615, 0,-4.842672720551491, 5.9241088994611415, 0,-4.842691160738468, 5.92409455958116, 0,-4.842691160738468, 5.92409455958116, 0,-4.842697866261005, 5.9240905577541065, 0,-4.842697866261005, 5.9240905577541065, 0,-4.842710942029953, 5.924083554556718, 0,-4.842717982828617, 5.924080886671982, 0,-4.842717982828617, 5.924080886671982, 0,-4.842726029455662, 5.924077551816036, 0,-4.842731729149818, 5.924076551359254, 0,-4.842737093567848, 5.924073883474467, 0,-4.842737093567848, 5.924073883474467, 0,-4.842743463814259, 5.924069214676089, 0,-4.842743463814259, 5.924069214676089, 0,-4.8427508398890495, 5.924065546334456, 0,-4.8427508398890495, 5.924065546334456, 0,-4.842758886516094, 5.924061877992822, 0,-4.842758886516094, 5.924061877992822, 0,-4.842758886516094, 5.924061877992822, 0,-4.842766262590885, 5.924057542679941, 0,-4.842773638665676, 5.924051206453355, 0,-4.842781685292721, 5.9240455371979275, 0,-4.842781685292721, 5.9240455371979275, 0,-4.842781685292721, 5.9240455371979275, 0,-4.842790067195892, 5.924041535370543, 0,-4.842790067195892, 5.924041535370543, 0,-4.842797443270683, 5.924037867028732, 0,-4.842797443270683, 5.924037867028732, 0,-4.842804484069347, 5.924034865658156, 0,-4.842809177935123, 5.9240328647444125, 0,-4.8428235948085785, 5.92403353171566, 0,-4.8428235948085785, 5.92403353171566, 0,-4.8428235948085785, 5.92403353171566, 0,-4.842826947569847, 5.924032197773177, 0,-4.842826947569847, 5.924032197773177, 0,-4.842832647264004, 5.924031864287553, 0,-4.842832647264004, 5.924031864287553, 0,-4.842834323644638, 5.924031864287553, 0,-4.842834323644638, 5.924031864287553, 0,-4.842834658920765, 5.924031864287553, 0,-4.842834658920765, 5.924031864287553, 0,-4.842857792973518, 5.924030530345045, 0,-4.842857792973518, 5.924030530345045, 0,-4.842873886227608, 5.924028862916939, 0,-4.842873886227608, 5.924028862916939, 0,-4.842873886227608, 5.924028862916939, 0,-4.842885956168175, 5.924026195031923, 0,-4.842885956168175, 5.924026195031923, 0,-4.842885956168175, 5.924026195031923, 0,-4.842911101877689, 5.924020859261865, 0,-4.842911101877689, 5.924020859261865, 0,-4.842924512922764, 5.924017524405563, 0,-4.842924512922764, 5.924017524405563, 0,-4.842939265072346, 5.924015190006145, 0,-4.842939265072346, 5.924015190006145, 0,-4.842950664460659, 5.924011855149791, 0,-4.842950664460659, 5.924011855149791, 0,-4.842961393296719, 5.9240075198365165, 0,-4.842971786856651, 5.9240028510375655, 0,-4.842971786856651, 5.9240028510375655, 0,-4.842982180416584, 5.923998182238577, 0,-4.842982180416584, 5.923998182238577, 0,-4.842991232872009, 5.923992846468265, 0,-4.842991232872009, 5.923992846468265, 0,-4.842999614775181, 5.923988511154837, 0,-4.842999614775181, 5.923988511154837, 0,-4.843006990849972, 5.92398584326963, 0,-4.843006990849972, 5.92398584326963, 0,-4.843012690544128, 5.9239845093270205, 0,-4.843017719686031, 5.923982508413111, 0,-4.843017719686031, 5.923982508413111, 0,-4.843020066618919, 5.923978173099594, 0,-4.843025095760822, 5.9239741712717136, 0,-4.843025095760822, 5.9239741712717136, 0,-4.843029119074345, 5.923970836415132, 0,-4.843029119074345, 5.923970836415132, 0,-4.843029119074345, 5.923970836415132, 0,-4.843034483492374, 5.923966501101538, 0,-4.843034483492374, 5.923966501101538, 0,-4.843040853738785, 5.9239604983595715, 0,-4.843040853738785, 5.9239604983595715, 0,-4.843040853738785, 5.9239604983595715, 0,-4.843047559261322, 5.923956496531563, 0,-4.843056611716747, 5.923941489676264, 0,-4.843056611716747, 5.923941489676264, 0,-4.843060299754143, 5.923935486934029, 0,-4.843060299754143, 5.923935486934029, 0,-4.843063652515411, 5.923931485105843, 0,-4.843063652515411, 5.923931485105843, 0,-4.843078404664993, 5.923914810821394, 0,-4.843078404664993, 5.923914810821394, 0,-4.843078404664993, 5.923914810821394, 0,-4.843082092702389, 5.9239101420216675, 0,-4.843082092702389, 5.9239101420216675, 0,-4.843083098530769, 5.92390513973619, 0,-4.843083098530769, 5.923900137450675, 0,-4.843083098530769, 5.923900137450675, 0,-4.8430804163217545, 5.9238948016793955, 0,-4.8430804163217545, 5.9238948016793955, 0,-4.84307773411274, 5.9238911333366175, 0,-4.84307773411274, 5.9238911333366175, 0,-4.843075722455978, 5.923887464993826, 0,-4.843075722455978, 5.923887464993826, 0,-4.843073710799217, 5.923886464536688, 0,-4.843073710799217, 5.923886464536688, 0,-4.843070358037949, 5.923885464079562, 0,-4.843070358037949, 5.923885464079562, 0,-4.8430656641721725, 5.92388413013671, 0,-4.8430656641721725, 5.92388413013671, 0,-4.84306063503027, 5.923881462250994, 0,-4.84306063503027, 5.923881462250994, 0,-4.8430535942316055, 5.9238797948224295, 0,-4.843046553432941, 5.9238744590509596, 0,-4.843046553432941, 5.9238744590509596, 0,-4.843037500977516, 5.923859785679159, 0,-4.843034148216248, 5.923852448993119, 0,-4.843034148216248, 5.923852448993119, 0,-4.843028448522091, 5.923845779278453, 0,-4.843028448522091, 5.923845779278453, 0,-4.8430210724473, 5.923840776992391, 0,-4.8430210724473, 5.923840776992391, 0,-4.843013696372509, 5.923836108192028, 0,-4.843013696372509, 5.923836108192028, 0,-4.843006990849972, 5.923830772420139, 0,-4.843001291155815, 5.923823435733704, 0,-4.843001291155815, 5.923823435733704, 0,-4.842994920909405, 5.923816432532932, 0,-4.842994920909405, 5.923816432532932, 0,-4.8429882153868675, 5.923808762360555, 0,-4.8429882153868675, 5.923808762360555, 0,-4.84298050403595, 5.923805760988732, 0,-4.84298050403595, 5.923805760988732, 0,-4.842973463237286, 5.923803093102647, 0,-4.842973463237286, 5.923803093102647, 0,-4.842969104647636, 5.923798424301967, 0,-4.842969104647636, 5.923798424301967, 0,-4.842965416610241, 5.923794755958539, 0,-4.842965416610241, 5.923794755958539, 0,-4.842963069677353, 5.923792421558168, 0,-4.842963069677353, 5.923792421558168, 0,-4.842959046363831, 5.923790754129336, 0,-4.842959046363831, 5.923790754129336, 0,-4.8429566994309425, 5.923785751842777, 0,-4.8429566994309425, 5.923785751842777, 0,-4.842956364154816, 5.9237817500134975, 0,-4.842956364154816, 5.9237817500134975, 0,-4.84295167028904, 5.92377908212731, 0,-4.84295167028904, 5.92377908212731, 0,-4.842948317527771, 5.92377374635486, 0,-4.842948317527771, 5.92377374635486, 0,-4.84294630587101, 5.92376841058236, 0,-4.84294630587101, 5.92376841058236, 0,-4.84294630587101, 5.92376841058236, 0,-4.8429446294903755, 5.923762407838256, 0,-4.8429446294903755, 5.923762407838256, 0,-4.842944294214249, 5.923752069778789, 0,-4.842943288385868, 5.923744399605522, 0,-4.842943288385868, 5.923744399605522, 0,-4.842943288385868, 5.923744399605522, 0,-4.842941947281361, 5.9237373964037445, 0,-4.842941947281361, 5.9237373964037445, 0,-4.842939265072346, 5.923729392744459, 0,-4.842939265072346, 5.923729392744459, 0,-4.842935912311077, 5.923723723485737, 0,-4.842935912311077, 5.923723723485737, 0,-4.8429349064826965, 5.923716053312063, 0,-4.8429349064826965, 5.923716053312063, 0,-4.842932894825935, 5.923701046450237, 0,-4.842932894825935, 5.923701046450237, 0,-4.842933230102062, 5.9236903749037975, 0,-4.842933230102062, 5.9236903749037975, 0,-4.842932224273682, 5.923678035927968, 0,-4.842932224273682, 5.923678035927968, 0,-4.842931888997555, 5.923669365296137, 0,-4.842931888997555, 5.923669365296137, 0,-4.842933900654316, 5.923659694206633, 0,-4.842933900654316, 5.923659694206633, 0,-4.842933565378189, 5.923650023116951, 0,-4.842933565378189, 5.923650023116951, 0,-4.842930883169174, 5.923643353399844, 0,-4.842930883169174, 5.923643353399844, 0,-4.842927530407906, 5.923635683225062, 0,-4.842926524579525, 5.923628680021898, 0,-4.842926524579525, 5.923628680021898, 0,-4.842926524579525, 5.923619675903426, 0,-4.842926524579525, 5.923619675903426, 0,-4.842927530407906, 5.923612339214193, 0,-4.842927530407906, 5.923612339214193, 0,-4.842927530407906, 5.923612339214193, 0,-4.842925854027271, 5.923605336010736, 0,-4.842926189303398, 5.923598666293081, 0,-4.842926189303398, 5.923598666293081, 0,-4.842926189303398, 5.923598666293081, 0,-4.84292384237051, 5.923591996575349, 0,-4.84291847795248, 5.92358566034342, 0,-4.842895679175854, 5.92356398375997, 0,-4.842889979481697, 5.923556313584082, 0,-4.842889979481697, 5.923556313584082, 0,-4.842883609235287, 5.923550310837662, 0,-4.842883609235287, 5.923550310837662, 0,-4.84287790954113, 5.923543974605262, 0,-4.84287790954113, 5.923543974605262, 0,-4.842876233160496, 5.923538638830548, 0,-4.842873550951481, 5.923535637457261, 0,-4.842858128249645, 5.923462270549343, 0,-4.842858128249645, 5.923462270549343, 0,-4.842858128249645, 5.923462270549343, 0,-4.842859469354153, 5.923459269175637, 0,-4.842859469354153, 5.923459269175637, 0,-4.842858798801899, 5.923453933400108, 0,-4.842858463525772, 5.923449931568423, 0,-4.842858463525772, 5.923449931568423, 0,-4.842858463525772, 5.923449931568423, 0,-4.842854775488377, 5.923448931110496, 0,-4.8428551107645035, 5.923444929278786, 0,-4.8428551107645035, 5.923444929278786, 0,-4.842853769659996, 5.923442594876925, 0,-4.842853434383869, 5.923437259101244, 0,-4.842853434383869, 5.923437259101244, 0,-4.842853434383869, 5.923435591671331, 0,-4.842853434383869, 5.923435591671331, 0,-4.842851087450981, 5.923426921035697, 0,-4.842851087450981, 5.923426921035697, 0,-4.842851087450981, 5.923416582969958, 0,-4.84284907579422, 5.923406244904016, 0,-4.84284907579422, 5.923406244904016, 0,-4.842846058309078, 5.92339857472594, 0,-4.842846058309078, 5.92339857472594, 0,-4.842841364443302, 5.923391571519786, 0,-4.842841364443302, 5.923391571519786, 0,-4.842835329473019, 5.92338456831353, 0,-4.842829965054989, 5.923379232537264, 0,-4.842829965054989, 5.923379232537264, 0,-4.842826947569847, 5.923370561900751, 0,-4.842826947569847, 5.923370561900751, 0,-4.8428235948085785, 5.923361891264099, 0,-4.8428235948085785, 5.923361891264099, 0,-4.842819236218929, 5.92335355411335, 0,-4.842815548181534, 5.9233458839345365, 0,-4.842815548181534, 5.9233458839345365, 0,-4.842813201248646, 5.923336546325403, 0,-4.842813201248646, 5.923336546325403, 0,-4.842807836830616, 5.923327875688216, 0,-4.842801466584206, 5.923319538536946, 0,-4.842801466584206, 5.923319538536946, 0,-4.842790737748146, 5.9233018637758414, 0,-4.842790737748146, 5.9233018637758414, 0,-4.842788055539131, 5.923290525249542, 0,-4.842788055539131, 5.923290525249542, 0,-4.8427847027778625, 5.923280187181234, 0,-4.8427847027778625, 5.923280187181234, 0,-4.842785038053989, 5.9232688486545015, 0,-4.842785038053989, 5.9232688486545015, 0,-4.842785373330116, 5.923258510585799, 0,-4.842785373330116, 5.923258510585799, 0,-4.842782020568848, 5.923249506461284, 0,-4.842782020568848, 5.923249506461284, 0,-4.842773638665676, 5.923243503711544, 0,-4.842773638665676, 5.923243503711544, 0,-4.842763915657997, 5.92324216976714, 0,-4.842763915657997, 5.92324216976714, 0,-4.8427558690309525, 5.9232398353644395, 0,-4.8427558690309525, 5.9232398353644395, 0,-4.842750169336796, 5.9232381679339285, 0,-4.842744134366512, 5.923233832614584, 0,-4.842744134366512, 5.923233832614584, 0,-4.842744134366512, 5.923233832614584, 0,-4.84274011105299, 5.92321982619799, 0,-4.842736087739468, 5.9232114890450775, 0,-4.842736087739468, 5.9232114890450775, 0,-4.842732399702072, 5.923203151892052, 0,-4.842732399702072, 5.923203151892052, 0,-4.842731393873692, 5.923195148225019, 0,-4.842731393873692, 5.923195148225019, 0,-4.842729717493057, 5.923188811988548, 0,-4.842729717493057, 5.923188811988548, 0,-4.842729717493057, 5.923188811988548, 0,-4.842727035284042, 5.923183476210398, 0,-4.842727035284042, 5.923183476210398, 0,-4.842721335589886, 5.923179474376767, 0,-4.842721335589886, 5.923179474376767, 0,-4.842708259820938, 5.923177139973787, 0,-4.842708259820938, 5.923177139973787, 0,-4.842708259820938, 5.923177139973787, 0,-4.842698536813259, 5.9231761395153635, 0,-4.842698536813259, 5.9231761395153635, 0,-4.84268881380558, 5.923174805570807, 0,-4.84268881380558, 5.923174805570807, 0,-4.842681102454662, 5.923173471626251, 0,-4.842681102454662, 5.923173471626251, 0,-4.84267070889473, 5.923174138598516, 0,-4.842660650610924, 5.923174805570807, 0,-4.842660650610924, 5.923174805570807, 0,-4.842647239565849, 5.9231724711678275, 0,-4.842647239565849, 5.9231724711678275, 0,-4.842647239565849, 5.9231724711678275, 0,-4.842622764408588, 5.923168469334107, 0,-4.842622764408588, 5.923168469334107, 0,-4.842622764408588, 5.923168469334107, 0,-4.8425885662436485, 5.923163133555755, 0,-4.842570461332798, 5.92316013218042, 0,-4.842570461332798, 5.92316013218042, 0,-4.842570461332798, 5.92316013218042, 0,-4.842562414705753, 5.92315913172197, 0,-4.84255738556385, 5.92316013218042, 0,-4.84255738556385, 5.92316013218042, 0,-4.84255738556385, 5.92316013218042, 0,-4.842553697526455, 5.923163133555755, 0,-4.84254464507103, 5.923172137681682, 0,-4.842537268996239, 5.923173471626251, 0,-4.842537268996239, 5.923173471626251, 0,-4.842526875436306, 5.923173471626251, 0,-4.842526875436306, 5.923173471626251, 0,-4.8425168171525, 5.923171804195536, 0,-4.842508099973202, 5.9231701367648215, 0,-4.842508099973202, 5.9231701367648215, 0,-4.842500723898411, 5.923169803278676, 0,-4.842492677271366, 5.923168135847962, 0,-4.842485636472702, 5.923166801903367, 0,-4.842485636472702, 5.923166801903367, 0,-4.842478595674038, 5.923167468875658, 0,-4.842478595674038, 5.923167468875658, 0,-4.842471890151501, 5.923166801903367, 0,-4.842463843524456, 5.9231654679587855, 0,-4.8424601554870605, 5.923164800986494, 0,-4.8424601554870605, 5.923164800986494, 0,-4.842452444136143, 5.923162466583463, 0,-4.842452444136143, 5.923162466583463, 0,-4.842452444136143, 5.923162466583463, 0,-4.842446409165859, 5.92316179961116, 0,-4.8424313217401505, 5.9231567973189145, 0,-4.842422939836979, 5.923157464291205, 0,-4.842395111918449, 5.923166134931076, 0,-4.842395111918449, 5.923166134931076, 0,-4.842386394739151, 5.923166801903367, 0,-4.842375665903091, 5.923168135847962, 0,-4.842375665903091, 5.923168135847962, 0,-4.842367619276047, 5.923169803278676, 0,-4.842367619276047, 5.923169803278676, 0,-4.842349849641323, 5.923169136306385, 0,-4.842349849641323, 5.923169136306385, 0,-4.842342138290405, 5.923166468417222, 0,-4.842335432767868, 5.923164134014203, 0,-4.842335432767868, 5.923164134014203, 0,-4.842335432767868, 5.923164134014203, 0,-4.842318333685398, 5.923162133097318, 0,-4.84231062233448, 5.92316013218042, 0,-4.84231062233448, 5.92316013218042, 0,-4.842301234602928, 5.923158464749667, 0,-4.842301234602928, 5.923158464749667, 0,-4.842301234602928, 5.923158464749667, 0,-4.842284470796585, 5.923156463832769, 0,-4.842268712818623, 5.923154796402003, 0,-4.842268712818623, 5.923154796402003, 0,-4.842236526310444, 5.923147793192745, 0,-4.842236526310444, 5.923147793192745, 0,-4.8422301560640335, 5.923144458331163, 0,-4.84221775084734, 5.923138789066436, 0</coordinates>
                </LinearRing>
            </outerBoundaryIs>
        </Polygon>
    </MultiGeometry>
  </Placemark><Placemark>
	<Style><LineStyle><color>ff0000ff</color></LineStyle><PolyStyle><fill>0</fill></PolyStyle></Style>
	<ExtendedData><SchemaData schemaUrl="#programmeband_1">
		<SimpleData name="N°">8</SimpleData>
		<SimpleData name="Cooperative">COOP CA SCAAB</SimpleData>
		<SimpleData name="Code_CCC">COOP CA SCAAB</SimpleData>
		<SimpleData name="Code_Producteur">SCAAB-TIA-251</SimpleData>
		<SimpleData name="Code_Parcelle">SCAAB-TIA-251-P1</SimpleData>
		<SimpleData name="Section">TIASSALE</SimpleData>
		<SimpleData name="Localite">TIASSALE</SimpleData>
		<SimpleData name="Sous-Prefecture">TIASSALE</SimpleData>
		<SimpleData name="Region ">AGNEBY-TIASSA</SimpleData>
		<SimpleData name="Nom">KOUAME</SimpleData>
		<SimpleData name="Prenoms">YAO FAUSTIN</SimpleData>
		<SimpleData name="Genre">Homme</SimpleData>
		<SimpleData name="Programme">Mondelez</SimpleData>
		<SimpleData name="Departement"></SimpleData>
		<SimpleData name="Statut">Candidat</SimpleData>
	</SchemaData>
    </ExtendedData>
      <MultiGeometry>
        <Polygon>
            <outerBoundaryIs>
                <LinearRing>
                    <coordinates>-4.843491800129414, 5.922260052329074, 0,-4.843491800129414, 5.922260052329074, 0,-4.843491800129414, 5.922260052329074, 0,-4.843491800129414, 5.922260052329074, 0,-4.843491800129414, 5.922260052329074, 0,-4.843491800129414, 5.922260052329074, 0,-4.843491800129414, 5.922260052329074, 0,-4.843491800129414, 5.922260052329074, 0,-4.843491800129414, 5.922260052329074, 0,-4.843491800129414, 5.922260052329074, 0,-4.843491800129414, 5.922260052329074, 0,-4.843491800129414, 5.922260052329074, 0,-4.843491800129414, 5.922260052329074, 0,-4.843529686331749, 5.922254383055263, 0,-4.843542762100697, 5.922249047268093, 0,-4.843542762100697, 5.922249047268093, 0,-4.843553490936756, 5.922245378914387, 0,-4.843560867011547, 5.922243377994168, 0,-4.843572936952114, 5.922246045887785, 0,-4.843572936952114, 5.922246045887785, 0,-4.843578301370144, 5.922252382135082, 0,-4.843578301370144, 5.922252382135082, 0,-4.84358936548233, 5.922266388576206, 0,-4.843595065176487, 5.922268389496349, 0,-4.843595065176487, 5.922268389496349, 0,-4.84360009431839, 5.922267389036284, 0,-4.8436064645648, 5.922267055549604, 0,-4.843615852296352, 5.922265388116141, 0,-4.8436349630355835, 5.922269723443093, 0,-4.843641333281994, 5.922274725743379, 0,-4.843641333281994, 5.922274725743379, 0,-4.84365239739418, 5.922273725283327, 0,-4.84365239739418, 5.922273725283327, 0,-4.843662455677986, 5.922271724363223, 0,-4.8436711728572845, 5.922268389496349, 0,-4.843675531446934, 5.92225204864839, 0,-4.843673855066299, 5.922247713321285, 0,-4.843673855066299, 5.922247713321285, 0,-4.843673519790173, 5.9222413770739495, 0,-4.843673519790173, 5.9222413770739495, 0,-4.843672178685665, 5.922235040826525, 0,-4.843694306910038, 5.92221636557056, 0,-4.843704365193844, 5.922214698136945, 0,-4.843704365193844, 5.922214698136945, 0,-4.843711741268635, 5.922213364190074, 0,-4.843711741268635, 5.922213364190074, 0,-4.843718111515045, 5.922212697216625, 0,-4.843724817037582, 5.922211696756458, 0,-4.843724817037582, 5.922211696756458, 0,-4.843732863664627, 5.922210029322843, 0,-4.843742586672306, 5.922205360508702, 0,-4.8437513038516045, 5.922204693535241, 0,-4.8437513038516045, 5.922204693535241, 0,-4.8437583446502686, 5.922206360968869, 0,-4.8437583446502686, 5.922206360968869, 0,-4.843767732381821, 5.922208028402497, 0,-4.843779131770134, 5.922209695836125, 0,-4.843779131770134, 5.922209695836125, 0,-4.843792207539082, 5.922212697216625, 0,-4.8437995836138725, 5.922214698136945, 0,-4.8437995836138725, 5.922214698136945, 0,-4.843808971345425, 5.922217032543997, 0,-4.843815341591835, 5.92221970043774, 0,-4.843815341591835, 5.92221970043774, 0,-4.843824058771133, 5.922215365110394, 0,-4.843830429017544, 5.922213364190074, 0,-4.843839146196842, 5.922213030703356, 0,-4.843845181167126, 5.922213030703356, 0,-4.843845181167126, 5.922213030703356, 0,-4.8438528925180435, 5.922213364190074, 0,-4.8438528925180435, 5.922213364190074, 0,-4.843859598040581, 5.92221636557056, 0,-4.8438649624586105, 5.922220033924446, 0,-4.8438649624586105, 5.922220033924446, 0,-4.843870662152767, 5.92222370227833, 0,-4.843873679637909, 5.922229371552459, 0,-4.843873679637909, 5.922229371552459, 0,-4.843876697123051, 5.922236041286653, 0,-4.843875356018543, 5.922243711480873, 0,-4.843875356018543, 5.922243711480873, 0,-4.843875356018543, 5.922253382595173, 0,-4.843878038227558, 5.922269389956414, 0,-4.8438810557127, 5.922277393636856, 0,-4.843884743750095, 5.922283396397105, 0,-4.843888096511364, 5.922287398237249, 0,-4.8438917845487595, 5.922292067050691, 0,-4.843893796205521, 5.922298069810787, 0,-4.843893796205521, 5.922298069810787, 0,-4.8438964784145355, 5.9223047395441535, 0,-4.843898490071297, 5.922310408817456, 0,-4.843898490071297, 5.922310408817456, 0,-4.8439015075564384, 5.922315411117372, 0,-4.8439035192132, 5.9223227478238325, 0,-4.8439038544893265, 5.922329751043548, 0,-4.843905195593834, 5.922336754263175, 0,-4.843905195593834, 5.922336754263175, 0,-4.843907877802849, 5.922343090509429, 0,-4.84390988945961, 5.922352094648716, 0,-4.84390988945961, 5.922352094648716, 0,-4.843911901116371, 5.9223607653012325, 0,-4.8439159244298935, 5.9223701029268545, 0,-4.8439206182956696, 5.9223767726593435, 0,-4.8439206182956696, 5.9223767726593435, 0,-4.843924641609192, 5.922383108905127, 0,-4.8439279943704605, 5.922388444691012, 0,-4.8439279943704605, 5.922388444691012, 0,-4.843931347131729, 5.92239611488312, 0,-4.843936711549759, 5.922408453887588, 0,-4.843936711549759, 5.922408453887588, 0,-4.843944422900677, 5.922418791972206, 0,-4.84394945204258, 5.922426128677292, 0,-4.843956828117371, 5.922434132355456, 0,-4.843962527811527, 5.922442469520098, 0,-4.843962527811527, 5.922442469520098, 0,-4.843968898057938, 5.922450473198034, 0,-4.843975603580475, 5.922455475496679, 0,-4.843975603580475, 5.922455475496679, 0,-4.843994379043579, 5.92246481312071, 0,-4.844003431499004, 5.92247114936549, 0,-4.844003431499004, 5.92247114936549, 0,-4.844010807573795, 5.92247881955644, 0,-4.844013825058937, 5.92248715672042, 0,-4.844013825058937, 5.92248715672042, 0,-4.844010137021542, 5.922508833346121, 0,-4.844010137021542, 5.922508833346121, 0,-4.844006784260273, 5.922517837482709, 0,-4.844004437327385, 5.922525174186484, 0,-4.844005107879639, 5.9225368462150225, 0,-4.844007454812527, 5.92255552146016, 0,-4.844007454812527, 5.92255552146016, 0,-4.844007454812527, 5.9225648590825, 0,-4.844009131193161, 5.922575864137182, 0,-4.844013154506683, 5.922583534326696, 0,-4.844013154506683, 5.922583534326696, 0,-4.844019524753094, 5.92259854121889, 0,-4.844021871685982, 5.922606544894549, 0,-4.844020865857601, 5.922614882056595, 0,-4.844021536409855, 5.92262088481318, 0,-4.844024553894997, 5.922628555002057, 0,-4.844030253589153, 5.9226458962982615, 0,-4.844031259417534, 5.922652232540966, 0,-4.844031259417534, 5.922652232540966, 0,-4.844034276902676, 5.9226585687835955, 0,-4.844036288559437, 5.922665238512598, 0,-4.844036288559437, 5.922665238512598, 0,-4.8440393060445786, 5.922673909160192, 0,-4.844040311872959, 5.922701255047873, 0,-4.844040311872959, 5.922701255047873, 0,-4.844037964940071, 5.922708258262792, 0,-4.844037629663944, 5.922713594045521, 0,-4.844037629663944, 5.922723598638014, 0,-4.844038970768452, 5.922733603230317, 0,-4.844038970768452, 5.922733603230317, 0,-4.844040982425213, 5.922742273876829, 0,-4.844042658805847, 5.922751944982401, 0,-4.8440443351864815, 5.922760615628633, 0,-4.84404232352972, 5.922775956002405, 0,-4.84404232352972, 5.922775956002405, 0,-4.84404131770134, 5.922796632157685, 0,-4.84404131770134, 5.922796632157685, 0,-4.844041652977467, 5.92280963812592, 0,-4.844042658805847, 5.922817641798539, 0,-4.844042658805847, 5.922817641798539, 0,-4.8440443351864815, 5.922825645471042, 0,-4.84404768794775, 5.922832648684384, 0,-4.844051040709019, 5.922842986761051, 0,-4.844054393470287, 5.922851990892182, 0,-4.844054393470287, 5.922851990892182, 0,-4.844060093164444, 5.922860328050513, 0,-4.844065457582474, 5.922867664749746, 0,-4.844072163105011, 5.922873000530923, 0,-4.844079203903675, 5.922880337229991, 0,-4.844079203903675, 5.922880337229991, 0,-4.844085909426212, 5.922884672552121, 0,-4.844091609120369, 5.922892009251011, 0,-4.844096638262272, 5.922900346408744, 0,-4.844096638262272, 5.922900346408744, 0,-4.844111390411854, 5.922924357422286, 0,-4.844118431210518, 5.922945367058292, 0,-4.844118431210518, 5.922945367058292, 0,-4.844113737344742, 5.92296304183082, 0,-4.844111390411854, 5.9229700450424065, 0,-4.8441097140312195, 5.922977048253916, 0,-4.844108372926712, 5.922984051465337, 0,-4.844108372926712, 5.922984051465337, 0,-4.844108372926712, 5.9229907211904225, 0,-4.844106025993824, 5.92300906293397, 0,-4.84410434961319, 5.923016733117465, 0,-4.8441097140312195, 5.923026070731993, 0,-4.844113737344742, 5.923028071649375, 0,-4.844113737344742, 5.923028071649375, 0,-4.844119772315025, 5.923028405135597, 0,-4.844119772315025, 5.923028405135597, 0,-4.844127483665943, 5.923029405594288, 0,-4.844136871397495, 5.9230307395392, 0,-4.844157658517361, 5.923045746419245, 0,-4.844173416495323, 5.923076760636714, 0,-4.844173416495323, 5.923076760636714, 0,-4.844176769256592, 5.923084430819268, 0,-4.84418012201786, 5.9230924344878915, 0,-4.84418012201786, 5.9230924344878915, 0,-4.844186156988144, 5.923099437697849, 0,-4.844186156988144, 5.923099437697849, 0,-4.844190180301666, 5.923103773018262, 0,-4.844227060675621, 5.923116445493087, 0,-4.844227060675621, 5.923116445493087, 0,-4.844226725399494, 5.92311911338248, 0,-4.844226725399494, 5.92311911338248, 0,-4.844229072332382, 5.92312078081336, 0,-4.844229072332382, 5.92312078081336, 0,-4.844235442578793, 5.9231237821889104, 0,-4.844244159758091, 5.923125783105936, 0,-4.844253547489643, 5.923129117967632, 0,-4.8442696407437325, 5.923131118884645, 0,-4.8442696407437325, 5.923131118884645, 0,-4.844278022646904, 5.9231294514538035, 0,-4.844278022646904, 5.9231294514538035, 0,-4.8442864045500755, 5.92312745053679, 0,-4.8442864045500755, 5.92312745053679, 0,-4.8442937806248665, 5.9231294514538035, 0,-4.8442937806248665, 5.9231294514538035, 0,-4.844304844737053, 5.923133453287803, 0,-4.844307862222195, 5.92314279090036, 0,-4.84430618584156, 5.9231437913588465, 0,-4.844307862222195, 5.923143457872676, 0,-4.8443081974983215, 5.9231451253034795, 0,-4.844311214983463, 5.923164800986494, 0,-4.844334349036217, 5.923176806487654, 0,-4.844335354864597, 5.9231754725430985, 0,-4.8443420603871346, 5.923189478960801, 0,-4.8443420603871346, 5.923189478960801, 0,-4.84435111284256, 5.923199150058548, 0,-4.844353124499321, 5.9232041523504115, 0,-4.84435647726059, 5.923209488128358, 0,-4.8443568125367165, 5.923214490420133, 0,-4.844355471432209, 5.923221160142444, 0,-4.844350777566433, 5.923225161975769, 0,-4.844350107014179, 5.923232498670155, 0,-4.844347424805164, 5.923250840405675, 0,-4.844348430633545, 5.923256843155352, 0,-4.844352453947067, 5.9232658472797395, 0,-4.844356141984463, 5.9232761853483025, 0,-4.844359494745731, 5.923279853695165, 0,-4.844370223581791, 5.9232971949709246, 0,-4.844374246895313, 5.9233028642340235, 0,-4.844376929104328, 5.923306866066764, 0,-4.8443786054849625, 5.923311534871605, 0,-4.844389334321022, 5.923324540827715, 0,-4.844395034015179, 5.92333721329749, 0,-4.844395034015179, 5.92333721329749, 0,-4.84439805150032, 5.923345216962462, 0,-4.844401068985462, 5.92335355411335, 0,-4.844403080642223, 5.923361891264099, 0,-4.844404757022858, 5.923369227956666, 0,-4.8444027453660965, 5.923375897677081, 0,-4.8444027453660965, 5.923375897677081, 0,-4.844402074813843, 5.923383901341494, 0,-4.844398386776447, 5.923396240323889, 0,-4.844398386776447, 5.923396240323889, 0,-4.84439805150032, 5.923401909585983, 0,-4.844399057328701, 5.923408245820024, 0,-4.844399727880955, 5.923417249941943, 0,-4.844393692910671, 5.923445262764753, 0,-4.844393357634544, 5.923447263680608, 0,-4.84439805150032, 5.9234542668860755, 0,-4.8444050922989845, 5.923464938437081, 0,-4.844413809478283, 5.923471274670384, 0,-4.844430908560753, 5.923488949426082, 0,-4.844457060098648, 5.923516295273382, 0,-4.844459071755409, 5.923528967738754, 0,-4.844459071755409, 5.923541306717918, 0,-4.844459071755409, 5.923541306717918, 0,-4.84446108341217, 5.923553645696801, 0,-4.844462759792805, 5.923566651647213, 0,-4.8444657772779465, 5.9235776566819345, 0,-4.8444657772779465, 5.9235776566819345, 0,-4.844477511942387, 5.923607336926018, 0,-4.844478853046894, 5.923617674988194, 0,-4.844475835561752, 5.923629013507764, 0,-4.844475835561752, 5.923629013507764, 0,-4.844469465315342, 5.923639351569533, 0,-4.844469465315342, 5.923639351569533, 0,-4.844465106725693, 5.923649356145258, 0,-4.84446007758379, 5.923656692833996, 0,-4.84446007758379, 5.923656692833996, 0,-4.8444537073373795, 5.923662362093405, 0,-4.844447001814842, 5.923668364838616, 0,-4.844434931874275, 5.923679036385475, 0,-4.844419173896313, 5.923686706559658, 0,-4.844410791993141, 5.923692709304589, 0,-4.844410791993141, 5.923692709304589, 0,-4.84440241008997, 5.923698045077815, 0,-4.84440241008997, 5.923698045077815, 0,-4.8443953692913055, 5.92370438130846, 0,-4.844391345977783, 5.923709050109929, 0,-4.844387657940388, 5.923712718453916, 0,-4.84436921775341, 5.923731393659284, 0,-4.844365864992142, 5.923736062460537, 0,-4.844361841678619, 5.923742065204934, 0,-4.844360165297985, 5.9237474009776765, 0,-4.844360165297985, 5.9237474009776765, 0,-4.844357147812843, 5.923754737665129, 0,-4.844356141984463, 5.923762741324045, 0,-4.844356141984463, 5.923767743610807, 0,-4.844356141984463, 5.923767743610807, 0,-4.844355136156082, 5.92377508029798, 0,-4.844355136156082, 5.92377508029798, 0,-4.844353459775448, 5.92378408441392, 0,-4.844353459775448, 5.92378408441392, 0,-4.844349101185799, 5.923795089444316, 0,-4.844349101185799, 5.923795089444316, 0,-4.844344072043896, 5.923806094474483, 0,-4.844344072043896, 5.923806094474483, 0,-4.844340048730373, 5.923815432075666, 0,-4.844340048730373, 5.923815432075666, 0,-4.844336695969105, 5.923823102247953, 0,-4.844336695969105, 5.923823102247953, 0,-4.84432864934206, 5.923839776535176, 0,-4.84432864934206, 5.923839776535176, 0,-4.844321273267269, 5.923850114592988, 0,-4.844316579401493, 5.92385911870772, 0,-4.844305515289307, 5.923872124650931, 0,-4.844290763139725, 5.923880795279568, 0,-4.844295121729374, 5.923875126022398, 0,-4.844295121729374, 5.923875126022398, 0,-4.844295121729374, 5.923875126022398, 0,-4.844295121729374, 5.923875126022398, 0,-4.844317585229874, 5.923890466365204, 0,-4.844320937991142, 5.923897136079348, 0,-4.844320937991142, 5.923897136079348, 0,-4.844321943819523, 5.9239188126497195, 0,-4.844321943819523, 5.9239188126497195, 0,-4.844322949647903, 5.923924481906445, 0,-4.844322949647903, 5.923924481906445, 0,-4.844324626028538, 5.923935486934029, 0,-4.844326637685299, 5.923945824990048, 0,-4.844326637685299, 5.923945824990048, 0,-4.844331331551075, 5.923955829560214, 0,-4.8443397134542465, 5.923969835958146, 0,-4.844339042901993, 5.923976505671322, 0,-4.844339042901993, 5.923976505671322, 0,-4.844341725111008, 5.923984842812682, 0,-4.844343401491642, 5.923993179953902, 0,-4.844343401491642, 5.923993179953902, 0,-4.844348765909672, 5.9240098542359725, 0,-4.844348430633545, 5.924021192747501, 0,-4.844348095357418, 5.924027195488807, 0,-4.844358153641224, 5.9240518734245775, 0,-4.844364523887634, 5.92405720919433, 0,-4.844381287693977, 5.924068547704879, 0,-4.844386652112007, 5.924073549988881, 0,-4.84439168125391, 5.924078552272818, 0,-4.84439805150032, 5.924084888499086, 0,-4.8444003984332085, 5.924093225638805, 0,-4.844425208866596, 5.9241175700860635, 0,-4.844430238008499, 5.92412490676858, 0,-4.8444366082549095, 5.924128575109819, 0,-4.8444366082549095, 5.924128575109819, 0,-4.844443313777447, 5.924136245277743, 0,-4.8444486781954765, 5.924140580590013, 0,-4.844455048441887, 5.924144248931137, 0,-4.844464771449566, 5.924158255324273, 0,-4.844469800591469, 5.924167592919502, 0,-4.84447181224823, 5.924176263543508, 0,-4.84447181224823, 5.924176263543508, 0,-4.84447181224823, 5.924186268109501, 0,-4.844470135867596, 5.924194938733215, 0,-4.844468459486961, 5.924201941929191, 0,-4.84446544200182, 5.9242089451250655, 0,-4.844461753964424, 5.924215614835354, 0,-4.844461753964424, 5.924215614835354, 0,-4.844459742307663, 5.924231622139714, 0,-4.844458065927029, 5.92423862533522, 0,-4.844458065927029, 5.92423862533522, 0,-4.844457395374775, 5.924258300979279, 0,-4.844457395374775, 5.924258300979279, 0,-4.844459407031536, 5.924266638116364, 0,-4.844466112554073, 5.924279977535465, 0,-4.844468459486961, 5.92428698073036, 0,-4.844474159181118, 5.92431132516907, 0,-4.844475165009499, 5.924320996247162, 0,-4.844482876360416, 5.924342005830027, 0,-4.844482876360416, 5.924342005830027, 0,-4.844490587711334, 5.924348342053267, 0,-4.844514392316341, 5.924366683751727, 0,-4.844522774219513, 5.92437268648928, 0,-4.844530150294304, 5.924378022255928, 0,-4.844538196921349, 5.924383024537118, 0,-4.8445576429367065, 5.9243880268182565, 0,-4.8445576429367065, 5.9243880268182565, 0,-4.844569712877274, 5.92439503001179, 0,-4.844569712877274, 5.92439503001179, 0,-4.844573736190796, 5.924402700176012, 0,-4.844578765332699, 5.924411037310934, 0,-4.844578765332699, 5.924411037310934, 0,-4.844583459198475, 5.924420374901901, 0,-4.84458714723587, 5.9244280450657785, 0,-4.8445891588926315, 5.9244387165979555, 0,-4.844589494168758, 5.9244490546445725, 0,-4.8445891588926315, 5.924459059205617, 0,-4.844590499997139, 5.924469063766483, 0,-4.844588823616505, 5.924479068327158, 0,-4.844588823616505, 5.924479068327158, 0,-4.84458714723587, 5.924485738034177, 0,-4.844585470855236, 5.92449474213854, 0,-4.844585470855236, 5.92449474213854, 0,-4.844583794474602, 5.9245044132134135, 0,-4.844582118093967, 5.924514084288121, 0,-4.844582118093967, 5.924514084288121, 0,-4.844581447541714, 5.924522754906695, 0,-4.844581112265587, 5.92453009158383, 0,-4.844581112265587, 5.92453009158383, 0,-4.844581112265587, 5.924539429172774, 0,-4.844586476683617, 5.924547766305622, 0,-4.844586476683617, 5.924547766305622, 0,-4.844591170549393, 5.9245561034383565, 0,-4.844596199691296, 5.92456444057095, 0,-4.844596199691296, 5.92456444057095, 0,-4.8446012288331985, 5.9245724442181364, 0,-4.844604916870594, 5.924581114835782, 0,-4.844607263803482, 5.924589785453287, 0,-4.844608940184116, 5.924597122129531, 0,-4.844608940184116, 5.924597122129531, 0,-4.844610616564751, 5.924601457438175, 0,-4.844613634049892, 5.924608460629012, 0,-4.844617992639542, 5.9246164642755375, 0,-4.844617992639542, 5.9246164642755375, 0,-4.84462033957243, 5.924625801863031, 0,-4.844619669020176, 5.924635806420869, 0,-4.844619669020176, 5.924635806420869, 0,-4.8446183279156685, 5.924645810978529, 0,-4.844613969326019, 5.924663152211389, 0,-4.844613969326019, 5.924663152211389, 0,-4.844612963497639, 5.92467715859137, 0,-4.844613969326019, 5.924683828295998, 0,-4.844616651535034, 5.924691498456224, 0,-4.844619333744049, 5.924699835586782, 0,-4.844626039266586, 5.92470650529113, 0,-4.844626039266586, 5.92470650529113, 0,-4.844632409512997, 5.924714175451039, 0,-4.844632409512997, 5.924714175451039, 0,-4.844635426998138, 5.924722512581254, 0,-4.844635426998138, 5.924722512581254, 0,-4.8446374386549, 5.924730849711342, 0,-4.8446374386549, 5.924730849711342, 0,-4.8446377739310265, 5.924738186385728, 0,-4.844645820558071, 5.92476186383417, 0,-4.844645820558071, 5.92476186383417, 0,-4.844647832214832, 5.924771201419196, 0,-4.844647832214832, 5.924771201419196, 0,-4.844651520252228, 5.924779538548545, 0,-4.844653867185116, 5.92478787567778, 0,-4.844657890498638, 5.924795212351391, 0,-4.844657890498638, 5.924795212351391, 0,-4.844661578536034, 5.924805550391317, 0,-4.844661578536034, 5.924805550391317, 0,-4.8446739837527275, 5.924830561777445, 0,-4.8446739837527275, 5.924830561777445, 0,-4.8446739837527275, 5.924830561777445, 0,-4.8446739837527275, 5.924839565876172, 0,-4.8446739837527275, 5.924839565876172, 0,-4.84467264264822, 5.924849236945015, 0,-4.84467264264822, 5.924849236945015, 0,-4.844673313200474, 5.924857907558322, 0,-4.844674989581108, 5.924866244686362, 0,-4.844674989581108, 5.924866244686362, 0,-4.84467800706625, 5.924874581814273, 0,-4.844681695103645, 5.924882918942071, 0,-4.844681695103645, 5.924882918942071, 0,-4.84468337148428, 5.924891256069742, 0,-4.844689071178436, 5.924931941250943, 0,-4.844692423939705, 5.924941278833093, 0,-4.844692423939705, 5.924941278833093, 0,-4.84469510614872, 5.924949615959873, 0,-4.8447152227163315, 5.925027651460477, 0,-4.8447152227163315, 5.925027651460477, 0,-4.844717234373093, 5.925037989496063, 0,-4.844717234373093, 5.925037989496063, 0,-4.844723269343376, 5.925046660106394, 0,-4.844723269343376, 5.925046660106394, 0,-4.844730645418167, 5.925053663291556, 0,-4.844736345112324, 5.925061666931656, 0,-4.844736345112324, 5.925061666931656, 0,-4.8447393625974655, 5.9250686701166275, 0,-4.8447393625974655, 5.9250686701166275, 0,-4.844742380082607, 5.9250753398165354, 0,-4.8447467386722565, 5.925082343001341, 0,-4.8447467386722565, 5.925082343001341, 0,-4.844752438366413, 5.92508767876112, 0,-4.844754450023174, 5.9250940149758105, 0,-4.844758473336697, 5.925133032717289, 0,-4.844758473336697, 5.925133032717289, 0,-4.844758473336697, 5.925143037265954, 0,-4.844757802784443, 5.9251493734799965, 0,-4.844754450023174, 5.925156043178924, 0,-4.844754450023174, 5.925156043178924, 0,-4.844748079776764, 5.925161045453066, 0,-4.844744391739368, 5.92516704818198, 0,-4.844744391739368, 5.92516704818198, 0,-4.844731651246548, 5.92517471833549, 0,-4.844725951552391, 5.925178386669732, 0,-4.844717234373093, 5.9251803875793145, 0,-4.844717234373093, 5.9251803875793145, 0,-4.844708852469921, 5.92518338894367, 0,-4.844708852469921, 5.92518338894367, 0,-4.8447031527757645, 5.925186390308013, 0,-4.8447031527757645, 5.925186390308013, 0,-4.844694435596466, 5.925190725612026, 0,-4.844694435596466, 5.925190725612026, 0,-4.844687059521675, 5.925195394400926, 0,-4.84467800706625, 5.9251993962199645, 0,-4.844655878841877, 5.925206732888117, 0,-4.8446474969387054, 5.925209400767408, 0,-4.8446474969387054, 5.925209400767408, 0,-4.844616316258907, 5.925213736071257, 0,-4.8446062579751015, 5.925216070465623, 0,-4.8446062579751015, 5.925216070465623, 0,-4.844597205519676, 5.9252180713750535, 0,-4.844597205519676, 5.9252180713750535, 0,-4.844587482511997, 5.925221072739205, 0,-4.844587482511997, 5.925221072739205, 0,-4.844577424228191, 5.9252230736486355, 0,-4.844577424228191, 5.9252230736486355, 0,-4.844568707048893, 5.925223740618446, 0,-4.844568707048893, 5.925223740618446, 0,-4.844558984041214, 5.925225074558053, 0,-4.844550266861916, 5.925226741982559, 0,-4.844550266861916, 5.925226741982559, 0,-4.844541884958744, 5.925228075922167, 0,-4.844541884958744, 5.925228075922167, 0,-4.844532161951065, 5.9252297433466605, 0,-4.844532161951065, 5.9252297433466605, 0,-4.844532161951065, 5.9252297433466605, 0,-4.844513386487961, 5.925233745165444, 0,-4.844506345689297, 5.925233745165444, 0,-4.844506345689297, 5.925233745165444, 0,-4.8444972932338715, 5.925233745165444, 0,-4.8444972932338715, 5.925233745165444, 0,-4.844491258263588, 5.925236413044622, 0,-4.844491258263588, 5.925236413044622, 0,-4.84448354691267, 5.925240748348253, 0,-4.84448354691267, 5.925240748348253, 0,-4.844475165009499, 5.925244416682062, 0,-4.844475165009499, 5.925244416682062, 0,-4.844468459486961, 5.925249085470517, 0,-4.844468459486961, 5.925249085470517, 0,-4.844461753964424, 5.925250419410061, 0,-4.844461753964424, 5.925250419410061, 0,-4.844452366232872, 5.925253087289161, 0,-4.844442643225193, 5.925256422138008, 0,-4.844432920217514, 5.925259756986829, 0,-4.844432920217514, 5.925259756986829, 0,-4.844432920217514, 5.925259756986829, 0,-4.844423867762089, 5.9252617578961075, 0,-4.844423867762089, 5.9252617578961075, 0,-4.844416826963425, 5.925262424865866, 0,-4.844416826963425, 5.925262424865866, 0,-4.844407439231873, 5.925264759260017, 0,-4.844407439231873, 5.925264759260017, 0,-4.844400063157082, 5.925266426684422, 0,-4.844392016530037, 5.925268427593673, 0,-4.84437994658947, 5.925270095018052, 0,-4.84437994658947, 5.925270095018052, 0,-4.844368547201157, 5.925271762442431, 0,-4.8443591594696045, 5.925272429412178, 0,-4.8443494364619255, 5.925273763351671, 0,-4.8443494364619255, 5.925273763351671, 0,-4.844338037073612, 5.925273763351671, 0,-4.844338037073612, 5.925273763351671, 0,-4.84432328492403, 5.925274096836544, 0,-4.844289757311344, 5.92527709820039, 0,-4.844289757311344, 5.92527709820039, 0,-4.844280704855919, 5.92527809865501, 0,-4.844280704855919, 5.92527809865501, 0,-4.844273328781128, 5.925280766533958, 0,-4.84426561743021, 5.9252844348675, 0,-4.844258576631546, 5.925290104110205, 0,-4.8442428186535835, 5.925300775625729, 0,-4.844235442578793, 5.925303443504575, 0,-4.844235442578793, 5.925303443504575, 0,-4.844228737056255, 5.9253054444137, 0,-4.84421331435442, 5.9253084457773815, 0,-4.84421331435442, 5.9253084457773815, 0,-4.84421331435442, 5.9253084457773815, 0,-4.844203256070614, 5.9253124475955925, 0,-4.844193197786808, 5.925317449868309, 0,-4.844193197786808, 5.925317449868309, 0,-4.844182133674622, 5.925323452595531, 0,-4.844182133674622, 5.925323452595531, 0,-4.844171740114689, 5.925327787898464, 0,-4.844160340726376, 5.925330122292348, 0,-4.844160340726376, 5.925330122292348, 0,-4.8441509529948235, 5.925331456231701, 0,-4.8441412299871445, 5.925328121383299, 0,-4.8441412299871445, 5.925328121383299, 0,-4.844133518636227, 5.9253254535045805, 0,-4.844133518636227, 5.9253254535045805, 0,-4.844124466180801, 5.925327120928794, 0,-4.84409898519516, 5.925336791989087, 0,-4.84409898519516, 5.925336791989087, 0,-4.844091944396496, 5.925337458958758, 0,-4.844083897769451, 5.925337458958758, 0,-4.8440758511424065, 5.92533845941325, 0,-4.8440758511424065, 5.92533845941325, 0,-4.844054728746414, 5.92533979335259, 0,-4.844047352671623, 5.925337458958758, 0,-4.844047352671623, 5.925337458958758, 0,-4.844036623835564, 5.925335458049747, 0,-4.844027571380138, 5.925335124564899, 0,-4.844027571380138, 5.925335124564899, 0,-4.844027571380138, 5.925335124564899, 0,-4.844017848372459, 5.925333790625571, 0,-4.844009131193161, 5.925333457140724, 0,-4.843992367386818, 5.925332790171041, 0,-4.843992367386818, 5.925332790171041, 0,-4.843983985483646, 5.92533445759523, 0,-4.843983985483646, 5.92533445759523, 0,-4.84397929161787, 5.925336458504252, 0,-4.84397929161787, 5.925336458504252, 0,-4.843975938856602, 5.92533979335259, 0,-4.8439739271998405, 5.9253421277464104, 0,-4.843958504498005, 5.925349130927833, 0,-4.8439521342515945, 5.925350464867147, 0,-4.843945764005184, 5.925352799260929, 0,-4.843939058482647, 5.925356134109178, 0,-4.843939058482647, 5.925356134109178, 0,-4.84393235296011, 5.925360469411869, 0,-4.843924306333065, 5.925365471684153, 0,-4.843924306333065, 5.925365471684153, 0,-4.843917265534401, 5.925370473956386, 0,-4.843909554183483, 5.925376476683024, 0,-4.843887761235237, 5.925382479409596, 0,-4.843887761235237, 5.925382479409596, 0,-4.843881726264954, 5.92538381334881, 0,-4.843881726264954, 5.92538381334881, 0,-4.843875020742416, 5.925384146833619, 0,-4.843875020742416, 5.925384146833619, 0,-4.843868315219879, 5.92538381334881, 0,-4.843852557241917, 5.925383146379203, 0,-4.843843840062618, 5.925384813803238, 0,-4.843806624412537, 5.92541616137411, 0,-4.843806624412537, 5.92541616137411, 0,-4.843802265822887, 5.925421163645898, 0,-4.843797571957111, 5.925425165463295, 0,-4.8437851667404175, 5.925437170915297, 0,-4.8437851667404175, 5.925437170915297, 0,-4.8437774553895, 5.9254415062173384, 0,-4.8437774553895, 5.9254415062173384, 0,-4.843769408762455, 5.925445174549825, 0,-4.843769408762455, 5.925445174549825, 0,-4.843758679926395, 5.925448175912742, 0,-4.843758679926395, 5.925448175912742, 0,-4.843747280538082, 5.925451177275635, 0,-4.8437342047691345, 5.925454512123299, 0,-4.8437342047691345, 5.925454512123299, 0,-4.8437221348285675, 5.9254588474252, 0,-4.843711741268635, 5.925463849696607, 0,-4.8436929658055305, 5.925468518483191, 0,-4.843683913350105, 5.925469852422213, 0,-4.843683913350105, 5.925469852422213, 0,-4.843645691871643, 5.925468518483191, 0,-4.843645691871643, 5.925468518483191, 0,-4.843645021319389, 5.925461181818524, 0,-4.843639321625233, 5.925457513486165, 0,-4.8436275869607925, 5.9254521777299365, 0,-4.8436275869607925, 5.9254521777299365, 0,-4.84362255781889, 5.925438171369612, 0,-4.843618534505367, 5.925433169097989, 0,-4.843611158430576, 5.925426165917635, 0,-4.843611158430576, 5.925426165917635, 0,-4.84358299523592, 5.925412159556661, 0,-4.8435769602656364, 5.925405156376028, 0,-4.8435769602656364, 5.925405156376028, 0,-4.8435622081160545, 5.925388482136094, 0,-4.84355952590704, 5.925382145924787, 0,-4.84355952590704, 5.925382145924787, 0,-4.84355416148901, 5.925375476228582, 0,-4.84354879707098, 5.925370140471577, 0,-4.84354879707098, 5.925370140471577, 0,-4.843536727130413, 5.925360802896678, 0,-4.843536727130413, 5.925360802896678, 0,-4.843533039093018, 5.925356467594001, 0,-4.843533039093018, 5.925356467594001, 0,-4.843522645533085, 5.92533845941325, 0,-4.8435186222195625, 5.92533445759523, 0,-4.8435186222195625, 5.92533445759523, 0,-4.843514934182167, 5.925332123201371, 0,-4.84350923448801, 5.925317116383475, 0,-4.84350923448801, 5.925317116383475, 0,-4.8435065522789955, 5.92531278108044, 0,-4.843498505651951, 5.925303776989436, 0,-4.843487441539764, 5.925289437140484, 0,-4.843487441539764, 5.925289437140484, 0,-4.843470007181168, 5.925277765170137, 0,-4.843461625277996, 5.925273763351671, 0,-4.843454249203205, 5.925270095018052, 0,-4.843447208404541, 5.925265759714662, 0,-4.843427427113056, 5.925249085470517, 0,-4.843422062695026, 5.925243749712278, 0,-4.843418039381504, 5.9252400813784565, 0,-4.843418039381504, 5.9252400813784565, 0,-4.843413345515728, 5.92523674652952, 0,-4.843400605022907, 5.925230076831572, 0,-4.84339389950037, 5.925226741982559, 0,-4.84339389950037, 5.925226741982559, 0,-4.843389876186848, 5.925223740618446, 0,-4.843369089066982, 5.9252154034957885, 0,-4.843369089066982, 5.9252154034957885, 0,-4.843369089066982, 5.9252154034957885, 0,-4.84336506575346, 5.925209400767408, 0,-4.843361712992191, 5.925201397129471, 0,-4.84335970133543, 5.925193060006482, 0,-4.843358024954796, 5.925185723338164, 0,-4.843358024954796, 5.925185723338164, 0,-4.843358024954796, 5.925178720154668, 0,-4.843355342745781, 5.925173050910818, 0,-4.843354672193527, 5.9251590445434195, 0,-4.843355007469654, 5.92515204135958, 0,-4.843351989984512, 5.92513870196156, 0,-4.843351989984512, 5.92513870196156, 0,-4.8433516547083855, 5.9251320322624155, 0,-4.8433516547083855, 5.9251320322624155, 0,-4.843352325260639, 5.925118359378948, 0,-4.843350648880005, 5.925113023619437, 0,-4.843350648880005, 5.925113023619437, 0,-4.843343943357468, 5.925103686040213, 0,-4.843343943357468, 5.925103686040213, 0,-4.843343943357468, 5.925103686040213, 0,-4.843338914215565, 5.925099684220474, 0,-4.843338914215565, 5.925099684220474, 0,-4.843332879245281, 5.9250940149758105, 0,-4.843323156237602, 5.925071004511605, 0,-4.843323156237602, 5.925071004511605, 0,-4.843323156237602, 5.925071004511605, 0,-4.843321479856968, 5.925065335266648, 0,-4.843321479856968, 5.925065335266648, 0,-4.843315444886684, 5.925051995866528, 0,-4.843314439058304, 5.925046660106394, 0,-4.843313097953796, 5.925042658286248, 0,-4.84330840408802, 5.925031653280724, 0,-4.84330840408802, 5.925031653280724, 0,-4.8433080688118935, 5.92502398312523, 0,-4.8433080688118935, 5.92502398312523, 0,-4.843304045498371, 5.925010643724105, 0,-4.843304045498371, 5.925010643724105, 0,-4.843303374946117, 5.924978962645155, 0,-4.843303374946117, 5.924978962645155, 0,-4.843296334147453, 5.924957619601474, 0,-4.843299016356468, 5.924959287026795, 0,-4.843299016356468, 5.924959287026795, 0,-4.843300022184849, 5.92495995399691, 0,-4.843300022184849, 5.92495995399691, 0,-4.843300022184849, 5.92495995399691, 0,-4.843300022184849, 5.92495995399691, 0,-4.843300022184849, 5.92495995399691, 0,-4.843288958072662, 5.924945614139028, 0,-4.843278229236603, 5.924931607765866, 0,-4.843271858990192, 5.9249236041238955, 0,-4.843271858990192, 5.9249236041238955, 0,-4.843266159296036, 5.924915266996709, 0,-4.843255430459976, 5.924899926682374, 0,-4.843255430459976, 5.924899926682374, 0,-4.843252077698708, 5.924892590010151, 0,-4.8432497307658195, 5.924884586367621, 0,-4.843246713280678, 5.9248772496951805, 0,-4.843246713280678, 5.9248772496951805, 0,-4.843247048556805, 5.924868245597077, 0,-4.843246042728424, 5.924859574983935, 0,-4.843246042728424, 5.924859574983935, 0,-4.843246042728424, 5.924849570430142, 0,-4.843246042728424, 5.924842233757257, 0,-4.843246042728424, 5.924842233757257, 0,-4.843244701623917, 5.92483656450996, 0,-4.843244701623917, 5.92483656450996, 0,-4.843238331377506, 5.924828894351743, 0,-4.843238331377506, 5.924828894351743, 0,-4.843233972787857, 5.924822224648871, 0,-4.843229278922081, 5.924804549935857, 0,-4.843229278922081, 5.924804549935857, 0,-4.84322726726532, 5.924794545381072, 0,-4.84322726726532, 5.924794545381072, 0,-4.843226596713066, 5.924784540826097, 0,-4.843226596713066, 5.924784540826097, 0,-4.843222238123417, 5.924768200052601, 0,-4.843217879533768, 5.924765532171159, 0,-4.843217879533768, 5.924765532171159, 0,-4.843212515115738, 5.924762197319361, 0,-4.843207485973835, 5.924756861556415, 0,-4.843207485973835, 5.924756861556415, 0,-4.843202456831932, 5.924749191397091, 0,-4.843202456831932, 5.924749191397091, 0,-4.843202456831932, 5.924749191397091, 0,-4.843200109899044, 5.9247408542672835, 0,-4.843200109899044, 5.9247408542672835, 0,-4.843199774622917, 5.924734851533739, 0,-4.843200109899044, 5.924728515314939, 0,-4.843203127384186, 5.924719511214405, 0,-4.843203127384186, 5.924719511214405, 0,-4.843205139040947, 5.924712508024981, 0,-4.843205139040947, 5.924712508024981, 0,-4.843207150697708, 5.924705504835493, 0,-4.843207485973835, 5.92469883513112, 0,-4.843207485973835, 5.92469883513112, 0,-4.843208491802216, 5.924692165426683, 0,-4.843208491802216, 5.924692165426683, 0,-4.843209832906723, 5.924684161781227, 0,-4.843209832906723, 5.924684161781227, 0,-4.843211509287357, 5.924675824650427, 0,-4.843211509287357, 5.924675824650427, 0,-4.843216873705387, 5.924663819181873, 0,-4.843218550086021, 5.924657149477005, 0,-4.843218550086021, 5.924657149477005, 0,-4.843218550086021, 5.924657149477005, 0,-4.843220561742783, 5.924652814168793, 0,-4.843220561742783, 5.924648145375301, 0,-4.843220561742783, 5.924648145375301, 0,-4.843216203153133, 5.92464214264075, 0,-4.843216203153133, 5.92464214264075, 0,-4.8432111740112305, 5.924634472479837, 0,-4.843207150697708, 5.924625134892495, 0,-4.843207150697708, 5.924625134892495, 0,-4.843202792108059, 5.924610795025924, 0,-4.8431991040706635, 5.924601457438175, 0,-4.843196757137775, 5.924594120761995, 0,-4.843196757137775, 5.924594120761995, 0,-4.8431940749287605, 5.924585783629847, 0,-4.843190722167492, 5.92457878043873, 0,-4.843190722167492, 5.92457878043873, 0,-4.843185357749462, 5.924558104350191, 0,-4.843185357749462, 5.924558104350191, 0,-4.843184687197208, 5.924549433732176, 0,-4.843184687197208, 5.924549433732176, 0,-4.843183346092701, 5.924543097511239, 0,-4.843183346092701, 5.924543097511239, 0,-4.84318133443594, 5.9245380952315125, 0,-4.843178316950798, 5.92453409340769, 0,-4.843174964189529, 5.924528757642543, 0,-4.843174964189529, 5.924528757642543, 0,-4.84317060559988, 5.9245244223333255, 0,-4.84317060559988, 5.9245244223333255, 0,-4.843167252838612, 5.924521087480052, 0,-4.84316423535347, 5.924502745786731, 0,-4.84316423535347, 5.924502745786731, 0,-4.843163564801216, 5.924495742594572, 0,-4.843163564801216, 5.924495742594572, 0,-4.843163229525089, 5.924486738490222, 0,-4.843163229525089, 5.924486738490222, 0,-4.843160547316074, 5.924479401812515, 0,-4.843160547316074, 5.924479401812515, 0,-4.843156188726425, 5.924471064678635, 0,-4.843156859278679, 5.9244653954275215, 0,-4.843156859278679, 5.9244653954275215, 0,-4.843156524002552, 5.92445072207142, 0,-4.8431555181741714, 5.924442718422478, 0,-4.8431555181741714, 5.924442718422478, 0,-4.843153841793537, 5.924435381744173, 0,-4.843153841793537, 5.924435381744173, 0,-4.843153171241283, 5.924428712036543, 0,-4.843153171241283, 5.924428712036543, 0,-4.843153171241283, 5.924422042328837, 0,-4.843153171241283, 5.924422042328837, 0,-4.843154177069664, 5.924410036854762, 0,-4.843156859278679, 5.924402366690617, 0,-4.843156859278679, 5.924402366690617, 0,-4.843156859278679, 5.924402366690617, 0,-4.8431578651070595, 5.9243966974388025, 0,-4.8431578651070595, 5.9243966974388025, 0,-4.843154847621918, 5.924389027274479, 0,-4.843154177069664, 5.9243793561975835, 0,-4.843154177069664, 5.9243793561975835, 0,-4.843156188726425, 5.924374687401776, 0,-4.84317597001791, 5.924313659567241, 0,-4.843179322779179, 5.924308323799969, 0,-4.843184687197208, 5.924287647701303, 0,-4.84318770468235, 5.924280644506408, 0,-4.843186028301716, 5.924254966124402, 0,-4.843186028301716, 5.924254966124402, 0,-4.843183010816574, 5.924222618031076, 0,-4.843183010816574, 5.924222618031076, 0,-4.843183346092701, 5.924215614835354, 0,-4.843183346092701, 5.924215614835354, 0,-4.843183681368828, 5.924190936906899, 0,-4.843183681368828, 5.924190936906899, 0,-4.84318234026432, 5.924183933710796, 0,-4.84318234026432, 5.924183933710796, 0,-4.843183010816574, 5.924171594745996, 0,-4.843183010816574, 5.924171594745996, 0,-4.843175299465656, 5.924153586526607, 0,-4.843175299465656, 5.924153586526607, 0,-4.843174964189529, 5.924147250301115, 0,-4.843174964189529, 5.924147250301115, 0,-4.84317597001791, 5.924142248017802, 0,-4.84317597001791, 5.924142248017802, 0,-4.8431773111224174, 5.924137245734423, 0,-4.8431773111224174, 5.924137245734423, 0,-4.843180328607559, 5.924088223354982, 0,-4.843180328607559, 5.924088223354982, 0,-4.843180328607559, 5.924088223354982, 0,-4.843174964189529, 5.9240832210711325, 0,-4.843174964189529, 5.9240832210711325, 0,-4.8431602120399475, 5.924051539938966, 0,-4.8431602120399475, 5.924051539938966, 0,-4.84315350651741, 5.924043869769859, 0,-4.84315350651741, 5.924043869769859, 0,-4.843147806823254, 5.924035866115014, 0,-4.843147806823254, 5.924035866115014, 0,-4.843137748539448, 5.924028862916939, 0,-4.843137748539448, 5.924028862916939, 0,-4.843137748539448, 5.924028862916939, 0,-4.8431286960840225, 5.924023527146907, 0,-4.843111261725426, 5.924015190006145, 0,-4.843111261725426, 5.924015190006145, 0,-4.843111261725426, 5.924015190006145, 0,-4.843111261725426, 5.924015190006145, 0,-4.843105562031269, 5.924008853779062, 0,-4.843105562031269, 5.924008853779062, 0,-4.843101538717747, 5.924002517551929, 0,-4.843096844851971, 5.9239971817816555, 0,-4.843096844851971, 5.9239971817816555, 0,-4.843093156814575, 5.9239908455543695, 0,-4.843089804053307, 5.923984175841383, 0,-4.843089804053307, 5.923984175841383, 0,-4.843080081045628, 5.92396516715889, 0,-4.843080081045628, 5.92396516715889, 0,-4.843082427978516, 5.92395516258889, 0,-4.843082427978516, 5.92395516258889, 0,-4.843083433806896, 5.923944824533036, 0,-4.843083433806896, 5.923944824533036, 0,-4.843083433806896, 5.923936153905392, 0,-4.843083433806896, 5.923936153905392, 0,-4.843083098530769, 5.92392748327762, 0,-4.843081757426262, 5.923920146592483, 0,-4.843081757426262, 5.923920146592483, 0,-4.843077398836613, 5.923909475050268, 0,-4.843073710799217, 5.92390447276479, 0,-4.843073710799217, 5.92390447276479, 0,-4.843068681657314, 5.92390347230769, 0,-4.843068681657314, 5.92390347230769, 0,-4.843063652515411, 5.923901137907776, 0,-4.843063652515411, 5.923901137907776, 0,-4.8430586233735085, 5.923898136536448, 0,-4.843053258955479, 5.923896469107922, 0,-4.843032471835613, 5.923883129679571, 0,-4.843028448522091, 5.923881462250994, 0,-4.843028448522091, 5.923881462250994, 0,-4.843025766313076, 5.923877793908127, 0,-4.843023419380188, 5.923876126479549, 0,-4.843020066618919, 5.923873125108095, 0,-4.843016713857651, 5.923871457679493, 0,-4.843016713857651, 5.923871457679493, 0,-4.843016713857651, 5.923871457679493, 0,-4.843011014163494, 5.923872124650931, 0,-4.843011014163494, 5.923872124650931, 0,-4.843005649745464, 5.923873125108095, 0,-4.8430002853274345, 5.923873458593808, 0,-4.8430002853274345, 5.923873458593808, 0,-4.842996597290039, 5.923841777449606, 0,-4.842996597290039, 5.923841777449606, 0,-4.842996597290039, 5.923841777449606, 0,-4.842996597290039, 5.923841777449606, 0,-4.842996597290039, 5.923841777449606, 0,-4.842996597290039, 5.923841777449606, 0,-4.842996597290039, 5.923841777449606, 0,-4.842996597290039, 5.923841777449606, 0,-4.842996597290039, 5.923841777449606, 0,-4.843006990849972, 5.923817766475949, 0,-4.843006990849972, 5.923817766475949, 0,-4.8430150374770164, 5.923803426588398, 0,-4.843030460178852, 5.92377374635486, 0,-4.843030460178852, 5.92377374635486, 0,-4.84303280711174, 5.92376540921032, 0,-4.84303280711174, 5.92376540921032, 0,-4.84303280711174, 5.92376540921032, 0,-4.843031466007233, 5.923757739037232, 0,-4.843028448522091, 5.923752069778789, 0,-4.843022748827934, 5.923726057886388, 0,-4.843022748827934, 5.923726057886388, 0,-4.8429251834750175, 5.923554312668622, 0,-4.842924512922764, 5.923553979182718, 0,-4.842924848198891, 5.923554646154538, 0,-4.842924848198891, 5.923554646154538, 0,-4.842926189303398, 5.923554979640442, 0,-4.842926524579525, 5.923554979640442, 0,-4.842926859855652, 5.923554979640442, 0,-4.842926859855652, 5.923554979640442, 0,-4.842926859855652, 5.923554979640442, 0,-4.842926859855652, 5.923554979640442, 0,-4.842931553721428, 5.923523298477971, 0,-4.842931553721428, 5.923523298477971, 0,-4.842931553721428, 5.923523298477971, 0,-4.842933900654316, 5.923512293442168, 0,-4.842933900654316, 5.923512293442168, 0,-4.842938594520092, 5.923501621892065, 0,-4.842938594520092, 5.923501621892065, 0,-4.842938594520092, 5.923501621892065, 0,-4.84294094145298, 5.923491283827726, 0,-4.84294094145298, 5.923491283827726, 0,-4.842946641147137, 5.923472942100196, 0,-4.842946641147137, 5.923472942100196, 0,-4.8429469764232635, 5.923466939352872, 0,-4.8429469764232635, 5.923466939352872, 0,-4.8429446294903755, 5.923460603119518, 0,-4.842944964766502, 5.923453933400108, 0,-4.842944964766502, 5.923453933400108, 0,-4.842937923967838, 5.923444929278786, 0,-4.842937923967838, 5.923444929278786, 0,-4.842934235930443, 5.923439926989097, 0,-4.842934235930443, 5.923439926989097, 0,-4.842926859855652, 5.9234352581853384, 0,-4.842926859855652, 5.9234352581853384, 0,-4.84291847795248, 5.923428254979642, 0,-4.84291847795248, 5.923428254979642, 0,-4.842907749116421, 5.923421251773857, 0,-4.842907749116421, 5.923421251773857, 0,-4.8428986966609955, 5.923417249941943, 0,-4.8428889736533165, 5.9234149155399685, 0,-4.8428889736533165, 5.9234149155399685, 0,-4.842881262302399, 5.923410913708017, 0,-4.842870868742466, 5.92340591141801, 0,-4.842870868742466, 5.92340591141801, 0,-4.842870868742466, 5.92340591141801, 0,-4.842859469354153, 5.923402243071988, 0,-4.842859469354153, 5.923402243071988, 0,-4.842859469354153, 5.923402243071988, 0,-4.8428500816226006, 5.92339857472594, 0,-4.842840358614922, 5.923394239407855, 0,-4.842820912599564, 5.9233829008834515, 0,-4.8428115248680115, 5.923377565107185, 0,-4.8428115248680115, 5.923377565107185, 0,-4.8428064957261086, 5.923371228872801, 0,-4.8428064957261086, 5.923371228872801, 0,-4.842799119651318, 5.9233632252082105, 0,-4.842799119651318, 5.9233632252082105, 0,-4.84279241412878, 5.9233575559457226, 0,-4.842784367501736, 5.923352220169214, 0,-4.842784367501736, 5.923352220169214, 0,-4.842784367501736, 5.923352220169214, 0,-4.8427800089120865, 5.9233458839345365, 0,-4.8427800089120865, 5.9233458839345365, 0,-4.842776656150818, 5.923331210548691, 0,-4.842776656150818, 5.923331210548691, 0,-4.842776656150818, 5.923331210548691, 0,-4.842773303389549, 5.923322873397471, 0,-4.842773303389549, 5.923322873397471, 0,-4.842773303389549, 5.923322873397471, 0,-4.842767603695393, 5.923312201843718, 0,-4.842767603695393, 5.923312201843718, 0,-4.842767603695393, 5.923312201843718, 0,-4.8427605628967285, 5.9232761853483025, 0,-4.8427605628967285, 5.9232761853483025, 0,-4.8427605628967285, 5.9232761853483025, 0,-4.8427605628967285, 5.9232761853483025, 0,-4.842759892344475, 5.92326251241887, 0,-4.842758886516094, 5.923252841322243, 0,-4.842758886516094, 5.923252841322243, 0,-4.842758886516094, 5.923252841322243, 0,-4.842761568725109, 5.923217158309067, 0,-4.842765592038631, 5.923197482627923, 0,-4.842765592038631, 5.923197482627923, 0,-4.8427689447999, 5.923187811530149, 0,-4.842771291732788, 5.923178807404489, 0,-4.842771291732788, 5.923178807404489, 0,-4.842772968113422, 5.923170470250967, 0,-4.842772968113422, 5.923170470250967, 0,-4.8427726328372955, 5.923162133097318, 0,-4.8427679389715195, 5.923150461081998, 0,-4.8427679389715195, 5.923150461081998, 0,-4.842769615352154, 5.923145792275796, 0,-4.842770621180534, 5.9231371216356195, 0,-4.84277531504631, 5.923124782647423, 0,-4.8427823558449745, 5.923107774852452, 0,-4.8427823558449745, 5.923107774852452, 0,-4.842784367501736, 5.923102439073527, 0,-4.842784367501736, 5.923102439073527, 0,-4.842785038053989, 5.9230971032945385, 0,-4.842786379158497, 5.923092101001695, 0,-4.842787049710751, 5.923088099167402, 0,-4.842787049710751, 5.92308242990209, 0,-4.842787049710751, 5.92308242990209, 0,-4.842796437442303, 5.923061753757522, 0,-4.842804484069347, 5.923047080364119, 0,-4.842808172106743, 5.923042411557052, 0,-4.842808172106743, 5.923042411557052, 0,-4.842816554009914, 5.923032073484113, 0,-4.842816554009914, 5.923032073484113, 0,-4.842816554009914, 5.923032073484113, 0,-4.84282024204731, 5.923027071190671, 0,-4.842824600636959, 5.923019734493575, 0,-4.842824600636959, 5.923019734493575, 0,-4.84283197671175, 5.923011397337649, 0,-4.842835329473019, 5.923005728071548, 0,-4.842839688062668, 5.923002726695348, 0,-4.842839688062668, 5.923002726695348, 0,-4.842847399413586, 5.9230010592641245, 0,-4.842847399413586, 5.9230010592641245, 0,-4.842873550951481, 5.92299405605292, 0,-4.842879921197891, 5.922993055594178, 0,-4.842879921197891, 5.922993055594178, 0,-4.842883944511414, 5.922992722107918, 0,-4.842883944511414, 5.922992722107918, 0,-4.842886291444302, 5.922991388162917, 0,-4.842886291444302, 5.922991388162917, 0,-4.842890650033951, 5.92298838678664, 0,-4.842894002795219, 5.922986385869119, 0,-4.8428963497281075, 5.922984384951585, 0,-4.8428963497281075, 5.922984384951585, 0,-4.842902384698391, 5.922980049630243, 0,-4.842902384698391, 5.922980049630243, 0,-4.842920154333115, 5.922972045959991, 0,-4.842920154333115, 5.922972045959991, 0,-4.842928871512413, 5.922969044583613, 0,-4.842937253415585, 5.922965709720963, 0,-4.842942953109741, 5.922961040913196, 0,-4.842947982251644, 5.92295703907795, 0,-4.842947982251644, 5.92295703907795, 0,-4.842953011393547, 5.922952370270107, 0,-4.842953011393547, 5.922952370270107, 0,-4.842960387468338, 5.922947367975966, 0,-4.842960387468338, 5.922947367975966, 0,-4.842975474894047, 5.922933361552106, 0,-4.842975474894047, 5.922933361552106, 0,-4.842975474894047, 5.922933361552106, 0,-4.842999950051308, 5.922922356504535, 0,-4.843008667230606, 5.922921356045653, 0,-4.843008667230606, 5.922921356045653, 0,-4.843016043305397, 5.922918688155294, 0,-4.843016043305397, 5.922918688155294, 0,-4.843016043305397, 5.922918688155294, 0,-4.843022413551807, 5.922912351915654, 0,-4.843022413551807, 5.922912351915654, 0,-4.843031130731106, 5.92290434824441, 0,-4.843038842082024, 5.9228986789772025, 0,-4.843038842082024, 5.9228986789772025, 0,-4.843048565089703, 5.922893676682578, 0,-4.843055941164494, 5.922888674387889, 0,-4.8430753871798515, 5.922877335853117, 0,-4.84308410435915, 5.922873667503583, 0,-4.843091480433941, 5.922870332640348, 0,-4.843091480433941, 5.922870332640348, 0,-4.843098185956478, 5.922866997777086, 0,-4.843098185956478, 5.922866997777086, 0,-4.843107238411903, 5.9228646633727955, 0,-4.843107238411903, 5.9228646633727955, 0,-4.843115955591202, 5.922862995941152, 0,-4.843121990561485, 5.922863996400149, 0,-4.8431286960840225, 5.92286566383178, 0,-4.8431286960840225, 5.92286566383178, 0,-4.843135066330433, 5.922864996859119, 0,-4.843135066330433, 5.922864996859119, 0,-4.843135066330433, 5.922864996859119, 0,-4.84314177185297, 5.9228613285095095, 0,-4.84314177185297, 5.9228613285095095, 0,-4.843148477375507, 5.922859661077853, 0,-4.843173958361149, 5.922846655110776, 0,-4.843173958361149, 5.922846655110776, 0,-4.84318234026432, 5.922842653274702, 0,-4.84318234026432, 5.922842653274702, 0,-4.843192063271999, 5.922838984924939, 0,-4.843192063271999, 5.922838984924939, 0,-4.843200445175171, 5.922833315657057, 0,-4.843200445175171, 5.922833315657057, 0,-4.843206480145454, 5.92282631244374, 0,-4.843206480145454, 5.92282631244374, 0,-4.843212850391865, 5.92282064317573, 0,-4.843212850391865, 5.92282064317573, 0,-4.843218214809895, 5.922812639503164, 0,-4.843218214809895, 5.922812639503164, 0,-4.8432255908846855, 5.922805636289567, 0,-4.8432353138923645, 5.922801634453201, 0,-4.8432353138923645, 5.922801634453201, 0,-4.843247719109058, 5.922799633534992, 0,-4.843247719109058, 5.922799633534992, 0,-4.843258783221245, 5.922799633534992, 0,-4.84326783567667, 5.922797299130422, 0,-4.84326783567667, 5.922797299130422, 0,-4.8432765528559685, 5.922793964266728, 0,-4.8432765528559685, 5.922793964266728, 0,-4.843284264206886, 5.92278996243026, 0,-4.843291640281677, 5.9227849601346305, 0,-4.8432983458042145, 5.92278029132535, 0,-4.8432983458042145, 5.92278029132535, 0,-4.843306392431259, 5.92277795692069, 0,-4.843306392431259, 5.92277795692069, 0,-4.843316115438938, 5.922777289947929, 0,-4.843316115438938, 5.922777289947929, 0,-4.8433248326182365, 5.922776956461541, 0,-4.8433248326182365, 5.922776956461541, 0,-4.843333214521408, 5.922777289947929, 0,-4.843333214521408, 5.922777289947929, 0,-4.84334159642458, 5.922776622975167, 0,-4.843349978327751, 5.9227749555432565, 0,-4.843349978327751, 5.9227749555432565, 0,-4.843366406857967, 5.922765617924479, 0,-4.843366406857967, 5.922765617924479, 0,-4.843372777104378, 5.92275761425111, 0,-4.843372777104378, 5.92275761425111, 0,-4.8433781415224075, 5.922750277550427, 0,-4.8433831706643105, 5.922744608281641, 0,-4.843390546739101, 5.922738272040005, 0,-4.843397922813892, 5.922733269743917, 0,-4.843405969440937, 5.9227312688254665, 0,-4.843405969440937, 5.9227312688254665, 0,-4.843418709933758, 5.922728934420591, 0,-4.843425415456295, 5.922730268366242, 0,-4.843425415456295, 5.922730268366242, 0,-4.84343346208334, 5.9227312688254665, 0,-4.84343346208334, 5.9227312688254665, 0,-4.843440167605877, 5.922727933961366, 0,-4.843440167605877, 5.922727933961366, 0,-4.843441843986511, 5.9227232651516015, 0,-4.843445532023907, 5.922719263314612, 0,-4.843450225889683, 5.922713260559108, 0,-4.843450225889683, 5.922713260559108, 0,-4.84345693141222, 5.922704256425701, 0,-4.84345693141222, 5.922704256425701, 0,-4.8434606194496155, 5.922699587615733, 0,-4.8434606194496155, 5.922699587615733, 0,-4.843464642763138, 5.92269358486, 0,-4.84346766024828, 5.9226702408093095, 0,-4.84346766024828, 5.9226702408093095, 0,-4.84346866607666, 5.922662904107469, 0,-4.843470007181168, 5.922656901351329, 0,-4.843471348285675, 5.9226505651086745, 0,-4.843471348285675, 5.9226505651086745, 0,-4.8434726893901825, 5.9226448958388715, 0,-4.8434726893901825, 5.9226448958388715, 0,-4.843474365770817, 5.92263889308254, 0,-4.843474365770817, 5.92263889308254, 0,-4.843473695218563, 5.92263222335322, 0,-4.843471348285675, 5.9226255536238215, 0,-4.843471348285675, 5.9226255536238215, 0,-4.8434703424572945, 5.922618883894322, 0,-4.843466319143772, 5.922614548570106, 0,-4.843466319143772, 5.922614548570106, 0,-4.843464978039265, 5.9226075453540155, 0,-4.84346330165863, 5.922603210029711, 0,-4.843458943068981, 5.922598207732401, 0,-4.843458943068981, 5.922598207732401, 0,-4.843455255031586, 5.922593538921543, 0,-4.843447208404541, 5.922583534326696, 0,-4.843447208404541, 5.922583534326696, 0,-4.843439161777496, 5.92257086183962, 0,-4.843426421284676, 5.922555854946674, 0,-4.843426421284676, 5.922555854946674, 0,-4.843424409627914, 5.9225468508107095, 0,-4.843424409627914, 5.9225468508107095, 0,-4.843424409627914, 5.9225468508107095, 0,-4.843425415456295, 5.922538180161118, 0,-4.843427427113056, 5.922529509511401, 0,-4.843427427113056, 5.922529509511401, 0,-4.843428432941437, 5.922523506753823, 0,-4.843428432941437, 5.922523506753823, 0,-4.843428432941437, 5.922516837023102, 0,-4.843424409627914, 5.922510500778833, 0,-4.84342273324728, 5.922503831047959, 0,-4.84342273324728, 5.922503831047959, 0,-4.843420051038265, 5.922490491585958, 0,-4.843416027724743, 5.922486156260737, 0,-4.843416027724743, 5.922486156260737, 0,-4.843411333858967, 5.922480153502689, 0,-4.843411333858967, 5.922480153502689, 0,-4.843408651649952, 5.922473817258012, 0,-4.843408651649952, 5.922473817258012, 0,-4.843411333858967, 5.92246714752668, 0,-4.843413680791855, 5.922461811741572, 0,-4.843413680791855, 5.922461811741572, 0,-4.843413680791855, 5.922461811741572, 0,-4.843414686620235, 5.922457809902712, 0,-4.843415021896362, 5.922450806684612, 0,-4.843415021896362, 5.922450806684612, 0,-4.84341636300087, 5.922442803006676, 0,-4.843421392142773, 5.922434465842048, 0,-4.843427091836929, 5.922419458945388, 0,-4.843427091836929, 5.922419458945388, 0,-4.843426421284676, 5.922410121320605, 0,-4.843426421284676, 5.922410121320605, 0,-4.843427427113056, 5.922401450668865, 0,-4.843428768217564, 5.9223931135036, 0,-4.843428768217564, 5.9223931135036, 0,-4.843430444598198, 5.922384442851617, 0,-4.843430444598198, 5.922384442851617, 0,-4.84343446791172, 5.922368768980351, 0,-4.84343446791172, 5.922368768980351, 0,-4.843440502882004, 5.9223620992477475, 0,-4.84346330165863, 5.922344757942637, 0</coordinates>
                </LinearRing>
            </outerBoundaryIs>
        </Polygon>
    </MultiGeometry>
  </Placemark><Placemark>
	<Style><LineStyle><color>ff0000ff</color></LineStyle><PolyStyle><fill>0</fill></PolyStyle></Style>
	<ExtendedData><SchemaData schemaUrl="#programmeband_1">
		<SimpleData name="N°">9</SimpleData>
		<SimpleData name="Cooperative">COOP CA SCAAB</SimpleData>
		<SimpleData name="Code_CCC">COOP CA SCAAB</SimpleData>
		<SimpleData name="Code_Producteur">SCAAB-TIA-250</SimpleData>
		<SimpleData name="Code_Parcelle">SCAAB-TIA-250-P1</SimpleData>
		<SimpleData name="Section">TIASSALE</SimpleData>
		<SimpleData name="Localite">TIASSALE</SimpleData>
		<SimpleData name="Sous-Prefecture">TIASSALE</SimpleData>
		<SimpleData name="Region ">AGNEBY-TIASSA</SimpleData>
		<SimpleData name="Nom">KOUAME</SimpleData>
		<SimpleData name="Prenoms">YAO AUGUSTIN</SimpleData>
		<SimpleData name="Genre">Homme</SimpleData>
		<SimpleData name="Programme">Mondelez</SimpleData>
		<SimpleData name="Departement"></SimpleData>
		<SimpleData name="Statut">Candidat</SimpleData>
	</SchemaData>
    </ExtendedData>
      <MultiGeometry>
        <Polygon>
            <outerBoundaryIs>
                <LinearRing>
                    <coordinates>-4.924846552312374, 5.985181726086156, 0,-4.924846552312374, 5.985181726086156, 0,-4.924846552312374, 5.985181726086156, 0,-4.924846552312374, 5.985181726086156, 0,-4.924846552312374, 5.985181726086156, 0,-4.924846552312374, 5.985181726086156, 0,-4.924846552312374, 5.985181726086156, 0,-4.924846552312374, 5.985181726086156, 0,-4.924846552312374, 5.985181726086156, 0,-4.924846552312374, 5.985181726086156, 0,-4.924846552312374, 5.985181726086156, 0,-4.924846552312374, 5.985181726086156, 0,-4.924846552312374, 5.985181726086156, 0,-4.924846552312374, 5.985181726086156, 0,-4.924780502915382, 5.985165053660805, 0,-4.924780502915382, 5.985165053660805, 0,-4.924751669168472, 5.98516805469741, 0,-4.924732558429241, 5.985175724013085, 0,-4.924722835421562, 5.985178058152626, 0,-4.924713782966137, 5.985181059189156, 0,-4.924713782966137, 5.985181059189156, 0,-4.924705401062965, 5.985180058843642, 0,-4.924700036644936, 5.985177057807112, 0,-4.924700036644936, 5.985177057807112, 0,-4.924695007503033, 5.985173723322057, 0,-4.924688637256622, 5.985170388836977, 0,-4.9246832728385925, 5.985168388145911, 0,-4.92467824369669, 5.98516672090337, 0,-4.92467824369669, 5.98516672090337, 0,-4.924674555659294, 5.9851693884914505, 0,-4.924653768539429, 5.985173389873545, 0,-4.924645721912384, 5.985173389873545, 0,-4.924632981419563, 5.9851747236675585, 0,-4.924623928964138, 5.985179391946641, 0,-4.924623928964138, 5.985179391946641, 0,-4.924619905650616, 5.985185727468148, 0,-4.924611523747444, 5.985205400929266, 0,-4.924611523747444, 5.985205400929266, 0,-4.92460984736681, 5.9852170716262085, 0,-4.924607165157795, 5.985228742322896, 0,-4.924600459635258, 5.985240746467792, 0,-4.924600459635258, 5.985240746467792, 0,-4.924599453806877, 5.985251083370134, 0,-4.924599453806877, 5.985251083370134, 0,-4.924596436321735, 5.985258419236189, 0,-4.924590401351452, 5.985266755447503, 0,-4.924590401351452, 5.985266755447503, 0,-4.924580007791519, 5.985301767533635, 0,-4.924580007791519, 5.985301767533635, 0,-4.924580007791519, 5.985310103744288, 0,-4.924580007791519, 5.985310103744288, 0,-4.924576990306377, 5.985321440990567, 0,-4.924574978649616, 5.9853301106493255, 0,-4.924574978649616, 5.9853301106493255, 0,-4.924574643373489, 5.985339780653166, 0,-4.924574643373489, 5.985339780653166, 0,-4.92456391453743, 5.985348783760044, 0,-4.924548491835594, 5.985366456524956, 0,-4.924544803798199, 5.985374792734616, 0,-4.924544803798199, 5.985374792734616, 0,-4.924540109932423, 5.985383128944149, 0,-4.924540109932423, 5.985383128944149, 0,-4.924533404409885, 5.985391131705183, 0,-4.924524687230587, 5.985407137226917, 0,-4.924524687230587, 5.985407137226917, 0,-4.924515634775162, 5.985428144473462, 0,-4.924515634775162, 5.985428144473462, 0,-4.924513958394527, 5.985436480682181, 0,-4.924507588148117, 5.985468825170819, 0,-4.92450725287199, 5.985476494482283, 0,-4.92450725287199, 5.985476494482283, 0,-4.924508258700371, 5.985485831035218, 0,-4.924511611461639, 5.985493166898131, 0,-4.924512952566147, 5.985502503450774, 0,-4.924512952566147, 5.985502503450774, 0,-4.924498200416565, 5.985535514832087, 0,-4.924498200416565, 5.985535514832087, 0,-4.924494177103043, 5.985545518280572, 0,-4.924494177103043, 5.985545518280572, 0,-4.9244894832372665, 5.9855518537978565, 0,-4.9244894832372665, 5.9855518537978565, 0,-4.924483448266983, 5.98556185724605, 0,-4.924474395811558, 5.985569526556203, 0,-4.924474395811558, 5.985569526556203, 0,-4.9244653433561325, 5.985576528969725, 0,-4.924446567893028, 5.985591867589511, 0,-4.924440532922745, 5.985600537243995, 0,-4.924423769116402, 5.985623545172496, 0,-4.924423769116402, 5.985623545172496, 0,-4.924416393041611, 5.985633548619366, 0,-4.924416393041611, 5.985633548619366, 0,-4.924408346414566, 5.985641217928515, 0,-4.924408346414566, 5.985641217928515, 0,-4.924393929541111, 5.985659891028597, 0,-4.924393929541111, 5.985659891028597, 0,-4.924393929541111, 5.985659891028597, 0,-4.924389235675335, 5.985671561715832, 0,-4.924379177391529, 5.985695569985916, 0,-4.924379177391529, 5.985695569985916, 0,-4.924373812973499, 5.985704239638746, 0,-4.9243684485554695, 5.985713909635959, 0,-4.9243684485554695, 5.985713909635959, 0,-4.924352020025253, 5.985737917904198, 0,-4.924352020025253, 5.985737917904198, 0,-4.924352020025253, 5.985737917904198, 0,-4.924349673092365, 5.985746587556342, 0,-4.924349673092365, 5.985746587556342, 0,-4.924349673092365, 5.985754923760201, 0,-4.92434598505497, 5.985764593756535, 0,-4.924317821860313, 5.985797271673877, 0,-4.924317821860313, 5.985797271673877, 0,-4.92426585406065, 5.985864961639325, 0,-4.92426585406065, 5.985864961639325, 0,-4.924257807433605, 5.985871964049068, 0,-4.924251437187195, 5.985878633010628, 0,-4.924246743321419, 5.98588663576441, 0,-4.924246743321419, 5.98588663576441, 0,-4.924242720007896, 5.98589263782967, 0,-4.924242720007896, 5.98589263782967, 0,-4.92423802614212, 5.985898973342921, 0,-4.92423802614212, 5.985898973342921, 0,-4.924230650067329, 5.985906642648354, 0,-4.92422629147768, 5.985915645745881, 0,-4.924213886260986, 5.985940320901325, 0,-4.9242085218429565, 5.985945656069915, 0,-4.9242085218429565, 5.985945656069915, 0,-4.924203492701054, 5.985951991582556, 0,-4.924203492701054, 5.985951991582556, 0,-4.924198463559151, 5.9859596608872385, 0,-4.924198463559151, 5.9859596608872385, 0,-4.924188740551472, 5.985979000872464, 0,-4.924182705581188, 5.985988670864829, 0,-4.924182705581188, 5.985988670864829, 0,-4.924176000058651, 5.985996340168991, 0,-4.924176000058651, 5.985996340168991, 0,-4.924169294536114, 5.986003009129037, 0,-4.924169294536114, 5.986003009129037, 0,-4.924169294536114, 5.986003009129037, 0,-4.924163594841957, 5.986011011881012, 0,-4.924163594841957, 5.986011011881012, 0,-4.924156218767166, 5.986019014632847, 0,-4.924156218767166, 5.986019014632847, 0,-4.924149177968502, 5.986026350488597, 0,-4.924149177968502, 5.986026350488597, 0,-4.924143478274345, 5.986036353928101, 0,-4.924138113856316, 5.986046690815381, 0,-4.924138113856316, 5.986046690815381, 0,-4.924135766923428, 5.9860546935667065, 0,-4.924135766923428, 5.9860546935667065, 0,-4.924131743609905, 5.986064363557723, 0,-4.924131743609905, 5.986064363557723, 0,-4.924127049744129, 5.986071699412875, 0,-4.924122020602226, 5.986082036299493, 0,-4.924122020602226, 5.986082036299493, 0,-4.924118332564831, 5.986092039737979, 0,-4.924118332564831, 5.986092039737979, 0,-4.9241166561841965, 5.9861547279483, 0,-4.924120344221592, 5.986157062083655, 0,-4.9241213500499725, 5.9861580624273625, 0,-4.9241213500499725, 5.9861580624273625, 0,-4.9241213500499725, 5.9861580624273625, 0,-4.9241213500499725, 5.9861580624273625, 0,-4.924127385020256, 5.986169733103949, 0,-4.924130737781525, 5.986179736540833, 0,-4.924130737781525, 5.986179736540833, 0,-4.924135431647301, 5.98618740584231, 0,-4.924135431647301, 5.98618740584231, 0,-4.924140460789204, 5.986192074112741, 0,-4.924145489931107, 5.986196075487341, 0,-4.924156554043293, 5.986215415464196, 0,-4.924158230423927, 5.986223418213054, 0,-4.924157224595547, 5.986244091980361, 0,-4.9241578951478004, 5.986247759906742, 0,-4.9241578951478004, 5.986247759906742, 0,-4.924168288707733, 5.98626609953826, 0,-4.924170635640621, 5.986273768838529, 0,-4.924170635640621, 5.986273768838529, 0,-4.924172647297382, 5.986279770899539, 0,-4.924172647297382, 5.986279770899539, 0,-4.9241746589541435, 5.986286106408299, 0,-4.924178682267666, 5.986295109499579, 0,-4.924178682267666, 5.986295109499579, 0,-4.924183376133442, 5.986303445695068, 0,-4.924191422760487, 5.986318117398845, 0,-4.924191422760487, 5.986318117398845, 0,-4.924191422760487, 5.986318117398845, 0,-4.924195446074009, 5.986323452563745, 0,-4.924195446074009, 5.986323452563745, 0,-4.924196787178516, 5.986331121863212, 0,-4.924196787178516, 5.986331121863212, 0,-4.924198463559151, 5.986339124610366, 0,-4.924198463559151, 5.986339124610366, 0,-4.924202151596546, 5.98635713079103, 0,-4.924202151596546, 5.98635713079103, 0,-4.924203157424927, 5.986366800776703, 0,-4.924203157424927, 5.986366800776703, 0,-4.924205839633942, 5.986375803866648, 0,-4.924205839633942, 5.986375803866648, 0,-4.9242135509848595, 5.986391475911766, 0,-4.9242135509848595, 5.986391475911766, 0,-4.924217574298382, 5.986400479001304, 0,-4.924217574298382, 5.986400479001304, 0,-4.924221262335777, 5.986408148299702, 0,-4.924221262335777, 5.986408148299702, 0,-4.924224615097046, 5.986414817254723, 0,-4.924227297306061, 5.986422820000643, 0,-4.924227297306061, 5.986422820000643, 0,-4.924229979515076, 5.98643082274646, 0,-4.924229979515076, 5.98643082274646, 0,-4.92423702031374, 5.986444160655879, 0,-4.92423702031374, 5.986444160655879, 0,-4.9242400377988815, 5.986452496849103, 0,-4.9242400377988815, 5.986452496849103, 0,-4.924243055284023, 5.986460833042199, 0,-4.924243055284023, 5.986460833042199, 0,-4.924250096082687, 5.986474837846305, 0,-4.924250096082687, 5.986474837846305, 0,-4.924253113567829, 5.986482840591371, 0,-4.924253113567829, 5.986482840591371, 0,-4.924257472157478, 5.986489842993175, 0,-4.924257472157478, 5.986489842993175, 0,-4.924261160194874, 5.986496511947218, 0,-4.924279265105724, 5.9865221874194745, 0,-4.9242836236953735, 5.986530523611502, 0,-4.9242836236953735, 5.986530523611502, 0,-4.924285970628262, 5.986541193937129, 0,-4.924285970628262, 5.986541193937129, 0,-4.924286305904388, 5.986549196681203, 0,-4.924286305904388, 5.986555198739174, 0,-4.924296028912067, 5.986570537331492, 0,-4.924298711121082, 5.986576539389232, 0,-4.924301728606224, 5.98658420868515, 0,-4.924309104681015, 5.986604548991183, 0,-4.924309104681015, 5.986604548991183, 0,-4.9243104457855225, 5.986612218286694, 0,-4.9243104457855225, 5.986612218286694, 0,-4.924313127994537, 5.9866192206868565, 0,-4.924320504069328, 5.986632558591683, 0,-4.924325197935104, 5.986647563734216, 0,-4.924326539039612, 5.986655566476738, 0,-4.924326539039612, 5.986655566476738, 0,-4.924330227077007, 5.986663902666731, 0,-4.924330227077007, 5.986663902666731, 0,-4.924332909286022, 5.986671905409011, 0,-4.924332909286022, 5.986671905409011, 0,-4.924339950084686, 5.986687577445632, 0,-4.9243443086743355, 5.986693246054515, 0,-4.9243443086743355, 5.986693246054515, 0,-4.9243443086743355, 5.986693246054515, 0,-4.924347996711731, 5.986699248110908, 0,-4.924354702234268, 5.986706250509951, 0,-4.924361743032932, 5.9867152535943235, 0,-4.924361743032932, 5.9867152535943235, 0,-4.9243661016225815, 5.986727257706561, 0,-4.9243684485554695, 5.986740595608742, 0,-4.924367778003216, 5.986749265244995, 0,-4.924367442727089, 5.9867616028040285, 0,-4.924373142421246, 5.9867776082856, 0,-4.924376830458641, 5.986784944131172, 0,-4.924382865428925, 5.986799615822011, 0,-4.924382865428925, 5.986799615822011, 0,-4.924391247332096, 5.986803283744663, 0,-4.924391247332096, 5.986803283744663, 0,-4.9243999645113945, 5.986805951324754, 0,-4.9243999645113945, 5.986805951324754, 0,-4.9244073405861855, 5.986808952352339, 0,-4.9244073405861855, 5.986808952352339, 0,-4.92442611604929, 5.986813954064948, 0,-4.924447238445282, 5.986817955434994, 0,-4.924447238445282, 5.986817955434994, 0,-4.924447238445282, 5.986817955434994, 0,-4.924456290900707, 5.986817621987486, 0,-4.924456290900707, 5.986817621987486, 0,-4.9244629964232445, 5.986816955092482, 0,-4.9244629964232445, 5.986816955092482, 0,-4.924469366669655, 5.986815621302475, 0,-4.924469366669655, 5.986815621302475, 0,-4.924469366669655, 5.986815621302475, 0,-4.92447841912508, 5.9868126202749155, 0,-4.924500547349453, 5.986814954407459, 0,-4.924500547349453, 5.986814954407459, 0,-4.924512282013893, 5.986811619932391, 0,-4.924512282013893, 5.986811619932391, 0,-4.924512282013893, 5.986811619932391, 0,-4.924525357782841, 5.986807618562294, 0,-4.924525357782841, 5.986807618562294, 0,-4.92453508079052, 5.986805284429725, 0,-4.92453508079052, 5.986805284429725, 0,-4.924544803798199, 5.986805951324754, 0,-4.924544803798199, 5.986805951324754, 0,-4.9245548620820045, 5.986806284772261, 0,-4.9245548620820045, 5.986806284772261, 0,-4.9245548620820045, 5.986806284772261, 0,-4.924563579261303, 5.986802950297142, 0,-4.924563579261303, 5.986802950297142, 0,-4.924563579261303, 5.986802950297142, 0,-4.924572296440601, 5.986800949612069, 0,-4.924579337239265, 5.986801616507084, 0,-4.924579337239265, 5.986801616507084, 0,-4.924579337239265, 5.986801616507084, 0,-4.924588724970818, 5.986802616849634, 0,-4.924600794911385, 5.986804284087188, 0,-4.924600794911385, 5.986804284087188, 0,-4.924600794911385, 5.986804284087188, 0,-4.924614876508713, 5.986803950639679, 0,-4.924625940620899, 5.9868019499546055, 0,-4.924625940620899, 5.9868019499546055, 0,-4.924635328352451, 5.9868006161645475, 0,-4.924635328352451, 5.9868006161645475, 0,-4.92464404553175, 5.986799949269532, 0,-4.92464404553175, 5.986799949269532, 0,-4.924651421606541, 5.986798948926982, 0,-4.924662820994854, 5.9867986154794615, 0,-4.924662820994854, 5.9867986154794615, 0,-4.924675561487675, 5.986798282031953, 0,-4.924687631428242, 5.986798282031953, 0,-4.92470171302557, 5.986800282717027, 0,-4.92470171302557, 5.986800282717027, 0,-4.924721159040928, 5.986806284772261, 0,-4.924721159040928, 5.986806284772261, 0,-4.924742951989174, 5.986805951324754, 0,-4.924742951989174, 5.986805951324754, 0,-4.924742951989174, 5.986805951324754, 0,-4.924754686653614, 5.986803283744663, 0,-4.924765080213547, 5.986801616507084, 0,-4.9247778207063675, 5.9868012830595765, 0,-4.9247778207063675, 5.9868012830595765, 0,-4.924793243408203, 5.9868019499546055, 0,-4.924813359975815, 5.986805284429725, 0,-4.924823418259621, 5.986806618219769, 0,-4.924823418259621, 5.986806618219769, 0,-4.924823418259621, 5.986806618219769, 0,-4.924832135438919, 5.986806951667278, 0,-4.924832135438919, 5.986806951667278, 0,-4.924832135438919, 5.986806951667278, 0,-4.92483951151371, 5.986808285457323, 0,-4.924848563969135, 5.986806618219769, 0,-4.924860633909702, 5.986806618219769, 0,-4.924860633909702, 5.986806618219769, 0,-4.9248723685741425, 5.986807952009815, 0,-4.9248723685741425, 5.986807952009815, 0,-4.924884103238583, 5.986812286827407, 0,-4.924884103238583, 5.986812286827407, 0,-4.924895837903023, 5.986816621644986, 0,-4.9249062314629555, 5.986821289910023, 0,-4.924916289746761, 5.986823957490024, 0,-4.924916289746761, 5.986823957490024, 0,-4.924924001097679, 5.986825624727514, 0,-4.924924001097679, 5.986825624727514, 0,-4.924931041896343, 5.986826958517508, 0,-4.924931041896343, 5.986826958517508, 0,-4.924939088523388, 5.986827625412512, 0,-4.924939088523388, 5.986827625412512, 0,-4.924939088523388, 5.986827625412512, 0,-4.924947135150433, 5.986828292307503, 0,-4.924947135150433, 5.986828292307503, 0,-4.924956522881985, 5.986823957490024, 0,-4.924956522881985, 5.986823957490024, 0,-4.924966245889664, 5.986822290252535, 0,-4.924966245889664, 5.986822290252535, 0,-4.924966245889664, 5.986822290252535, 0,-4.924975968897343, 5.986822957147526, 0,-4.9249836802482605, 5.986824624385015, 0,-4.9249836802482605, 5.986824624385015, 0,-4.924992732703686, 5.986825291280018, 0,-4.924992732703686, 5.986825291280018, 0,-4.925001449882984, 5.986825291280018, 0,-4.925001449882984, 5.986825291280018, 0,-4.925009831786156, 5.986825624727514, 0,-4.925009831786156, 5.986825624727514, 0,-4.925017207860947, 5.9868259581750225, 0,-4.9250272661447525, 5.986826958517508, 0,-4.925036318600178, 5.9868286257550105, 0,-4.925036318600178, 5.9868286257550105, 0,-4.925045035779476, 5.986831626782469, 0,-4.925045035779476, 5.986831626782469, 0,-4.92506381124258, 5.986839296074798, 0,-4.925142265856266, 5.98685630189654, 0,-4.925142265856266, 5.98685630189654, 0,-4.925155006349087, 5.98685830258141, 0,-4.925155006349087, 5.98685830258141, 0,-4.925163723528385, 5.986860636713764, 0,-4.925172105431557, 5.986862637398621, 0,-4.925181493163109, 5.986863304293574, 0,-4.925181493163109, 5.986863304293574, 0,-4.925193898379803, 5.986866305320854, 0,-4.925193898379803, 5.986866305320854, 0,-4.925206638872623, 5.9868686394531565, 0,-4.925239160656929, 5.986875308402567, 0,-4.925246201455593, 5.986875641850037, 0,-4.925246201455593, 5.986875641850037, 0,-4.925255253911018, 5.986876642192434, 0,-4.925255253911018, 5.986876642192434, 0,-4.925264976918697, 5.986878309429771, 0,-4.925273694097996, 5.986878642877241, 0,-4.925283417105675, 5.986878976324698, 0,-4.925293140113354, 5.986879976667095, 0,-4.925293140113354, 5.986879976667095, 0,-4.92530319839716, 5.986881310456962, 0,-4.92530319839716, 5.986881310456962, 0,-4.925312250852585, 5.9868819773518895, 0,-4.925321638584137, 5.98688397803667, 0,-4.925333708524704, 5.986887645958763, 0,-4.9253444373607635, 5.986886645616366, 0,-4.9253444373607635, 5.986886645616366, 0,-4.925355836749077, 5.986886645616366, 0,-4.925355836749077, 5.986886645616366, 0,-4.925367571413517, 5.986887645958763, 0,-4.925367571413517, 5.986887645958763, 0,-4.925379306077957, 5.986886979063823, 0,-4.925379306077957, 5.986886979063823, 0,-4.9253907054662704, 5.986887645958763, 0,-4.925403445959091, 5.986887645958763, 0,-4.925403445959091, 5.986887645958763, 0,-4.925403445959091, 5.986887645958763, 0,-4.925415851175785, 5.986887312511294, 0,-4.925415851175785, 5.986887312511294, 0,-4.925427585840225, 5.986888646301135, 0,-4.92554996162653, 5.986856635344023, 0,-4.925565384328365, 5.986855968449057, 0,-4.925565384328365, 5.986855968449057, 0,-4.925571084022522, 5.9868549681066225, 0,-4.9255818128585815, 5.986856968791505, 0,-4.9255818128585815, 5.986856968791505, 0,-4.925594553351402, 5.986858636028893, 0,-4.925633110105991, 5.9868639711885265, 0,-4.925633110105991, 5.9868639711885265, 0,-4.925645180046558, 5.986865971873371, 0,-4.925645180046558, 5.986865971873371, 0,-4.925655908882618, 5.986866305320854, 0,-4.925665967166424, 5.986867639110733, 0,-4.925684742629528, 5.986871640480398, 0,-4.925684742629528, 5.986871640480398, 0,-4.925694800913334, 5.986871973927868, 0,-4.92570586502552, 5.9868706401379885, 0,-4.925745092332363, 5.9868739746126876, 0,-4.925745092332363, 5.9868739746126876, 0,-4.92575716227293, 5.986872307375338, 0,-4.92575716227293, 5.986872307375338, 0,-4.925766885280609, 5.986865304978418, 0,-4.925776608288288, 5.986862970846091, 0,-4.925776608288288, 5.986862970846091, 0,-4.925784319639206, 5.986861303608716, 0,-4.925793372094631, 5.986863304293574, 0,-4.925793372094631, 5.986863304293574, 0,-4.925837963819504, 5.9868686394531565, 0,-4.925837963819504, 5.9868686394531565, 0,-4.925845675170422, 5.986869306348096, 0,-4.925845675170422, 5.986869306348096, 0,-4.925853721797466, 5.986871307032928, 0,-4.925853721797466, 5.986871307032928, 0,-4.925861768424511, 5.986871973927868, 0,-4.9258701503276825, 5.986870973585458, 0,-4.9258701503276825, 5.986870973585458, 0,-4.9258701503276825, 5.986870973585458, 0,-4.925886578857899, 5.986867305663264, 0,-4.925886578857899, 5.986867305663264, 0,-4.92589395493269, 5.986865638425889, 0,-4.92589395493269, 5.986865638425889, 0,-4.925907030701637, 5.986861637056186, 0,-4.926004260778427, 5.986857302238976, 0,-4.926004260778427, 5.986857302238976, 0,-4.9260129779577255, 5.986858636028893, 0,-4.926034100353718, 5.986855635001575, 0,-4.926034100353718, 5.986855635001575, 0,-4.926046505570412, 5.986853634316692, 0,-4.926046505570412, 5.986853634316692, 0,-4.926046505570412, 5.986853634316692, 0,-4.926057234406471, 5.9868533008692095, 0,-4.926057234406471, 5.9868533008692095, 0,-4.9260686337947845, 5.986852967421727, 0,-4.9260686337947845, 5.986852967421727, 0,-4.926078021526337, 5.986851967079279, 0,-4.926087744534016, 5.986850299841866, 0,-4.926087744534016, 5.986850299841866, 0,-4.926097467541695, 5.9868496329469005, 0,-4.926097467541695, 5.9868496329469005, 0,-4.9261051788926125, 5.9868486326044525, 0,-4.9261051788926125, 5.9868486326044525, 0,-4.926115572452545, 5.986847965709474, 0,-4.926115572452545, 5.986847965709474, 0,-4.926125966012478, 5.986848966051935, 0,-4.926125966012478, 5.986848966051935, 0,-4.926134683191776, 5.986850633289348, 0,-4.926143065094948, 5.9868523005267615, 0,-4.926143065094948, 5.9868523005267615, 0,-4.926153793931007, 5.986855635001575, 0,-4.926153793931007, 5.986855635001575, 0,-4.92616418749094, 5.986859969818811, 0,-4.92616418749094, 5.986859969818811, 0,-4.926174245774746, 5.986866305320854, 0,-4.926181957125664, 5.986871640480398, 0,-4.926181957125664, 5.986871640480398, 0,-4.926188997924328, 5.986872974270278, 0,-4.926188997924328, 5.986872974270278, 0,-4.926193356513977, 5.986874308060157, 0,-4.926199056208134, 5.986874308060157, 0,-4.926199056208134, 5.986874308060157, 0,-4.9262067675590515, 5.986871973927868, 0,-4.9262067675590515, 5.986871973927868, 0,-4.926214478909969, 5.986869639795565, 0,-4.926214478909969, 5.986869639795565, 0,-4.926222860813141, 5.986867972558216, 0,-4.926222860813141, 5.986867972558216, 0,-4.926231242716312, 5.986866972215794, 0,-4.9262382835149765, 5.986866972215794, 0,-4.9262382835149765, 5.986866972215794, 0,-4.926248341798782, 5.986865638425889, 0,-4.926248341798782, 5.986865638425889, 0,-4.926258735358715, 5.986865304978418, 0,-4.9262674525380135, 5.986865304978418, 0,-4.9262674525380135, 5.986865304978418, 0,-4.926278181374073, 5.986867639110733, 0,-4.926288574934006, 5.986866972215794, 0,-4.926288574934006, 5.986866972215794, 0,-4.926298633217812, 5.986865638425889, 0,-4.926298633217812, 5.986865638425889, 0,-4.926307685673237, 5.986866305320854, 0,-4.926307685673237, 5.986866305320854, 0,-4.926307685673237, 5.986866305320854, 0,-4.926330149173737, 5.986868972900639, 0,-4.926365353167057, 5.98688397803667, 0,-4.926365353167057, 5.98688397803667, 0,-4.926373064517975, 5.986889980090976, 0,-4.926373064517975, 5.986889980090976, 0,-4.926381446421146, 5.98689431490792, 0,-4.926381446421146, 5.98689431490792, 0,-4.926389828324318, 5.986898983172308, 0,-4.926389828324318, 5.986898983172308, 0,-4.9264005571603775, 5.9869016507519275, 0,-4.9264005571603775, 5.9869016507519275, 0,-4.926411956548691, 5.9869036514366325, 0,-4.926432743668556, 5.986908986595833, 0,-4.926432743668556, 5.986908986595833, 0,-4.926440455019474, 5.986909653490722, 0,-4.926440455019474, 5.986909653490722, 0,-4.926449507474899, 5.986906652463696, 0,-4.926449507474899, 5.986906652463696, 0,-4.926455542445183, 5.986904651778991, 0,-4.926455542445183, 5.986904651778991, 0,-4.92646224796772, 5.98690131730447, 0,-4.926482699811459, 5.986889646643506, 0,-4.926482699811459, 5.986889646643506, 0,-4.926488064229488, 5.986886979063823, 0,-4.926488064229488, 5.986886979063823, 0,-4.926493763923645, 5.986883311141743, 0,-4.9265118688344955, 5.986875308402567, 0,-4.9265118688344955, 5.986875308402567, 0,-4.9265118688344955, 5.986875308402567, 0,-4.926522262394428, 5.986872307375338, 0,-4.9265313148498535, 5.986870306690518, 0,-4.926540702581406, 5.986868972900639, 0,-4.926549419760704, 5.986867639110733, 0,-4.926549419760704, 5.986867639110733, 0,-4.926558136940002, 5.986863637741056, 0,-4.926575236022472, 5.986858969476375, 0,-4.926583282649517, 5.986855635001575, 0,-4.926592670381069, 5.986851633631796, 0,-4.926592670381069, 5.986851633631796, 0,-4.926592670381069, 5.986851633631796, 0,-4.926601387560368, 5.98684563157707, 0,-4.926601387560368, 5.98684563157707, 0,-4.926642291247845, 5.986836961942356, 0,-4.926642291247845, 5.986836961942356, 0,-4.926651678979397, 5.986835294704893, 0,-4.926651678979397, 5.986835294704893, 0,-4.926671460270882, 5.986831293334974, 0,-4.92668017745018, 5.986831626782469, 0,-4.92669090628624, 5.986830959887478, 0,-4.92669090628624, 5.986830959887478, 0,-4.926701299846172, 5.9868302929924875, 0,-4.926730468869209, 5.986829292650001, 0,-4.926730468869209, 5.986829292650001, 0,-4.9267422035336494, 5.986828292307503, 0,-4.9267760664224625, 5.986820956462515, 0,-4.9267760664224625, 5.986820956462515, 0,-4.926787465810776, 5.986816288197491, 0,-4.926793836057186, 5.986807285114786, 0,-4.926798865199089, 5.9867966147943745, 0,-4.926804564893246, 5.986785944473747, 0,-4.926804564893246, 5.986785944473747, 0,-4.926804564893246, 5.986785944473747, 0,-4.926808588206768, 5.986778942075721, 0,-4.926814958453178, 5.9867729400201934, 0,-4.92682334035635, 5.986767938307204, 0,-4.92682334035635, 5.986767938307204, 0,-4.926832057535648, 5.986764937279402, 0,-4.926839433610439, 5.9867619362515745, 0,-4.926839433610439, 5.9867619362515745, 0,-4.926843456923962, 5.986756934538483, 0,-4.926856867969036, 5.986749598692541, 0,-4.926856867969036, 5.986749598692541, 0,-4.926866255700588, 5.9867465976646255, 0,-4.926866255700588, 5.9867465976646255, 0,-4.926873967051506, 5.986742262846499, 0,-4.926873967051506, 5.986742262846499, 0,-4.926880672574043, 5.986737261133229, 0,-4.926880672574043, 5.986737261133229, 0,-4.926880672574043, 5.986737261133229, 0,-4.926888719201088, 5.98673225941992, 0,-4.926896765828133, 5.986727924601679, 0,-4.926912523806095, 5.986726257363884, 0,-4.926930293440819, 5.986717921174834, 0,-4.926934652030468, 5.986719588412667, 0,-4.926939010620117, 5.986720588755343, 0,-4.926945716142654, 5.986730925629697, 0,-4.926945716142654, 5.986730925629697, 0,-4.92694940418005, 5.986738928370985, 0,-4.92694940418005, 5.986738928370985, 0,-4.92694940418005, 5.986738928370985, 0,-4.926957786083221, 5.986755267300777, 0,-4.926983937621117, 5.986778942075721, 0,-4.926983937621117, 5.986778942075721, 0,-4.926999360322952, 5.986789612396476, 0,-4.927006736397743, 5.986790612739038, 0,-4.927006736397743, 5.986790612739038, 0,-4.927015118300915, 5.986790279291517, 0,-4.927015118300915, 5.986790279291517, 0,-4.927024841308594, 5.9867909461865585, 0,-4.927024841308594, 5.9867909461865585, 0,-4.927024841308594, 5.9867909461865585, 0,-4.927043952047825, 5.986786611368789, 0,-4.92705300450325, 5.98678427723613, 0,-4.92705300450325, 5.98678427723613, 0,-4.927063062787056, 5.986781943103447, 0,-4.927063062787056, 5.986781943103447, 0,-4.927063062787056, 5.986781943103447, 0,-4.927071779966354, 5.986781609655925, 0,-4.927071779966354, 5.986781609655925, 0,-4.927113354206085, 5.9867619362515745, 0,-4.927113354206085, 5.9867619362515745, 0,-4.927119053900242, 5.9867536000630714, 0,-4.9271247535943985, 5.9867465976646255, 0,-4.927140846848488, 5.986735593895472, 0,-4.927140846848488, 5.986735593895472, 0,-4.927149564027786, 5.986728924944356, 0,-4.927149564027786, 5.986728924944356, 0,-4.927149564027786, 5.986728924944356, 0,-4.927158951759338, 5.986722255993164, 0,-4.927158951759338, 5.986722255993164, 0,-4.927167668938637, 5.9867165873845725, 0,-4.927176386117935, 5.986710585328371, 0,-4.927176386117935, 5.986710585328371, 0,-4.927183426916599, 5.986702582586663, 0,-4.927183426916599, 5.986702582586663, 0,-4.927183426916599, 5.986702582586663, 0,-4.927188120782375, 5.986692912606931, 0,-4.927188120782375, 5.986692912606931, 0,-4.927192144095898, 5.986686243655306, 0,-4.927192144095898, 5.986686243655306, 0,-4.927192144095898, 5.986686243655306, 0,-4.927195832133293, 5.986683576074631, 0,-4.927195832133293, 5.986683576074631, 0,-4.927208907902241, 5.986678240913229, 0,-4.9272142723202705, 5.986676907122867, 0,-4.9272142723202705, 5.986676907122867, 0,-4.9272142723202705, 5.986676907122867, 0,-4.927220642566681, 5.986674906437335, 0,-4.927220642566681, 5.986674906437335, 0,-4.927228018641472, 5.986671571961414, 0,-4.927228018641472, 5.986671571961414, 0,-4.92723572999239, 5.986667904037896, 0,-4.927242770791054, 5.986663235771537, 0,-4.9272531643509865, 5.986652232000703, 0,-4.9272531643509865, 5.986652232000703, 0,-4.9272531643509865, 5.986652232000703, 0,-4.92725919932127, 5.986641561677252, 0,-4.92725919932127, 5.986641561677252, 0,-4.927288703620434, 5.98660654967697, 0,-4.927288703620434, 5.98660654967697, 0,-4.927288703620434, 5.98660654967697, 0,-4.927295073866844, 5.986603215200642, 0,-4.927322901785374, 5.986591544533317, 0,-4.9273282662034035, 5.986583541789853, 0,-4.927350394427776, 5.98655686597749, 0,-4.927353747189045, 5.986546862547527, 0,-4.927357099950314, 5.986536859117374, 0,-4.927358776330948, 5.986527856030076, 0,-4.927362464368343, 5.986516852256495, 0,-4.927366152405739, 5.9865065153781085, 0,-4.927369169890881, 5.986496511947218, 0,-4.927373863756657, 5.986486175068424, 0,-4.927376210689545, 5.986476171637164, 0,-4.927368834614754, 5.986460166146751, 0,-4.927368834614754, 5.986460166146751, 0,-4.92736279964447, 5.986418818627696, 0,-4.927377216517925, 5.986407481404189, 0,-4.927377216517925, 5.986407481404189, 0,-4.927380569279194, 5.986398811762516, 0,-4.927380569279194, 5.986398811762516, 0,-4.927380569279194, 5.986398811762516, 0,-4.927376210689545, 5.986368134567817, 0,-4.927381239831448, 5.986360131821084, 0,-4.927387610077858, 5.986352795969812, 0,-4.927387610077858, 5.986352795969812, 0,-4.927392639219761, 5.986344459775075, 0,-4.927392639219761, 5.986344459775075, 0,-4.927392639219761, 5.986344459775075, 0,-4.927393980324268, 5.986337123923587, 0,-4.9273936450481415, 5.986329121176408, 0,-4.9273936450481415, 5.986329121176408, 0,-4.927374869585037, 5.986321785324717, 0,-4.927374869585037, 5.986321785324717, 0,-4.927374869585037, 5.986321785324717, 0,-4.927364811301231, 5.986320118085688, 0,-4.927339665591717, 5.986308447412307, 0,-4.927329607307911, 5.986304112590707, 0,-4.927329607307911, 5.986304112590707, 0,-4.927329607307911, 5.986304112590707, 0,-4.92731586098671, 5.986301111560349, 0,-4.92731150239706, 5.986299777769069, 0,-4.92731150239706, 5.986299777769069, 0,-4.927295073866844, 5.98629844397779, 0,-4.927286691963673, 5.986295109499579, 0,-4.927286691963673, 5.986295109499579, 0,-4.927286691963673, 5.986295109499579, 0,-4.9272773042321205, 5.986291441573518, 0,-4.9272773042321205, 5.986291441573518, 0,-4.927269592881203, 5.986288440543095, 0,-4.927269592881203, 5.986288440543095, 0,-4.927245117723942, 5.98628077124303, 0,-4.927245117723942, 5.98628077124303, 0,-4.927237741649151, 5.986272768495012, 0,-4.927237741649151, 5.986272768495012, 0,-4.927229695022106, 5.986264098851215, 0,-4.927229695022106, 5.986264098851215, 0,-4.927222654223442, 5.986255762655116, 0,-4.927208237349987, 5.986249427145999, 0,-4.927197843790054, 5.9862470930110385, 0,-4.927195832133293, 5.986245092323928, 0,-4.927195832133293, 5.986245092323928, 0,-4.927189126610756, 5.986241757845387, 0,-4.927168674767017, 5.9862470930110385, 0,-4.927162639796734, 5.986248093354593, 0,-4.927155934274197, 5.986248426802457, 0,-4.927155934274197, 5.986248426802457, 0,-4.927148222923279, 5.986249427145999, 0,-4.927148222923279, 5.986249427145999, 0,-4.927139841020107, 5.986254762311574, 0,-4.927139841020107, 5.986254762311574, 0,-4.9271368235349655, 5.9862674333296155, 0,-4.9271368235349655, 5.9862674333296155, 0,-4.927136488258839, 5.986279104003874, 0,-4.927135147154331, 5.986288440543095, 0,-4.927135147154331, 5.986288440543095, 0,-4.927135147154331, 5.986288440543095, 0,-4.927127435803413, 5.986295109499579, 0,-4.927127435803413, 5.986295109499579, 0,-4.927117042243481, 5.986300111216895, 0,-4.927117042243481, 5.986300111216895, 0,-4.927106648683548, 5.986307113621053, 0,-4.927097260951996, 5.986312448786068, 0,-4.927097260951996, 5.986312448786068, 0,-4.927085861563683, 5.986316450159803, 0,-4.927085861563683, 5.986316450159803, 0,-4.92707546800375, 5.986323452563745, 0,-4.92707546800375, 5.986323452563745, 0,-4.9270667508244514, 5.986327453937392, 0,-4.9270667508244514, 5.986327453937392, 0,-4.927055686712265, 5.986330788415412, 0,-4.927055686712265, 5.986330788415412, 0,-4.927042946219444, 5.986333789445605, 0,-4.92703054100275, 5.986338124266976, 0,-4.92703054100275, 5.986338124266976, 0,-4.927020147442818, 5.98634179219272, 0,-4.927020147442818, 5.98634179219272, 0,-4.927008748054504, 5.986345126670663, 0,-4.927008748054504, 5.986345126670663, 0,-4.926998354494572, 5.986347460805192, 0,-4.926998354494572, 5.986347460805192, 0,-4.926988296210766, 5.986351795626461, 0,-4.926988296210766, 5.986351795626461, 0,-4.926980920135975, 5.986356463895467, 0,-4.926971532404423, 5.986361465612211, 0,-4.926971532404423, 5.986361465612211, 0,-4.926957786083221, 5.9863704687022565, 0,-4.926946386694908, 5.986375803866648, 0,-4.926937334239483, 5.986381805926539, 0,-4.926937334239483, 5.986381805926539, 0,-4.926928281784058, 5.986385807299753, 0,-4.926928281784058, 5.986385807299753, 0,-4.926928281784058, 5.986385807299753, 0,-4.926915876567364, 5.986395477284904, 0,-4.926906488835812, 5.9863951438371545, 0,-4.926888383924961, 5.98638547385199, 0,-4.926888383924961, 5.98638547385199, 0,-4.926881678402424, 5.986378471448824, 0,-4.926881678402424, 5.986378471448824, 0,-4.926881678402424, 5.986378471448824, 0,-4.926876313984394, 5.986369134911156, 0,-4.926876313984394, 5.986369134911156, 0,-4.9268729612231255, 5.986359131477733, 0,-4.926867261528969, 5.986349128044145, 0,-4.926867261528969, 5.986349128044145, 0,-4.9268632382154465, 5.986341458744932, 0,-4.926859550178051, 5.986334456341207, 0,-4.926856197416782, 5.986331455311013, 0,-4.926848821341991, 5.98632645359399, 0,-4.926835410296917, 5.986316450159803, 0,-4.926835410296917, 5.986316450159803, 0,-4.926831051707268, 5.986311448442628, 0,-4.926831051707268, 5.986311448442628, 0,-4.926831051707268, 5.986311448442628, 0,-4.926825352013111, 5.986303779142894, 0,-4.926821328699589, 5.986298110529977, 0,-4.926821328699589, 5.986298110529977, 0,-4.926817640662193, 5.98629444260394, 0,-4.926817640662193, 5.98629444260394, 0,-4.92681261152029, 5.986291441573518, 0,-4.92681261152029, 5.986291441573518, 0,-4.9268075823783875, 5.986288773990921, 0,-4.9268075823783875, 5.986288773990921, 0,-4.926800541579723, 5.986283772273491, 0,-4.926800541579723, 5.986283772273491, 0,-4.926791489124298, 5.986278437108196, 0,-4.926782771945, 5.9862734353906895, 0,-4.926776736974716, 5.986268767120971, 0,-4.926776736974716, 5.986268767120971, 0,-4.926769025623798, 5.986262765059847, 0,-4.926769025623798, 5.986262765059847, 0,-4.926744215190411, 5.986245092323928, 0,-4.926744215190411, 5.986245092323928, 0,-4.926744215190411, 5.986245092323928, 0,-4.9267371743917465, 5.986239090262536, 0,-4.9267371743917465, 5.986239090262536, 0,-4.926728457212448, 5.986228753378883, 0,-4.926728457212448, 5.986228753378883, 0,-4.926720410585403, 5.9862184164950385, 0,-4.926702976226807, 5.986201410653438, 0,-4.926702976226807, 5.986201410653438, 0,-4.926695600152016, 5.986196408935231, 0,-4.926695600152016, 5.986196408935231, 0,-4.926687553524971, 5.9861904068733045, 0,-4.926680848002434, 5.986183404467646, 0,-4.926659055054188, 5.9861690662081575, 0,-4.926649667322636, 5.986161730354328, 0,-4.92664061486721, 5.986155061396203, 0,-4.926632903516293, 5.986151060021297, 0,-4.9266258627176285, 5.986147725542195, 0,-4.9266258627176285, 5.986147725542195, 0,-4.926618821918964, 5.986144724510959, 0,-4.926618821918964, 5.986144724510959, 0,-4.9266117811203, 5.986142056927637, 0,-4.9266117811203, 5.986142056927637, 0,-4.92660541087389, 5.9861383890005575, 0,-4.9265990406274796, 5.9861320534900795, 0,-4.92659367620945, 5.9861263848753685, 0,-4.92659367620945, 5.9861263848753685, 0,-4.926588982343674, 5.986119049020967, 0,-4.926588982343674, 5.986119049020967, 0,-4.9265822768211365, 5.986111713166464, 0,-4.926574230194092, 5.98610504420774, 0,-4.926568865776062, 5.986097041457152, 0,-4.926568865776062, 5.986097041457152, 0,-4.926568865776062, 5.986097041457152, 0,-4.926562495529652, 5.986087371466708, 0,-4.926562495529652, 5.986087371466708, 0,-4.926556795835495, 5.986080035611785, 0,-4.926550090312958, 5.986075033892447, 0,-4.926550090312958, 5.986075033892447, 0,-4.9265410378575325, 5.9860686983812315, 0,-4.926532655954361, 5.986060695630122, 0,-4.926532655954361, 5.986060695630122, 0,-4.926524274051189, 5.986051359087008, 0,-4.926524274051189, 5.986051359087008, 0,-4.9265168979763985, 5.986047691159317, 0,-4.9265168979763985, 5.986047691159317, 0,-4.9265168979763985, 5.986047691159317, 0,-4.926508516073227, 5.986046023919449, 0,-4.926501139998436, 5.986043356335643, 0,-4.926501139998436, 5.986043356335643, 0,-4.926501139998436, 5.986043356335643, 0,-4.926492087543011, 5.986044023231588, 0,-4.926492087543011, 5.986044023231588, 0,-4.9264857172966, 5.986045690471469, 0</coordinates>
                </LinearRing>
            </outerBoundaryIs>
        </Polygon>
    </MultiGeometry>
  </Placemark><Placemark>
	<Style><LineStyle><color>ff0000ff</color></LineStyle><PolyStyle><fill>0</fill></PolyStyle></Style>
	<ExtendedData><SchemaData schemaUrl="#programmeband_1">
		<SimpleData name="N°">10</SimpleData>
		<SimpleData name="Cooperative">COOP CA SCAAB</SimpleData>
		<SimpleData name="Code_CCC">COOP CA SCAAB</SimpleData>
		<SimpleData name="Code_Producteur">SCAAB-TIA-249</SimpleData>
		<SimpleData name="Code_Parcelle">SCAAB-TIA-249-P1</SimpleData>
		<SimpleData name="Section">TIASSALE</SimpleData>
		<SimpleData name="Localite">TIASSALE</SimpleData>
		<SimpleData name="Sous-Prefecture">TIASSALE</SimpleData>
		<SimpleData name="Region ">AGNEBY-TIASSA</SimpleData>
		<SimpleData name="Nom">KOUAME</SimpleData>
		<SimpleData name="Prenoms">NGUESSAN FAUSTIN</SimpleData>
		<SimpleData name="Genre">Homme</SimpleData>
		<SimpleData name="Programme">Mondelez</SimpleData>
		<SimpleData name="Departement"></SimpleData>
		<SimpleData name="Statut">Candidat</SimpleData>
	</SchemaData>
    </ExtendedData>
      <MultiGeometry>
        <Polygon>
            <outerBoundaryIs>
                <LinearRing>
                    <coordinates>-4.905535653233528, 5.976635040736251, 0,-4.905533976852894, 5.976657382134558, 0,-4.905533976852894, 5.976657382134558, 0,-4.905529618263245, 5.976662717393718, 0,-4.905520565807819, 5.976674054819266, 0,-4.905520565807819, 5.976674054819266, 0,-4.905514530837536, 5.97668072389301, 0,-4.905502460896969, 5.976696729669674, 0,-4.905499778687954, 5.976704399104149, 0,-4.90549810230732, 5.976712401992187, 0,-4.905490055680275, 5.976727740860603, 0,-4.905485697090626, 5.976734743387352, 0,-4.90548737347126, 5.976745080450453, 0,-4.905491396784782, 5.976750415708772, 0,-4.905497767031193, 5.976753750245187, 0,-4.905497767031193, 5.976753750245187, 0,-4.905506148934364, 5.976793097773381, 0,-4.905506148934364, 5.976793097773381, 0,-4.905505143105984, 5.976801100660122, 0,-4.905502460896969, 5.976808103185918, 0,-4.905486702919006, 5.97685378632825, 0,-4.905486702919006, 5.97685378632825, 0,-4.90548100322485, 5.976875460810499, 0,-4.90548100322485, 5.976875460810499, 0,-4.90548100322485, 5.976880796067533, 0,-4.905479997396469, 5.976888132045874, 0,-4.905479997396469, 5.976888132045874, 0,-4.905470609664917, 5.976913141062223, 0,-4.905470609664917, 5.976913141062223, 0,-4.905460551381111, 5.9769258122967335, 0,-4.905455186963081, 5.9769314810067975, 0,-4.905455186963081, 5.9769314810067975, 0,-4.905443117022514, 5.976993836813799, 0,-4.905443117022514, 5.976993836813799, 0,-4.905437417328358, 5.977002506604589, 0,-4.905437417328358, 5.977002506604589, 0,-4.905432052910328, 5.9770118433022015, 0,-4.905427359044552, 5.977021846906611, 0,-4.905423671007156, 5.977033184324729, 0,-4.905420653522015, 5.977042521021807, 0,-4.905419982969761, 5.977050190451448, 0,-4.905422329902649, 5.97705585916024, 0,-4.905422329902649, 5.97705585916024, 0,-4.90542970597744, 5.9770675300310945, 0,-4.90542970597744, 5.9770675300310945, 0,-4.9054330587387085, 5.977074866006943, 0,-4.905438087880611, 5.977092539039236, 0,-4.905438758432865, 5.977102542642171, 0,-4.905438758432865, 5.977102542642171, 0,-4.905446469783783, 5.977147892306525, 0,-4.905451163649559, 5.9771565620948595, 0,-4.905451163649559, 5.9771565620948595, 0,-4.905456192791462, 5.977162564255943, 0,-4.9054910615086555, 5.977192908513741, 0,-4.9054910615086555, 5.977192908513741, 0,-4.9054910615086555, 5.977192908513741, 0,-4.905496761202812, 5.977209914635498, 0,-4.905497767031193, 5.977216917156064, 0,-4.905503466725349, 5.977228588023497, 0,-4.905505478382111, 5.977235257090474, 0,-4.9055058136582375, 5.977241926157375, 0,-4.9055058136582375, 5.977241926157375, 0,-4.905513860285282, 5.9772656013442385, 0,-4.905513860285282, 5.9772656013442385, 0,-4.905523248016834, 5.97727093659747, 0,-4.90555677562952, 5.9772719369574485, 0,-4.905566498637199, 5.977272937317415, 0,-4.905566498637199, 5.977272937317415, 0,-4.905584938824177, 5.977281273650468, 0,-4.905584938824177, 5.977281273650468, 0,-4.905611090362072, 5.977294278329764, 0,-4.905615448951721, 5.977298946676096, 0,-4.905634559690952, 5.977301280849262, 0,-4.905640594661236, 5.977299280129405, 0,-4.905667416751385, 5.977313618621469, 0,-4.905674122273922, 5.977340294884784, 0,-4.905676804482937, 5.97734796431024, 0,-4.905717708170414, 5.977374640571876, 0,-4.9057237431406975, 5.977380642730568, 0,-4.905730783939362, 5.977383643809894, 0,-4.905739165842533, 5.977384977622916, 0,-4.905739165842533, 5.977384977622916, 0,-4.905748888850212, 5.9773866448891955, 0,-4.905757941305637, 5.9773866448891955, 0,-4.905766658484936, 5.9773826434501185, 0,-4.905766658484936, 5.9773826434501185, 0,-4.905776046216488, 5.977380642730568, 0,-4.905808232724667, 5.977385644529432, 0,-4.905818961560726, 5.977386978342441, 0,-4.905830696225166, 5.9773903128749755, 0,-4.905835725367069, 5.977388979061967, 0,-4.905840754508972, 5.977384644169657, 0,-4.905845448374748, 5.977379308917533, 0,-4.905851483345032, 5.977373973665358, 0,-4.9058689177036285, 5.977370305679464, 0,-4.9058689177036285, 5.977370305679464, 0,-4.905877634882927, 5.97737297330557, 0,-4.905893392860889, 5.977377641651228, 0,-4.9058997631073, 5.9773826434501185, 0,-4.905904121696949, 5.9773866448891955, 0,-4.905904121696949, 5.9773866448891955, 0,-4.905921220779419, 5.977393313954251, 0,-4.905921220779419, 5.977393313954251, 0,-4.9059296026825905, 5.977397982299744, 0,-4.9059296026825905, 5.977397982299744, 0,-4.9059393256902695, 5.977401650285473, 0,-4.905951730906963, 5.977403651004935, 0,-4.905967153608799, 5.977409653163308, 0,-4.905975200235844, 5.977415988774851, 0,-4.905983246862888, 5.977419990213686, 0,-4.905991964042187, 5.977423991652484, 0,-4.906001351773739, 5.977427659638022, 0,-4.906001351773739, 5.977427659638022, 0,-4.906012415885925, 5.977428326544476, 0,-4.906022474169731, 5.977427326184789, 0,-4.906022474169731, 5.977427326184789, 0,-4.906030185520649, 5.977426992731568, 0,-4.906043596565723, 5.977430327263861, 0,-4.906044937670231, 5.977429993810628, 0,-4.906046614050865, 5.977429660357408, 0,-4.906052649021149, 5.977419656760441, 0,-4.906052649021149, 5.977419656760441, 0,-4.90607175976038, 5.97738997942173, 0,-4.906079471111298, 5.977382976903377, 0,-4.906083159148693, 5.977373973665358, 0,-4.90608885884285, 5.97736630424026, 0,-4.90609522908926, 5.97735896826833, 0,-4.906101934611797, 5.977352299202842, 0,-4.906107299029827, 5.977346630497129, 0,-4.906111657619476, 5.9773389610716485, 0,-4.906117357313633, 5.977334626178944, 0,-4.906130433082581, 5.977324622580247, 0,-4.906136803328991, 5.977319954234119, 0,-4.906140826642513, 5.977314952434669, 0,-4.9061428382992744, 5.977309950635167, 0,-4.9061428382992744, 5.977309950635167, 0,-4.906147196888924, 5.977304615382319, 0,-4.906147196888924, 5.977304615382319, 0,-4.906150549650192, 5.9772986132227865, 0,-4.906153902411461, 5.977293277969824, 0,-4.90615826100111, 5.977287942716809, 0,-4.90615826100111, 5.977287942716809, 0,-4.9061619490385056, 5.977282940917053, 0,-4.9061619490385056, 5.977282940917053, 0,-4.906171001493931, 5.9772719369574485, 0,-4.906171001493931, 5.9772719369574485, 0,-4.906179718673229, 5.977257265010944, 0,-4.906179718673229, 5.977257265010944, 0,-4.906184412539005, 5.977250262490899, 0,-4.906190447509289, 5.977243593424087, 0,-4.906194806098938, 5.977236924357212, 0,-4.906202182173729, 5.977232922917041, 0,-4.906218275427818, 5.977218250969505, 0,-4.906224310398102, 5.977209581182138, 0,-4.906229674816132, 5.977201244848003, 0,-4.906229674816132, 5.977201244848003, 0,-4.906257167458534, 5.977167566056793, 0,-4.906259849667549, 5.977165898789852, 0,-4.906259849667549, 5.977165898789852, 0,-4.906266890466213, 5.977147892306525, 0,-4.906266890466213, 5.977147892306525, 0,-4.90627259016037, 5.977141223238466, 0,-4.906281642615795, 5.977136554890786, 0,-4.9062903597950935, 5.977133553810111, 0,-4.906307123601437, 5.977130219275999, 0,-4.906307123601437, 5.977130219275999, 0,-4.906314499676228, 5.977129885822601, 0,-4.906338304281235, 5.977136554890786, 0,-4.906346015632153, 5.977141556691865, 0,-4.906383901834488, 5.977154561374494, 0,-4.906389936804771, 5.977157229001657, 0,-4.906409718096256, 5.977163231162727, 0,-4.906435534358025, 5.977162564255943, 0,-4.9064429104328156, 5.977161563895761, 0,-4.906448274850845, 5.977159896628806, 0,-4.906468391418457, 5.977152560654104, 0,-4.906475767493248, 5.9771502264803145, 0,-4.906475767493248, 5.9771502264803145, 0,-4.9064891785383224, 5.9771425570520735, 0,-4.9064891785383224, 5.9771425570520735, 0,-4.906495548784733, 5.977138555611228, 0,-4.906504936516285, 5.977129218915765, 0,-4.906504936516285, 5.977129218915765, 0,-4.906517006456852, 5.977118214953069, 0,-4.906517006456852, 5.977118214953069, 0,-4.906528741121292, 5.977104543362739, 0,-4.9065398052334785, 5.977092539039236, 0,-4.9065398052334785, 5.977092539039236, 0,-4.9065398052334785, 5.977092539039236, 0,-4.9065448343753815, 5.977085869970504, 0,-4.9065448343753815, 5.977085869970504, 0,-4.906549863517284, 5.9770805347154665, 0,-4.9065545573830605, 5.977072865286258, 0,-4.906558245420456, 5.9770658627638475, 0,-4.906558245420456, 5.9770658627638475, 0,-4.906562939286232, 5.977058860241348, 0,-4.906569980084896, 5.97704685591684, 0,-4.906569980084896, 5.97704685591684, 0,-4.90657601505518, 5.977041520661421, 0,-4.90657601505518, 5.977041520661421, 0,-4.906595125794411, 5.9770181789183505, 0,-4.906595125794411, 5.9770181789183505, 0,-4.906603507697582, 5.977009842581302, 0,-4.906603507697582, 5.977009842581302, 0,-4.906623288989067, 5.976994170267299, 0,-4.9066296592354774, 5.976987834650884, 0,-4.9066367000341415, 5.976981165580866, 0,-4.906644411385059, 5.976978164499351, 0,-4.906655140221119, 5.976979498313365, 0,-4.906655140221119, 5.976979498313365, 0,-4.906672239303589, 5.976984166662381, 0,-4.906672239303589, 5.976984166662381, 0,-4.906680956482887, 5.976986167383382, 0,-4.906697049736977, 5.976986500836882, 0,-4.906706772744656, 5.976986167383382, 0,-4.906706772744656, 5.976986167383382, 0,-4.906740635633469, 5.976997838255726, 0,-4.906765781342983, 5.9769991720696884, 0,-4.906774163246155, 5.9769988386162005, 0,-4.906781539320946, 5.976996837895237, 0,-4.906781539320946, 5.976996837895237, 0,-4.9067892506718636, 5.97699617098825, 0,-4.9067892506718636, 5.97699617098825, 0,-4.906796291470528, 5.9769935033602986, 0,-4.906802996993065, 5.976990502278848, 0,-4.906802996993065, 5.976990502278848, 0,-4.90681104362011, 5.976988168104371, 0,-4.906820431351662, 5.976986500836882, 0,-4.906820431351662, 5.976986500836882, 0,-4.906820431351662, 5.976986500836882, 0,-4.906830154359341, 5.97698383320888, 0,-4.906846582889557, 5.976980165220366, 0,-4.906846582889557, 5.976980165220366, 0,-4.906855635344982, 5.976978831406352, 0,-4.906865358352661, 5.976979831766865, 0,-4.906865358352661, 5.976979831766865, 0,-4.906878434121609, 5.9769891684648595, 0,-4.906878434121609, 5.9769891684648595, 0,-4.906883127987385, 5.976993836813799, 0,-4.906883127987385, 5.976993836813799, 0,-4.9068858101964, 5.976998505162701, 0,-4.906887821853161, 5.977005841139464, 0,-4.906892850995064, 5.977010509488264, 0,-4.906892850995064, 5.977010509488264, 0,-4.906898215413094, 5.977012843662652, 0,-4.906898215413094, 5.977012843662652, 0,-4.9069055914878845, 5.977014177476576, 0,-4.906913973391056, 5.977016845104425, 0,-4.906923361122608, 5.977018512371838, 0,-4.906931072473526, 5.977018845825312, 0,-4.906939119100571, 5.977018845825312, 0,-4.906947501003742, 5.97702251381356, 0,-4.906947501003742, 5.97702251381356, 0,-4.906963929533958, 5.977036518859413, 0,-4.906963929533958, 5.977036518859413, 0,-4.906973317265511, 5.977041187207946, 0,-4.906973317265511, 5.977041187207946, 0,-4.906981028616428, 5.977046189009916, 0,-4.906981028616428, 5.977046189009916, 0,-4.906989075243473, 5.9770498569979855, 0,-4.906994439661503, 5.97705552570679, 0,-4.906994439661503, 5.97705552570679, 0,-4.906996116042137, 5.977056192613702, 0,-4.906996116042137, 5.977056192613702, 0,-4.907002151012421, 5.977058860241348, 0,-4.9070118740201, 5.97706319513624, 0,-4.907020591199398, 5.977068196937993, 0,-4.907020591199398, 5.977068196937993, 0,-4.907020591199398, 5.977068196937993, 0,-4.90702897310257, 5.977074866006943, 0,-4.907038696110249, 5.97708020126203, 0,-4.9070849642157555, 5.977108211350428, 0,-4.907095357775688, 5.977118548406493, 0,-4.907100051641464, 5.977123216754326, 0,-4.907106421887875, 5.977125550928229, 0,-4.907106421887875, 5.977125550928229, 0,-4.907114133238792, 5.977125550928229, 0,-4.907114133238792, 5.977125550928229, 0,-4.907114133238792, 5.977125550928229, 0,-4.907122179865837, 5.977123883661148, 0,-4.907129555940628, 5.977121882940655, 0,-4.907129555940628, 5.977121882940655, 0,-4.907137267291546, 5.977119882220163, 0,-4.907146655023098, 5.977119548766752, 0,-4.907154366374016, 5.977117214592822, 0,-4.9071624130010605, 5.977113880058609, 0,-4.907168447971344, 5.977109211710699, 0,-4.907168447971344, 5.977109211710699, 0,-4.907168447971344, 5.977109211710699, 0,-4.9071744829416275, 5.977106210629872, 0,-4.907179847359657, 5.977101875735309, 0,-4.90718487650156, 5.977097874294159, 0,-4.90718487650156, 5.977097874294159, 0,-4.90718487650156, 5.977097874294159, 0,-4.90719024091959, 5.977094539759844, 0,-4.907204657793045, 5.977081535075789, 0,-4.907209351658821, 5.977075532913815, 0,-4.907213039696217, 5.977067863484557, 0,-4.907216392457485, 5.9770595271482465, 0,-4.907216392457485, 5.9770595271482465, 0,-4.907216392457485, 5.9770595271482465, 0,-4.907220751047134, 5.977050190451448, 0,-4.9072398617863655, 5.977031850510842, 0,-4.9072398617863655, 5.977031850510842, 0,-4.9072398617863655, 5.977031850510842, 0,-4.9072472378611565, 5.977027182162221, 0,-4.90725863724947, 5.97700650804644, 0,-4.90725863724947, 5.97700650804644, 0,-4.9072593078017235, 5.977000172430164, 0,-4.9072593078017235, 5.977000172430164, 0,-4.9072593078017235, 5.977000172430164, 0,-4.907260648906231, 5.976995837534762, 0,-4.907266348600388, 5.976981165580866, 0,-4.907266348600388, 5.976981165580866, 0,-4.907269366085529, 5.976972829243258, 0,-4.907269366085529, 5.976972829243258, 0,-4.9072713777422905, 5.976965493266049, 0,-4.9072713777422905, 5.976965493266049, 0,-4.90726500749588, 5.976945152601465, 0,-4.90726500749588, 5.976945152601465, 0,-4.90726500749588, 5.976945152601465, 0,-4.90726500749588, 5.976945152601465, 0,-4.907263666391373, 5.976930480646208, 0,-4.907262325286865, 5.976919143225965, 0,-4.907262325286865, 5.976919143225965, 0,-4.907262325286865, 5.976919143225965, 0,-4.907262660562992, 5.976898135652549, 0,-4.907264672219753, 5.97688746513876, 0,-4.907264672219753, 5.97688746513876, 0,-4.90726500749588, 5.976877128078331, 0,-4.90726500749588, 5.976877128078331, 0,-4.907262660562992, 5.976866791017699, 0,-4.907258972525597, 5.976857787771195, 0,-4.907258972525597, 5.976857787771195, 0,-4.907255619764328, 5.976849117978114, 0,-4.907255619764328, 5.976849117978114, 0,-4.907244555652142, 5.976807102825086, 0,-4.907244555652142, 5.976807102825086, 0,-4.907229468226433, 5.976785094886512, 0,-4.907229468226433, 5.976785094886512, 0,-4.9072254449129105, 5.976775424731405, 0,-4.9072254449129105, 5.976775424731405, 0,-4.9072254449129105, 5.976775424731405, 0,-4.907223433256149, 5.976764420761584, 0,-4.907223433256149, 5.976764420761584, 0,-4.907223097980022, 5.976753750245187, 0,-4.907223097980022, 5.976753750245187, 0,-4.907221756875515, 5.976745080450453, 0,-4.907221756875515, 5.976745080450453, 0,-4.907218404114246, 5.976736744109244, 0,-4.907218404114246, 5.976736744109244, 0,-4.9072133749723434, 5.976717070343481, 0,-4.907217733561993, 5.9766757220877205, 0,-4.907215051352978, 5.976655714866052, 0,-4.907215051352978, 5.976655714866052, 0,-4.90721371024847, 5.976633706921385, 0,-4.907214716076851, 5.9766223694950105, 0,-4.907214716076851, 5.9766223694950105, 0,-4.9072133749723434, 5.9765906913906175, 0,-4.907212033867836, 5.97657935396334, 0,-4.907208010554314, 5.976567349628323, 0,-4.907208010554314, 5.976567349628323, 0,-4.90720197558403, 5.976544007865011, 0,-4.9071986228227615, 5.976533670798107, 0,-4.907192252576351, 5.976526001361227, 0,-4.907182529568672, 5.9765156642939665, 0,-4.907175824046135, 5.976505660680308, 0,-4.907166436314583, 5.976496990881656, 0,-4.907152354717255, 5.976469981123416, 0,-4.907152354717255, 5.976469981123416, 0,-4.907152354717255, 5.976469981123416, 0,-4.9071406200528145, 5.976454642247787, 0,-4.9071406200528145, 5.976454642247787, 0,-4.907134920358658, 5.976449306986592, 0,-4.907129555940628, 5.976444638633009, 0,-4.907124191522598, 5.976438303010207, 0,-4.90712184458971, 5.976430633572004, 0,-4.90712184458971, 5.976430633572004, 0,-4.907119162380695, 5.9764209634106376, 0,-4.907096028327942, 5.9763979550949475, 0,-4.907085299491882, 5.976394954010227, 0,-4.907085299491882, 5.976394954010227, 0,-4.907073564827442, 5.976393286740919, 0,-4.907061830163002, 5.97639228637935, 0,-4.907053783535957, 5.976392953287062, 0,-4.907053783535957, 5.976392953287062, 0,-4.907045736908913, 5.976397621641091, 0,-4.907037355005741, 5.976398955456517, 0,-4.90702897310257, 5.976401623087369, 0,-4.90702897310257, 5.976401623087369, 0,-4.907019250094891, 5.976403623810495, 0,-4.9070118740201, 5.976403290356639, 0,-4.9070118740201, 5.976403290356639, 0,-4.9070048332214355, 5.976406291441322, 0,-4.9070048332214355, 5.976406291441322, 0,-4.90699578076601, 5.976407958710591, 0,-4.906984716653824, 5.976407958710591, 0,-4.906984716653824, 5.976407958710591, 0,-4.906973317265511, 5.976406624895178, 0,-4.90696158260107, 5.976403957264352, 0,-4.90694984793663, 5.976399288910374, 0,-4.90694984793663, 5.976399288910374, 0,-4.9069394543766975, 5.976393953648645, 0,-4.9069394543766975, 5.976393953648645, 0,-4.906930401921272, 5.976389952202316, 0,-4.906922355294228, 5.9763869511175445, 0,-4.906909950077534, 5.976386617663688, 0,-4.906909950077534, 5.976386617663688, 0,-4.906897880136967, 5.976384950394355, 0,-4.906897880136967, 5.976384950394355, 0,-4.9068858101964, 5.976385283848224, 0,-4.9068740755319595, 5.976381615855688, 0,-4.906852953135967, 5.97637794786314, 0,-4.906852953135967, 5.97637794786314, 0,-4.906845912337303, 5.976374613324422, 0,-4.9068378657102585, 5.976368611154713, 0,-4.9068378657102585, 5.976368611154713, 0,-4.906821101903915, 5.976350271191259, 0,-4.906821101903915, 5.976350271191259, 0,-4.906814731657505, 5.976345269382929, 0,-4.906814731657505, 5.976345269382929, 0,-4.906814731657505, 5.976345269382929, 0,-4.90680567920208, 5.97634426902127, 0,-4.906798303127289, 5.97634426902127, 0,-4.906777516007423, 5.976350271191259, 0,-4.906777516007423, 5.976350271191259, 0,-4.906769134104252, 5.976351938460694, 0,-4.90676075220108, 5.976352271914576, 0,-4.906751364469528, 5.9763516050067995, 0,-4.906751364469528, 5.9763516050067995, 0,-4.906740635633469, 5.976349937737364, 0,-4.906740635633469, 5.976349937737364, 0,-4.906721189618111, 5.976340934482362, 0,-4.9066900089383125, 5.9763259290570145, 0,-4.906678944826126, 5.976322261064071, 0,-4.906678944826126, 5.976322261064071, 0,-4.906667210161686, 5.9763202603406524, 0,-4.906667210161686, 5.9763202603406524, 0,-4.906657822430134, 5.976319259978943, 0,-4.906642064452171, 5.976317259255499, 0,-4.906635023653507, 5.97631592543987, 0,-4.906635023653507, 5.97631592543987, 0,-4.906635023653507, 5.97631592543987, 0,-4.906627982854843, 5.976315258532067, 0,-4.906627982854843, 5.976315258532067, 0,-4.906601160764694, 5.9763225945179785, 0,-4.906601160764694, 5.9763225945179785, 0,-4.906596466898918, 5.97632326142578, 0,-4.906596466898918, 5.97632326142578, 0,-4.906590096652508, 5.9763255956031065, 0,-4.906587079167366, 5.976326262510896, 0,-4.906587079167366, 5.976326262510896, 0,-4.906584061682224, 5.976324928695292, 0,-4.906584061682224, 5.976324928695292, 0,-4.906570985913277, 5.976325262149199, 0,-4.906562939286232, 5.976327929780408, 0,-4.906562939286232, 5.976327929780408, 0,-4.906534776091576, 5.97634260175181, 0,-4.906534776091576, 5.97634260175181, 0,-4.9065253883600235, 5.976348603921824, 0,-4.906507283449173, 5.976356273361184, 0,-4.90649588406086, 5.976359607900004, 0,-4.90649588406086, 5.976359607900004, 0,-4.906486496329308, 5.976363942800443, 0,-4.906486496329308, 5.976363942800443, 0,-4.906476438045502, 5.976368944608582, 0,-4.906448274850845, 5.97637794786314, 0,-4.906434528529644, 5.976382616217296, 0,-4.906412735581398, 5.976394620556371, 0,-4.906401336193085, 5.976399288910374, 0,-4.906401336193085, 5.976399288910374, 0,-4.906389936804771, 5.976400289271943, 0,-4.906368479132652, 5.976402289995069, 0,-4.906368479132652, 5.976402289995069, 0,-4.906361103057861, 5.976401956541226, 0,-4.906361103057861, 5.976401956541226, 0,-4.906361103057861, 5.976401956541226, 0,-4.906352050602436, 5.9764006227258, 0,-4.90632489323616, 5.976381949309557, 0,-4.90632489323616, 5.976381949309557, 0,-4.906314164400101, 5.976381282401832, 0,-4.906314164400101, 5.976381282401832, 0,-4.9063051119446754, 5.97637794786314, 0,-4.906286336481571, 5.976368944608582, 0,-4.906279630959034, 5.976364609708181, 0,-4.906279630959034, 5.976364609708181, 0,-4.906275607645512, 5.976359607900004, 0,-4.906271249055862, 5.97635427263788, 0,-4.906269237399101, 5.9763492708296, 0,-4.906269237399101, 5.9763492708296, 0,-4.906263202428818, 5.976340601028454, 0,-4.906259849667549, 5.976334932312258, 0,-4.906259849667549, 5.976334932312258, 0,-4.9062554910779, 5.97632859668821, 0,-4.9062554910779, 5.97632859668821, 0,-4.906250461935997, 5.97632326142578, 0,-4.906250461935997, 5.97632326142578, 0,-4.906240068376064, 5.976313924716425, 0,-4.906240068376064, 5.976313924716425, 0,-4.906237721443176, 5.976309923269512, 0,-4.906237721443176, 5.976309923269512, 0,-4.906236045062542, 5.976304921460825, 0,-4.906236045062542, 5.976304921460825, 0,-4.9062323570251465, 5.976301253467755, 0,-4.9062323570251465, 5.976301253467755, 0,-4.90622665733099, 5.976292917119778, 0,-4.90622665733099, 5.976292917119778, 0,-4.9062226340174675, 5.976286914949166, 0,-4.906212240457535, 5.976272909884129, 0,-4.906209893524647, 5.976269575344775, 0,-4.906209893524647, 5.976269575344775, 0,-4.906184412539005, 5.976255570279291, 0,-4.906184412539005, 5.976255570279291, 0,-4.906176365911961, 5.9762522357398495, 0,-4.906176365911961, 5.9762522357398495, 0,-4.9061669781804085, 5.976249901562218, 0,-4.90614116191864, 5.976240231397657, 0,-4.906132444739342, 5.976238564127879, 0,-4.906132444739342, 5.976238564127879, 0,-4.906132444739342, 5.976238564127879, 0,-4.906092211604118, 5.976261572450273, 0,-4.906088188290596, 5.976267241167233, 0,-4.906088188290596, 5.976267241167233, 0,-4.906086176633835, 5.976272576430196, 0,-4.906086176633835, 5.976272576430196, 0,-4.906083159148693, 5.976277578239175, 0,-4.906081147491932, 5.976284914225608, 0,-4.906081147491932, 5.976284914225608, 0,-4.906079471111298, 5.976290582942313, 0,-4.906074441969395, 5.9762969185668195, 0,-4.906063713133335, 5.976310256723407, 0,-4.906046614050865, 5.976319593432838, 0,-4.906033873558044, 5.976335932673955, 0,-4.906029850244522, 5.9763439355673755, 0,-4.906024485826492, 5.976352605368458, 0,-4.906024485826492, 5.976352605368458, 0,-4.906020127236843, 5.976360941715531, 0,-4.906020127236843, 5.976360941715531, 0,-4.906019456684589, 5.976369278062465, 0,-4.906019456684589, 5.976369278062465, 0,-4.906011410057545, 5.976389952202316, 0,-4.906011410057545, 5.976389952202316, 0,-4.906005710363388, 5.976396621279522, 0,-4.906005710363388, 5.976396621279522, 0,-4.906005710363388, 5.976396621279522, 0,-4.906004369258881, 5.976403623810495, 0,-4.906003698706627, 5.976414961241424, 0,-4.906003028154373, 5.976425298310581, 0,-4.905976876616478, 5.9764616447780226, 0,-4.90596279501915, 5.97648498654482, 0,-4.90596279501915, 5.97648498654482, 0,-4.905950389802456, 5.976493989797469, 0,-4.905950389802456, 5.976493989797469, 0,-4.905947037041187, 5.976501325781001, 0,-4.905947037041187, 5.976501325781001, 0,-4.905947037041187, 5.976501325781001, 0,-4.905923902988434, 5.976508661764418, 0,-4.90590076893568, 5.976511329394736, 0,-4.90590076893568, 5.976511329394736, 0,-4.9058907106518745, 5.97651599774776, 0,-4.9058907106518745, 5.97651599774776, 0,-4.905880652368069, 5.976517998470466, 0,-4.90585383027792, 5.976514663932614, 0,-4.905845448374748, 5.976511329394736, 0,-4.905817285180092, 5.976505660680308, 0,-4.905808232724667, 5.976506994495479, 0,-4.905783422291279, 5.976510995940956, 0,-4.905783422291279, 5.976510995940956, 0,-4.905776716768742, 5.976505660680308, 0,-4.905776716768742, 5.976505660680308, 0,-4.9057720229029655, 5.976498658150633, 0,-4.90576833486557, 5.976491655620868, 0,-4.90576833486557, 5.976491655620868, 0,-4.905762635171413, 5.97648498654482, 0,-4.905762635171413, 5.97648498654482, 0,-4.905762635171413, 5.97648498654482, 0,-4.905737824738026, 5.976471648392482, 0,-4.905689209699631, 5.9764729822077305, 0,-4.905689209699631, 5.9764729822077305, 0,-4.905678145587444, 5.976469647669598, 0,-4.905678145587444, 5.976469647669598, 0,-4.905678145587444, 5.976469647669598, 0,-4.905651994049549, 5.976460310962749, 0,-4.905651994049549, 5.976460310962749, 0,-4.905651994049549, 5.976460310962749, 0,-4.9056268483400345, 5.976462311685646, 0,-4.9056268483400345, 5.976462311685646, 0,-4.905622154474258, 5.976467646946726, 0,-4.905619136989117, 5.976474649476783, 0,-4.905619136989117, 5.976493656343676, 0,-4.905614443123341, 5.976501325781001, 0,-4.905614443123341, 5.976501325781001, 0,-4.9056074023246765, 5.976507661403053, 0,-4.9056074023246765, 5.976507661403053, 0,-4.905602037906647, 5.9765143304788335, 0,-4.905597344040871, 5.976522333369633, 0,-4.905590638518333, 5.976526668268788, 0,-4.905590638518333, 5.976526668268788, 0,-4.90558460354805, 5.976530002806563, 0,-4.90557923913002, 5.976535338066982, 0,-4.905569851398468, 5.976559346738147, 0,-4.905568510293961, 5.976560680553191, 0,-4.905568510293961, 5.976560680553191, 0,-4.905568510293961, 5.976560680553191, 0,-4.905565828084946, 5.976564681998273, 0,-4.905565828084946, 5.976564681998273, 0,-4.905558452010155, 5.976574352157108, 0,-4.905558452010155, 5.976574352157108, 0,-4.9055517464876175, 5.976589024121908, 0,-4.9055517464876175, 5.976589024121908, 0,-4.905545711517334, 5.976600028095253, 0,-4.905545711517334, 5.976600028095253, 0,-4.905545711517334, 5.976600028095253, 0,-4.905539341270924, 5.9766113655221105, 0,-4.905539341270924, 5.9766113655221105, 0,-4.905535988509655, 5.97662336985616, 0,-4.905514866113663, 5.976660383217842, 0,-4.905511178076267, 5.976669053013912, 0,-4.905506484210491, 5.976678723170902, 0</coordinates>
                </LinearRing>
            </outerBoundaryIs>
        </Polygon>
    </MultiGeometry>
  </Placemark><Placemark>
	<Style><LineStyle><color>ff0000ff</color></LineStyle><PolyStyle><fill>0</fill></PolyStyle></Style>
	<ExtendedData><SchemaData schemaUrl="#programmeband_1">
		<SimpleData name="N°">11</SimpleData>
		<SimpleData name="Cooperative">COOP CA SCAAB</SimpleData>
		<SimpleData name="Code_CCC">COOP CA SCAAB</SimpleData>
		<SimpleData name="Code_Producteur">SCAAB-TIA-248</SimpleData>
		<SimpleData name="Code_Parcelle">SCAAB-TIA-248-P1</SimpleData>
		<SimpleData name="Section">TIASSALE</SimpleData>
		<SimpleData name="Localite">TIASSALE</SimpleData>
		<SimpleData name="Sous-Prefecture">TIASSALE</SimpleData>
		<SimpleData name="Region ">AGNEBY-TIASSA</SimpleData>
		<SimpleData name="Nom">KOUAME</SimpleData>
		<SimpleData name="Prenoms">KOUADIO SYLVAIN</SimpleData>
		<SimpleData name="Genre">Homme</SimpleData>
		<SimpleData name="Programme">Mondelez</SimpleData>
		<SimpleData name="Departement"></SimpleData>
		<SimpleData name="Statut">Candidat</SimpleData>
	</SchemaData>
    </ExtendedData>
      <MultiGeometry>
        <Polygon>
            <outerBoundaryIs>
                <LinearRing>
                    <coordinates>-4.929571598768234, 5.987858310654851, 0,-4.929571598768234, 5.987858310654851, 0,-4.929571598768234, 5.987858310654851, 0,-4.929569251835346, 5.9879066604486155, 0,-4.929574951529503, 5.987913329385343, 0,-4.929594397544861, 5.9879296682800085, 0,-4.9295977503061295, 5.987948674748695, 0,-4.929599761962891, 5.9879626795146725, 0,-4.929601438343525, 5.987979351854645, 0,-4.929604455828667, 5.987988688364808, 0,-4.929616525769234, 5.9880183651281955, 0,-4.929627254605293, 5.988040039167851, 0,-4.929626919329166, 5.9880590456326965, 0,-4.929634295403957, 5.988081720010944, 0,-4.929644018411636, 5.988102727154655, 0,-4.929649382829666, 5.988110062982429, 0,-4.929653741419315, 5.9881260684244975, 0,-4.929656758904457, 5.988139072845838, 0,-4.929659776389599, 5.988153077606917, 0,-4.929660446941853, 5.988164748240896, 0,-4.929662793874741, 5.988171417174469, 0,-4.929662458598614, 5.9881857553814015, 0,-4.929665140807629, 5.9882074294144285, 0,-4.929666817188263, 5.988224768640232, 0,-4.929669834673405, 5.988242441312093, 0,-4.929668493568897, 5.988257779857034, 0,-4.92966715246439, 5.988275452527851, 0,-4.9296728521585464, 5.988297460003909, 0,-4.9296798929572105, 5.98836081485428, 0,-4.929679557681084, 5.988382488880361, 0,-4.929673187434673, 5.9884151666411185, 0,-4.929673187434673, 5.9884151666411185, 0,-4.929658770561218, 5.988436840665036, 0,-4.929642006754875, 5.988449178185953, 0,-4.9296265840530396, 5.988455847116065, 0,-4.92960948497057, 5.988459515027598, 0,-4.929591044783592, 5.98846418327859, 0,-4.92957629263401, 5.988473519780471, 0,-4.9295699223876, 5.98847752113838, 0,-4.92955818772316, 5.988488858318924, 0,-4.929540418088436, 5.988498528266862, 0,-4.929523654282093, 5.988515534036952, 0,-4.929523319005966, 5.988529205341922, 0,-4.929523319005966, 5.988529205341922, 0,-4.9295273423194885, 5.98853520737815, 0,-4.929533377289772, 5.988543543539466, 0,-4.92954108864069, 5.988555547611527, 0,-4.929548799991608, 5.9885732202727135, 0,-4.929544776678085, 5.988585557790553, 0,-4.929531365633011, 5.988607565254116, 0,-4.929531365633011, 5.988607565254116, 0,-4.929521307349205, 5.988621236556797, 0,-4.929517284035683, 5.988628905824, 0,-4.929514937102795, 5.988637241983879, 0,-4.929508902132511, 5.988652247071349, 0,-4.929506555199623, 5.988669252836655, 0,-4.929501861333847, 5.988683257584159, 0,-4.929497502744198, 5.988691260296848, 0,-4.929492138326168, 5.988707599168232, 0,-4.929486438632011, 5.988726939056184, 0,-4.929485097527504, 5.988735608660912, 0,-4.9294790625572205, 5.9887566157794705, 0,-4.929475039243698, 5.988774955326756, 0,-4.929473362863064, 5.988782958038109, 0,-4.9294716864824295, 5.988792294534532, 0,-4.929471351206303, 5.988810634080621, 0,-4.929474368691444, 5.98882530571706, 0,-4.929479397833347, 5.988830640857483, 0,-4.929484091699123, 5.988845979385897, 0,-4.929485432803631, 5.9888529817574225, 0,-4.929485768079758, 5.988857316558807, 0,-4.92948442697525, 5.988874322317726, 0,-4.929484091699123, 5.988887993613715, 0,-4.9294911324977875, 5.988901664909372, 0,-4.9295032024383545, 5.988920671344231, 0,-4.92951326072216, 5.988928007161026, 0,-4.929521977901459, 5.988944346025336, 0,-4.9295249953866005, 5.988948347379772, 0,-4.929545447230339, 5.988950014610799, 0,-4.929551146924496, 5.988949681164589, 0,-4.929561875760555, 5.988945346363942, 0,-4.929573610424995, 5.988939677778428, 0,-4.929583333432674, 5.988936676762547, 0,-4.929593056440353, 5.988932008515589, 0,-4.929601438343525, 5.988925339591291, 0,-4.929608143866062, 5.988916669989579, 0,-4.929617866873741, 5.988901664909372, 0,-4.929628930985928, 5.98889199496857, 0,-4.929652065038681, 5.98888032435015, 0,-4.929677881300449, 5.988855315881239, 0,-4.929688274860382, 5.988835309105307, 0,-4.929702021181583, 5.9888116344194815, 0,-4.929717443883419, 5.988786292501128, 0,-4.929726496338844, 5.988770620524735, 0,-4.929727166891098, 5.988754281655222, 0,-4.929728172719479, 5.988738943124225, 0,-4.9297308549284935, 5.988722604253769, 0,-4.929731525480747, 5.988715268434227, 0,-4.929730519652367, 5.988704931597429, 0,-4.9297308549284935, 5.988688926172319, 0,-4.929733872413635, 5.988682257245058, 0,-4.929738901555538, 5.988667252158414, 0,-4.929749295115471, 5.988653580856891, 0,-4.929756335914135, 5.988648245714725, 0,-4.929765723645687, 5.988633574073554, 0,-4.929777793586254, 5.988610899718218, 0,-4.929784499108791, 5.9885932270582645, 0,-4.9297915399074554, 5.988580222647738, 0,-4.929797574877739, 5.988574220612007, 0,-4.929807968437672, 5.988563550326098, 0,-4.9298300966620445, 5.988553546932877, 0,-4.9298374727368355, 5.988550879361311, 0,-4.929843172430992, 5.988550212468432, 0,-4.929855577647686, 5.988542876646561, 0,-4.929874688386917, 5.988542876646561, 0,-4.929891116917133, 5.98854220975367, 0,-4.929903857409954, 5.988535874271054, 0,-4.929921291768551, 5.988531539467138, 0,-4.92993738502264, 5.988524203645025, 0,-4.9299538135528564, 5.988516867822812, 0,-4.9299608543515205, 5.98851353335815, 0,-4.9299682304263115, 5.9885068644287385, 0,-4.929981976747513, 5.988504863749898, 0,-4.929993376135826, 5.988500195499237, 0,-4.930006787180901, 5.988489525211891, 0,-4.930017851293087, 5.988484190068135, 0,-4.930025562644005, 5.988477854584858, 0,-4.930032603442669, 5.988472519441, 0,-4.930037967860699, 5.988468184636563, 0,-4.93004534393549, 5.98845417988355, 0,-4.930054396390915, 5.9884378410045835, 0,-4.930061772465706, 5.988422502464694, 0,-4.930061772465706, 5.988399161207522, 0,-4.930061772465706, 5.988390825044005, 0,-4.9300627782940865, 5.988382488880361, 0,-4.930067136883736, 5.988367150338919, 0,-4.930069483816624, 5.98836014796116, 0,-4.93006881326437, 5.988346143205374, 0,-4.9300698190927505, 5.988337473594475, 0,-4.9300674721598625, 5.9883301377697675, 0,-4.930066466331482, 5.988315466120034, 0,-4.93006244301796, 5.988299460683512, 0,-4.930059090256691, 5.988292124858283, 0,-4.930050037801266, 5.988273451848172, 0,-4.930042326450348, 5.9882644487894865, 0,-4.930035285651684, 5.988260780876655, 0,-4.930013492703438, 5.988254111944165, 0,-4.930000752210617, 5.98824477543853, 0,-4.929993040859699, 5.9882394402923955, 0,-4.929975941777229, 5.988229436893221, 0,-4.92997158318758, 5.988225435533518, 0,-4.9299682304263115, 5.988220433833835, 0,-4.929962866008282, 5.988207762861085, 0,-4.929962866008282, 5.988201093927932, 0,-4.929965548217297, 5.988186422274751, 0,-4.929967895150185, 5.9881700833877565, 0,-4.929993040859699, 5.98814007318592, 0,-4.930004104971886, 5.9881284025514185, 0,-4.930007793009281, 5.988124734637672, 0,-4.930039644241333, 5.988105394728397, 0,-4.930048361420631, 5.988093057199706, 0,-4.930057413876057, 5.988062380100144, 0,-4.930064454674721, 5.988046708102975, 0,-4.930067807435989, 5.988040706061379, 0,-4.930071495473385, 5.988025034063574, 0,-4.930076189339161, 5.988006361044328, 0,-4.93008054792881, 5.987982019428998, 0,-4.93008054792881, 5.987975017046302, 0,-4.930079206824303, 5.987971015684716, 0,-4.930083565413952, 5.987961345727451, 0,-4.930090941488743, 5.9879530095572555, 0,-4.930090606212616, 5.987949341642312, 0,-4.93008591234684, 5.987942672706018, 0,-4.930082224309444, 5.9879340030887205, 0,-4.930082894861698, 5.98792366623714, 0,-4.9300845712423325, 5.987910661810672, 0,-4.930084906518459, 5.987903992873907, 0,-4.930086247622967, 5.987890988446969, 0,-4.930087924003601, 5.987882985722551, 0,-4.930093958973885, 5.987868647507667, 0,-4.930099993944168, 5.987861311676649, 0,-4.930107705295086, 5.987848307248705, 0,-4.93010301142931, 5.987827966988993, 0,-4.930105693638325, 5.987816629794723, 0,-4.930106699466705, 5.987814962560249, 0,-4.930105358362198, 5.987794288852367, 0,-4.930102340877056, 5.987778616847502, 0,-4.9300942942500114, 5.9877702806745186, 0,-4.93009228259325, 5.987757943138258, 0,-4.93009228259325, 5.98775227454043, 0,-4.930087253451347, 5.9877369359812915, 0,-4.930087588727474, 5.987733268064911, 0,-4.930084906518459, 5.987726932572931, 0,-4.930084906518459, 5.9877265991259705, 0,-4.930084906518459, 5.9877265991259705, 0,-4.930084906518459, 5.9877265991259705, 0,-4.930077865719795, 5.9876905868543195, 0,-4.930065795779228, 5.987676582081371, 0,-4.930050373077393, 5.98767391450553, 0,-4.930024556815624, 5.987678249316278, 0,-4.930006451904774, 5.987678249316278, 0,-4.929986335337162, 5.987679916551159, 0,-4.929977282881737, 5.987680249998146, 0,-4.929961524903774, 5.987681583786041, 0,-4.929952137172222, 5.987685251702778, 0,-4.929947443306446, 5.987685585149738, 0,-4.92993202060461, 5.987685251702778, 0,-4.929913245141506, 5.987689253066437, 0,-4.929903857409954, 5.9876922540891755, 0,-4.929886758327484, 5.9876979226876275, 0,-4.929881393909454, 5.987701257157275, 0,-4.92986261844635, 5.987703924733002, 0,-4.929844178259373, 5.987709926778275, 0,-4.929816015064716, 5.987719263293057, 0,-4.929799921810627, 5.987726932572931, 0,-4.929767735302448, 5.987736269087395, 0,-4.929740913212299, 5.987742938026221, 0,-4.929721802473068, 5.987751607646559, 0,-4.929697327315807, 5.987766612758367, 0,-4.929663799703121, 5.987780284082078, 0,-4.929623566567898, 5.987818963922966, 0,-4.929617531597614, 5.987834635926687, 0,-4.929594732820988, 5.987863312357855, 0</coordinates>
                </LinearRing>
            </outerBoundaryIs>
        </Polygon>
    </MultiGeometry>
  </Placemark><Placemark>
	<Style><LineStyle><color>ff0000ff</color></LineStyle><PolyStyle><fill>0</fill></PolyStyle></Style>
	<ExtendedData><SchemaData schemaUrl="#programmeband_1">
		<SimpleData name="N°">12</SimpleData>
		<SimpleData name="Cooperative">COOP CA SCAAB</SimpleData>
		<SimpleData name="Code_CCC">COOP CA SCAAB</SimpleData>
		<SimpleData name="Code_Producteur">SCAAB-TIA-247</SimpleData>
		<SimpleData name="Code_Parcelle">SCAAB-TIA-247-P1</SimpleData>
		<SimpleData name="Section">TIASSALE</SimpleData>
		<SimpleData name="Localite">TIASSALE</SimpleData>
		<SimpleData name="Sous-Prefecture">TIASSALE</SimpleData>
		<SimpleData name="Region ">AGNEBY-TIASSA</SimpleData>
		<SimpleData name="Nom">KOUAME</SimpleData>
		<SimpleData name="Prenoms">KOUADIO RAYMOND</SimpleData>
		<SimpleData name="Genre">Homme</SimpleData>
		<SimpleData name="Programme">Mondelez</SimpleData>
		<SimpleData name="Departement"></SimpleData>
		<SimpleData name="Statut">Candidat</SimpleData>
	</SchemaData>
    </ExtendedData>
      <MultiGeometry>
        <Polygon>
            <outerBoundaryIs>
                <LinearRing>
                    <coordinates>-4.921726807951927, 5.986976676423536, 0,-4.921726807951927, 5.986976676423536, 0,-4.921726807951927, 5.986976676423536, 0,-4.921726807951927, 5.986976676423536, 0,-4.921726807951927, 5.986976676423536, 0,-4.921726807951927, 5.986976676423536, 0,-4.921726807951927, 5.986976676423536, 0,-4.9217284843325615, 5.986917322781958, 0,-4.9217284843325615, 5.986917322781958, 0,-4.9217284843325615, 5.986917322781958, 0,-4.9217264726758, 5.986909320043277, 0,-4.9217264726758, 5.986906319016239, 0,-4.9217264726758, 5.986906319016239, 0,-4.921719767153263, 5.986889646643506, 0,-4.921719767153263, 5.986889646643506, 0,-4.921720772981644, 5.98688397803667, 0,-4.9217211082577705, 5.986871307032928, 0,-4.921722449362278, 5.986863304293574, 0,-4.92173183709383, 5.986843964339644, 0,-4.921736866235733, 5.9868339609149235, 0,-4.921741895377636, 5.9868259581750225, 0,-4.921741895377636, 5.9868259581750225, 0,-4.921749942004681, 5.986800949612069, 0,-4.921749942004681, 5.986800949612069, 0,-4.921751618385315, 5.986796281346853, 0,-4.9217502772808075, 5.986779275523242, 0,-4.921748600900173, 5.98677260657266, 0,-4.921750947833061, 5.986760935908949, 0,-4.921749271452427, 5.986746264217066, 0,-4.921742230653763, 5.986738261475892, 0,-4.921720772981644, 5.986714586699193, 0,-4.921715743839741, 5.986708918090525, 0,-4.921708032488823, 5.986702916034234, 0,-4.921666458249092, 5.986694246397256, 0,-4.921660423278809, 5.9866899115787096, 0,-4.921660423278809, 5.9866899115787096, 0,-4.921653717756271, 5.986684909864969, 0,-4.921647347509861, 5.986681241941515, 0,-4.921647347509861, 5.986681241941515, 0,-4.921632260084152, 5.9866809084939305, 0,-4.921632260084152, 5.9866809084939305, 0,-4.9216242134571075, 5.986679908151165, 0,-4.9216074496507645, 5.986674239542153, 0,-4.9215880036354065, 5.986666236799911, 0,-4.921548776328564, 5.9866579006099565, 0,-4.921548776328564, 5.9866579006099565, 0,-4.921548776328564, 5.9866579006099565, 0,-4.921527653932571, 5.986649230972253, 0,-4.921518936753273, 5.986637893753517, 0,-4.92149043828249, 5.98661555276297, 0,-4.9214669689536095, 5.9866115513914355, 0,-4.921427741646767, 5.9865908776380214, 0,-4.9214233830571175, 5.986586876266308, 0,-4.9214136600494385, 5.98658420868515, 0,-4.9214086309075356, 5.98658254144691, 0,-4.921403266489506, 5.98658287489457, 0,-4.921392202377319, 5.986589210399819, 0,-4.921389520168304, 5.986592878323884, 0,-4.921384155750275, 5.986627223429799, 0,-4.9213821440935135, 5.9866352261726, 0,-4.9213724210858345, 5.986655233029142, 0,-4.921367727220058, 5.986656566819542, 0,-4.921361356973648, 5.9866579006099565, 0,-4.921354651451111, 5.986658234057554, 0,-4.9213409051299095, 5.986663235771537, 0,-4.9212949723005295, 5.986659234400345, 0,-4.921270497143269, 5.986666903695105, 0,-4.921270497143269, 5.986666903695105, 0,-4.921262115240097, 5.986668237485481, 0,-4.921230934560299, 5.986683576074631, 0,-4.921213500201702, 5.9866819088366965, 0,-4.9211860075592995, 5.986679241256008, 0,-4.921174608170986, 5.986679908151165, 0,-4.921174608170986, 5.986679908151165, 0,-4.921165220439434, 5.986682575731877, 0,-4.921137057244778, 5.986678240913229, 0,-4.921137057244778, 5.986678240913229, 0,-4.921115934848785, 5.986661901981147, 0,-4.921115934848785, 5.986661901981147, 0,-4.921111576259136, 5.986660234743149, 0,-4.921111576259136, 5.986660234743149, 0,-4.921097829937935, 5.986644562705741, 0,-4.921092130243778, 5.98663889409636, 0,-4.921092130243778, 5.98663889409636, 0,-4.921070672571659, 5.986618553791612, 0,-4.921058602631092, 5.9865972131431935, 0,-4.921058602631092, 5.9865972131431935, 0,-4.921054244041443, 5.9865792069704415, 0,-4.921051897108555, 5.9865728714650785, 0,-4.921049885451794, 5.986568536645565, 0,-4.921049885451794, 5.986568536645565, 0,-4.9210478737950325, 5.986563868378365, 0,-4.921045191586018, 5.986558866663467, 0,-4.921043179929256, 5.986554198396191, 0,-4.921042509377003, 5.9865318574022215, 0,-4.921041168272495, 5.9865275225823895, 0,-4.921041168272495, 5.9865275225823895, 0,-4.921035133302212, 5.986508516064264, 0,-4.921032786369324, 5.98650618193041, 0,-4.92103211581707, 5.986505515035025, 0,-4.921025075018406, 5.986497178842615, 0,-4.921019040048122, 5.9864908433362976, 0,-4.921019040048122, 5.9864908433362976, 0,-4.921013675630093, 5.986485174725314, 0,-4.920996576547623, 5.9864738375031825, 0,-4.920990876853466, 5.986472170264611, 0,-4.9209630489349365, 5.9864715033691756, 0,-4.92093488574028, 5.986477838875722, 0,-4.92093488574028, 5.986477838875722, 0,-4.9209268391132355, 5.986477838875722, 0,-4.920912757515907, 5.9864811733528125, 0,-4.920912757515907, 5.9864811733528125, 0,-4.9209073930978775, 5.986485841620725, 0,-4.9209073930978775, 5.986485841620725, 0,-4.920901358127594, 5.986488509202367, 0,-4.920901358127594, 5.986488509202367, 0,-4.9208889529109, 5.9864955116041205, 0,-4.9208889529109, 5.9864955116041205, 0,-4.920880906283855, 5.986497512290314, 0,-4.920880906283855, 5.986497512290314, 0,-4.920873865485191, 5.986499179528809, 0,-4.920855090022087, 5.986515851913449, 0,-4.920852407813072, 5.986522854314846, 0,-4.920844696462154, 5.9865348584313205, 0,-4.920824579894543, 5.986560533901771, 0,-4.920824579894543, 5.986560533901771, 0,-4.920821562409401, 5.9865642018260266, 0,-4.920792728662491, 5.986590544190386, 0,-4.920792728662491, 5.986590544190386, 0,-4.920778647065163, 5.986598546933735, 0,-4.920778647065163, 5.986598546933735, 0,-4.920778647065163, 5.986598546933735, 0,-4.920768924057484, 5.98661555276297, 0,-4.920748136937618, 5.986649897867473, 0,-4.920739084482193, 5.986651231657887, 0,-4.920732714235783, 5.9866538992387275, 0,-4.920732714235783, 5.9866538992387275, 0,-4.920727014541626, 5.986659567847955, 0,-4.920727014541626, 5.986659567847955, 0,-4.920722655951977, 5.986665903352313, 0,-4.920722655951977, 5.986665903352313, 0,-4.92071159183979, 5.986682242284281, 0,-4.92071159183979, 5.986682242284281, 0,-4.920707568526268, 5.9866899115787096, 0,-4.920707568526268, 5.9866899115787096, 0,-4.920695498585701, 5.986712919461347, 0,-4.920695498585701, 5.986712919461347, 0,-4.920683428645134, 5.986722922888282, 0,-4.9206797406077385, 5.986728258049238, 0,-4.9206797406077385, 5.986728258049238, 0,-4.920677728950977, 5.986733593210131, 0,-4.920677728950977, 5.986733593210131, 0,-4.92067638784647, 5.986742262846499, 0,-4.920677728950977, 5.986750932482714, 0,-4.920677728950977, 5.986750932482714, 0,-4.9206797406077385, 5.986757934881096, 0,-4.9206817522645, 5.986765937622002, 0,-4.9206817522645, 5.986765937622002, 0,-4.920682422816753, 5.986775274152903, 0,-4.920682422816753, 5.986775274152903, 0,-4.920685440301895, 5.986807952009815, 0,-4.920686446130276, 5.986814620959951, 0,-4.920686446130276, 5.986814620959951, 0,-4.92068812251091, 5.986818622330009, 0,-4.920696169137955, 5.986845298129587, 0,-4.920696169137955, 5.986845298129587, 0,-4.920696169137955, 5.986845298129587, 0,-4.920696504414082, 5.986854301211657, 0,-4.920696504414082, 5.986854301211657, 0,-4.920702204108238, 5.986868306005686, 0,-4.920702204108238, 5.986868306005686, 0,-4.920707903802395, 5.986877642534831, 0,-4.92071159183979, 5.986891313880818, 0,-4.92071159183979, 5.986891313880818, 0,-4.920712932944298, 5.9868996500672225, 0,-4.920716620981693, 5.9869149886498585, 0,-4.920716620981693, 5.9869149886498585, 0,-4.920716620981693, 5.9869149886498585, 0,-4.920719973742962, 5.986930660679507, 0,-4.920719973742962, 5.986930660679507, 0,-4.920721314847469, 5.986939330312732, 0,-4.920721314847469, 5.986939330312732, 0,-4.9207256734371185, 5.986948666840681, 0,-4.9207256734371185, 5.986948666840681, 0,-4.920732043683529, 5.98695633613137, 0,-4.920747801661491, 5.986984679161224, 0,-4.920750148594379, 5.98699268189881, 0,-4.920750148594379, 5.98699268189881, 0,-4.920750148594379, 5.98699268189881, 0,-4.920750819146633, 5.987000017741481, 0,-4.920750819146633, 5.9870080204788385, 0,-4.920751824975014, 5.987027693874348, 0,-4.920753501355648, 5.987036030058666, 0,-4.920757859945297, 5.9870590379267234, 0,-4.920758530497551, 5.987066373768517, 0,-4.920758530497551, 5.987066373768517, 0,-4.920759871602058, 5.987072042373458, 0,-4.920759871602058, 5.987072042373458, 0,-4.920760542154312, 5.987077377531017, 0,-4.920767247676849, 5.987088381293288, 0,-4.920767247676849, 5.987088381293288, 0,-4.920767247676849, 5.987088381293288, 0,-4.920772276818752, 5.987092382661324, 0,-4.920777641236782, 5.98709805126601, 0,-4.9207813292741776, 5.987104386765279, 0,-4.920784682035446, 5.9871120560537925, 0,-4.920784682035446, 5.9871120560537925, 0,-4.920784682035446, 5.9871120560537925, 0,-4.920788034796715, 5.987120392236825, 0,-4.920799434185028, 5.987138398391741, 0,-4.9208031222224236, 5.987143400101334, 0,-4.9208031222224236, 5.987143400101334, 0,-4.9208031222224236, 5.987143400101334, 0,-4.920805133879185, 5.9871484018108765, 0,-4.920805133879185, 5.9871484018108765, 0,-4.920809157192707, 5.987153736967685, 0,-4.9208128452301025, 5.987157404887959, 0,-4.9208128452301025, 5.987157404887959, 0,-4.9208178743720055, 5.987160739360902, 0,-4.9208178743720055, 5.987160739360902, 0,-4.920826256275177, 5.987171076226923, 0,-4.920828603208065, 5.987175411041652, 0,-4.920833297073841, 5.987178412067215, 0,-4.920836985111237, 5.987184080670998, 0,-4.920847043395042, 5.9871997526929235, 0,-4.920859448611736, 5.987211089899993, 0,-4.920863471925259, 5.987219426081524, 0,-4.920863471925259, 5.987219426081524, 0,-4.920869506895542, 5.9872294294991715, 0,-4.920869506895542, 5.9872294294991715, 0,-4.920873194932938, 5.987238099127665, 0,-4.920873194932938, 5.987238099127665, 0,-4.920874536037445, 5.987247102203258, 0,-4.920874536037445, 5.987247102203258, 0,-4.920875206589699, 5.987254771489761, 0,-4.920876547694206, 5.987260440092755, 0,-4.920876547694206, 5.987260440092755, 0,-4.920879565179348, 5.98726944316798, 0,-4.920881912112236, 5.987284781740235, 0,-4.920881912112236, 5.987284781740235, 0,-4.92088358849287, 5.987290450342924, 0,-4.92088358849287, 5.987290450342924, 0,-4.920887276530266, 5.987298119628816, 0,-4.9208889529109, 5.987311124069863, 0,-4.920891635119915, 5.987325462299378, 0,-4.920891635119915, 5.987325462299378, 0,-4.920896328985691, 5.987327796429721, 0,-4.920896328985691, 5.987327796429721, 0,-4.920901693403721, 5.987326462640948, 0,-4.920901693403721, 5.987326462640948, 0,-4.920909404754639, 5.987325795746555, 0,-4.920918457210064, 5.987324461957795, 0,-4.920918457210064, 5.987324461957795, 0,-4.920918457210064, 5.987324461957795, 0,-4.920926168560982, 5.987323461616199, 0,-4.920935556292534, 5.98732312816901, 0,-4.920935556292534, 5.98732312816901, 0,-4.920943938195705, 5.987319460249843, 0,-4.920943938195705, 5.987319460249843, 0,-4.920955672860146, 5.987316792672272, 0,-4.920967742800713, 5.987314791989068, 0,-4.920967742800713, 5.987314791989068, 0,-4.92098618298769, 5.987308789939444, 0,-4.921005629003048, 5.987306789256202, 0,-4.921015687286854, 5.987304788572972, 0,-4.921036139130592, 5.98730178754811, 0,-4.921044521033764, 5.987295452051118, 0,-4.921071343123913, 5.987287115870769, 0,-4.921082071959972, 5.98728611552911, 0,-4.921082071959972, 5.98728611552911, 0,-4.921106547117233, 5.987278779690268, 0,-4.9211186170578, 5.987276445559709, 0,-4.9211186170578, 5.987276445559709, 0,-4.9211186170578, 5.987276445559709, 0,-4.921131357550621, 5.987273444534693, 0,-4.921131357550621, 5.987273444534693, 0,-4.921145774424076, 5.987270110062436, 0,-4.921145774424076, 5.987270110062436, 0,-4.921157173812389, 5.987264774906772, 0,-4.921157173812389, 5.987264774906772, 0,-4.921167567372322, 5.987259106303817, 0,-4.921167567372322, 5.987259106303817, 0,-4.921177625656128, 5.987255104936989, 0,-4.921177625656128, 5.987255104936989, 0,-4.921186678111553, 5.987250436675655, 0,-4.921186678111553, 5.987250436675655, 0,-4.921186678111553, 5.987250436675655, 0,-4.921195060014725, 5.987246435308776, 0,-4.921195060014725, 5.987246435308776, 0,-4.921195060014725, 5.987246435308776, 0,-4.921202436089516, 5.987245768414282, 0,-4.92122121155262, 5.987238099127665, 0,-4.921235293149948, 5.987227095368409, 0,-4.921242333948612, 5.987222427106833, 0,-4.921242333948612, 5.987222427106833, 0,-4.9212513864040375, 5.987218759187004, 0,-4.9212513864040375, 5.987218759187004, 0,-4.921261444687843, 5.987219092634258, 0,-4.921261444687843, 5.987219092634258, 0,-4.921261444687843, 5.987219092634258, 0,-4.921270161867142, 5.987220092976032, 0,-4.921270161867142, 5.987220092976032, 0,-4.921280890703201, 5.987219092634258, 0,-4.921280890703201, 5.987219092634258, 0,-4.921280890703201, 5.987219092634258, 0,-4.921291284263134, 5.987217091950698, 0,-4.921291284263134, 5.987217091950698, 0,-4.921310730278492, 5.987211756794525, 0,-4.921310730278492, 5.987211756794525, 0,-4.921310730278492, 5.987211756794525, 0,-4.921321794390678, 5.98720975611094, 0,-4.921321794390678, 5.98720975611094, 0,-4.921334534883499, 5.987206755085555, 0,-4.921334534883499, 5.987206755085555, 0,-4.921345263719559, 5.9872020868238005, 0,-4.921345263719559, 5.9872020868238005, 0,-4.921345263719559, 5.9872020868238005, 0,-4.921355657279491, 5.9871970851147545, 0,-4.921355657279491, 5.9871970851147545, 0,-4.921365715563297, 5.987193083747469, 0,-4.921365715563297, 5.987193083747469, 0,-4.921467304229736, 5.987172743463356, 0,-4.921561516821384, 5.987154737309573, 0,-4.921561516821384, 5.987154737309573, 0,-4.921569898724556, 5.987152736625784, 0,-4.921569898724556, 5.987152736625784, 0,-4.921577274799347, 5.9871514028365915, 0,-4.921577274799347, 5.9871514028365915, 0,-4.921585321426392, 5.987150735941983, 0,-4.921585321426392, 5.987150735941983, 0,-4.921585321426392, 5.987150735941983, 0,-4.921593368053436, 5.987150735941983, 0,-4.921624548733234, 5.987146067679757, 0,-4.921624548733234, 5.987146067679757, 0,-4.921634271740913, 5.9871454007851606, 0,-4.9216825515031815, 5.987130062208987, 0,-4.921675845980644, 5.987129728761658, 0,-4.921678863465786, 5.987118725000226, 0,-4.921685233712196, 5.987107387791236, 0,-4.921688921749592, 5.987102719528642, 0,-4.921688921749592, 5.987102719528642, 0,-4.921689927577972, 5.987095383687344, 0,-4.92169227451086, 5.9870870475039295, 0,-4.92169227451086, 5.9870870475039295, 0,-4.921695627272129, 5.987079711662416, 0,-4.921695291996002, 5.987066040321162, 0,-4.921695291996002, 5.987066040321162, 0,-4.921696297824383, 5.9870590379267234, 0,-4.9216946214437485, 5.987043365900765, 0,-4.921693615615368, 5.987040698321832, 0</coordinates>
                </LinearRing>
            </outerBoundaryIs>
        </Polygon>
    </MultiGeometry>
  </Placemark><Placemark>
	<Style><LineStyle><color>ff0000ff</color></LineStyle><PolyStyle><fill>0</fill></PolyStyle></Style>
	<ExtendedData><SchemaData schemaUrl="#programmeband_1">
		<SimpleData name="N°">13</SimpleData>
		<SimpleData name="Cooperative">COOP CA SCAAB</SimpleData>
		<SimpleData name="Code_CCC">COOP CA SCAAB</SimpleData>
		<SimpleData name="Code_Producteur">SCAAB-TIA-246</SimpleData>
		<SimpleData name="Code_Parcelle">SCAAB-TIA-246-P1</SimpleData>
		<SimpleData name="Section">TIASSALE</SimpleData>
		<SimpleData name="Localite">TIASSALE</SimpleData>
		<SimpleData name="Sous-Prefecture">TIASSALE</SimpleData>
		<SimpleData name="Region ">AGNEBY-TIASSA</SimpleData>
		<SimpleData name="Nom">KOUAME</SimpleData>
		<SimpleData name="Prenoms">ANGE VICTOIRE</SimpleData>
		<SimpleData name="Genre">Homme</SimpleData>
		<SimpleData name="Programme">Mondelez</SimpleData>
		<SimpleData name="Departement"></SimpleData>
		<SimpleData name="Statut">Candidat</SimpleData>
	</SchemaData>
    </ExtendedData>
      <MultiGeometry>
        <Polygon>
            <outerBoundaryIs>
                <LinearRing>
                    <coordinates>-4.851081781089306, 5.924156587896548, 0,-4.851081781089306, 5.924156587896548, 0,-4.851081781089306, 5.924156587896548, 0,-4.851081781089306, 5.924156587896548, 0,-4.851085804402828, 5.924145249387792, 0,-4.851090833544731, 5.924143581960017, 0,-4.851097539067268, 5.924143248474469, 0,-4.851097539067268, 5.924143248474469, 0,-4.851105585694313, 5.924144915902245, 0,-4.851105585694313, 5.924144915902245, 0,-4.851115308701992, 5.924144915902245, 0,-4.851126708090305, 5.92414624984446, 0,-4.851126708090305, 5.92414624984446, 0,-4.851137101650238, 5.924149584699987, 0,-4.851137101650238, 5.924149584699987, 0,-4.851148836314678, 5.924149918185547, 0,-4.851148836314678, 5.924149918185547, 0,-4.8511649295687675, 5.924148584243332, 0,-4.851172976195812, 5.924146916815569, 0,-4.851202815771103, 5.924142248017802, 0,-4.851202815771103, 5.924142248017802, 0,-4.851224608719349, 5.924141581046681, 0,-4.851224608719349, 5.924141581046681, 0,-4.851238690316677, 5.92414624984446, 0,-4.851238690316677, 5.92414624984446, 0,-4.851258136332035, 5.924147917272224, 0,-4.851258136332035, 5.924147917272224, 0,-4.85127791762352, 5.924149918185547, 0,-4.85127791762352, 5.924149918185547, 0,-4.851287975907326, 5.924151919098844, 0,-4.851287975907326, 5.924151919098844, 0,-4.8513054102659225, 5.924153586526607, 0,-4.8513054102659225, 5.924153586526607, 0,-4.8513104394078255, 5.9241532530410606, 0,-4.8513104394078255, 5.9241532530410606, 0,-4.85131748020649, 5.924152252584405, 0,-4.851323179900646, 5.924152586069953, 0,-4.851323179900646, 5.924152586069953, 0,-4.851328209042549, 5.924152586069953, 0,-4.851328209042549, 5.924152586069953, 0,-4.851336590945721, 5.924151585613298, 0,-4.851343967020512, 5.924151585613298, 0,-4.851343967020512, 5.924151585613298, 0,-4.85135268419981, 5.924150251671095, 0,-4.85135905444622, 5.924149918185547, 0,-4.85135905444622, 5.924149918185547, 0,-4.851364083588123, 5.924151585613298, 0,-4.851371459662914, 5.924153586526607, 0,-4.851371459662914, 5.924153586526607, 0,-4.851380847394466, 5.924150918642202, 0,-4.851380847394466, 5.924150918642202, 0,-4.851389564573765, 5.924148917728879, 0,-4.8513976112008095, 5.924149251214439, 0,-4.851406328380108, 5.9241532530410606, 0,-4.851414710283279, 5.924153586526607, 0,-4.851431138813496, 5.924151919098844, 0,-4.851431138813496, 5.924151919098844, 0,-4.851447902619839, 5.924149918185547, 0,-4.85145628452301, 5.924150918642202, 0,-4.85145628452301, 5.924150918642202, 0,-4.851464666426182, 5.924152252584405, 0,-4.851464666426182, 5.924152252584405, 0,-4.851474054157734, 5.9241529195555, 0,-4.851483777165413, 5.92415458698325, 0,-4.851483777165413, 5.92415458698325, 0,-4.851509593427181, 5.924156921382096, 0,-4.851509593427181, 5.924156921382096, 0,-4.851516634225845, 5.9241572548676436, 0,-4.85152468085289, 5.9241572548676436, 0,-4.851542450487614, 5.924153586526607, 0,-4.851542450487614, 5.924153586526607, 0,-4.851551167666912, 5.9241532530410606, 0,-4.851551167666912, 5.9241532530410606, 0,-4.851559549570084, 5.924151585613298, 0,-4.851567931473255, 5.924150251671095, 0,-4.851586036384106, 5.924147250301115, 0,-4.851586036384106, 5.924147250301115, 0,-4.851594418287277, 5.92414624984446, 0,-4.851594418287277, 5.92414624984446, 0,-4.851602800190449, 5.924147583786676, 0,-4.851627945899963, 5.924151919098844, 0,-4.851627945899963, 5.924151919098844, 0,-4.851636327803135, 5.9241532530410606, 0,-4.851636327803135, 5.9241532530410606, 0,-4.85164437443018, 5.9241529195555, 0,-4.85164437443018, 5.9241529195555, 0,-4.851658456027508, 5.924156254410988, 0,-4.851664155721664, 5.924156587896548, 0,-4.851664155721664, 5.924156587896548, 0,-4.851683601737022, 5.9241572548676436, 0,-4.851683601737022, 5.9241572548676436, 0,-4.851692654192448, 5.924160256237558, 0,-4.851692654192448, 5.924160256237558, 0,-4.851701036095619, 5.924163924578543, 0,-4.851710423827171, 5.924167926405049, 0,-4.851720482110977, 5.924171594745996, 0,-4.851720482110977, 5.924171594745996, 0,-4.851730540394783, 5.924172928688135, 0,-4.851730540394783, 5.924172928688135, 0,-4.851739592850208, 5.9241742626303, 0,-4.851763062179089, 5.924176930514591, 0,-4.851763062179089, 5.924176930514591, 0,-4.8517704382538795, 5.924175930057974, 0,-4.851778149604797, 5.924176263543508, 0,-4.851778149604797, 5.924176263543508, 0,-4.8517851904034615, 5.924179264913334, 0,-4.851816035807133, 5.924188602508206, 0,-4.851822070777416, 5.924188269022684, 0,-4.851821735501289, 5.924179931884391, 0,-4.851821735501289, 5.924179931884391, 0,-4.851821735501289, 5.924179931884391, 0,-4.851837828755379, 5.924208278154034, 0,-4.851837828755379, 5.924208278154034, 0,-4.85183984041214, 5.924219616661492, 0,-4.8518384993076324, 5.92423262259623, 0,-4.851835481822491, 5.924237958364226, 0,-4.8518334701657295, 5.924241960190199, 0,-4.8518334701657295, 5.924241960190199, 0,-4.851830452680588, 5.924249296871061, 0,-4.851827099919319, 5.924257634008298, 0,-4.851827099919319, 5.924257634008298, 0,-4.851824752986431, 5.924268972514739, 0,-4.85182274132967, 5.924275308738818, 0,-4.851824752986431, 5.924284646332075, 0,-4.851826764643192, 5.924289648614117, 0,-4.8518281057477, 5.924296318323414, 0,-4.851829782128334, 5.924301320605341, 0,-4.851833805441856, 5.924307323343607, 0,-4.851837493479252, 5.924313993052699, 0,-4.85183984041214, 5.924322997159849, 0,-4.851841516792774, 5.924329333383318, 0,-4.851842857897282, 5.924338337490226, 0,-4.851848222315311, 5.924366683751727, 0,-4.851848222315311, 5.924366683751727, 0,-4.851848222315311, 5.924366683751727, 0,-4.851848222315311, 5.924366683751727, 0,-4.851855598390102, 5.924398698351223, 0,-4.851856604218483, 5.924405034573801, 0,-4.85185693949461, 5.924411704281724, 0,-4.8518552631139755, 5.924416039591831, 0,-4.851853251457214, 5.924425710668091, 0,-4.851854592561722, 5.924431379919612, 0,-4.851853586733341, 5.92443938356872, 0,-4.851849898695946, 5.924451722527528, 0,-4.851851239800453, 5.924456724808056, 0,-4.851851910352707, 5.924461727088534, 0,-4.851851910352707, 5.924466729368961, 0,-4.851853251457214, 5.924471731649349, 0,-4.851852245628834, 5.924479401812515, 0,-4.851850233972073, 5.924505080184089, 0,-4.851850233972073, 5.924505080184089, 0,-4.851847216486931, 5.924512750346796, 0,-4.851846545934677, 5.924519753538739, 0,-4.85183984041214, 5.9245434309965574, 0,-4.85183984041214, 5.9245434309965574, 0,-4.85183984041214, 5.9245434309965574, 0,-4.85183984041214, 5.9245434309965574, 0,-4.85183984041214, 5.9245434309965574, 0,-4.85183984041214, 5.9245434309965574, 0,-4.85183984041214, 5.9245434309965574, 0,-4.85187504440546, 5.924560105262025, 0,-4.85187504440546, 5.924560105262025, 0,-4.851886443793774, 5.92457010982106, 0,-4.851899854838848, 5.92458645060042, 0,-4.851899854838848, 5.92458645060042, 0,-4.851904548704624, 5.924592786820861, 0,-4.851904548704624, 5.924592786820861, 0,-4.851909577846527, 5.924598122585385, 0,-4.85191460698843, 5.924604458805699, 0,-4.851919636130333, 5.924608460629012, 0,-4.851927012205124, 5.924621466554564, 0,-4.851927012205124, 5.924621466554564, 0,-4.851940423250198, 5.924633805509327, 0,-4.8519400879740715, 5.924636139906136, 0,-4.851941429078579, 5.924640141729208, 0,-4.851941429078579, 5.924640141729208, 0,-4.851944111287594, 5.924647478404791, 0,-4.851944781839848, 5.924663152211389, 0,-4.851944781839848, 5.924663152211389, 0,-4.851947128772736, 5.92467148934238, 0,-4.851947799324989, 5.92467882601753, 0,-4.851946793496609, 5.92468682966305, 0,-4.851945117115974, 5.9246938328527925, 0,-4.851936064660549, 5.92470350392418, 0,-4.85192533582449, 5.9247211786404375, 0,-4.851921983063221, 5.924727514859327, 0,-4.851922318339348, 5.924733184107744, 0,-4.851922988891602, 5.924738519870919, 0,-4.851922988891602, 5.924738519870919, 0,-4.851923994719982, 5.9247658656563384, 0,-4.8519256711006165, 5.924771534904374, 0,-4.8519256711006165, 5.924771534904374, 0,-4.8519280180335045, 5.924776537182002, 0,-4.851926006376743, 5.924792210984924, 0,-4.851921312510967, 5.924801548569441, 0,-4.851921312510967, 5.924801548569441, 0,-4.851916283369064, 5.924809885698332, 0,-4.851911254227161, 5.924820557223144, 0,-4.851911254227161, 5.924820557223144, 0,-4.8519062250852585, 5.924830895262597, 0,-4.851903542876244, 5.924840899816708, 0,-4.851903542876244, 5.924840899816708, 0,-4.851901866495609, 5.924848903459887, 0,-4.851904213428497, 5.924865244231004, 0,-4.851904213428497, 5.924865244231004, 0,-4.851904883980751, 5.924873914844044, 0,-4.851901866495609, 5.924881585001624, 0,-4.851897843182087, 5.924889588644218, 0,-4.851897843182087, 5.924889588644218, 0,-4.851893819868565, 5.924898926227081, 0,-4.851892814040184, 5.924909931235251, 0,-4.8518891260027885, 5.92491926881777, 0,-4.8518891260027885, 5.92491926881777, 0,-4.851885437965393, 5.924927605944894, 0,-4.851886108517647, 5.924936276556966, 0,-4.851886108517647, 5.924936276556966, 0,-4.851883426308632, 5.924955952176141, 0,-4.851883426308632, 5.924955952176141, 0,-4.851883426308632, 5.924955952176141, 0,-4.851881749927998, 5.924964622787769, 0,-4.851873032748699, 5.925008976298949, 0,-4.851870685815811, 5.925019981304931, 0,-4.851858280599117, 5.925046660106394, 0,-4.851854257285595, 5.925054997231583, 0,-4.851854257285595, 5.925054997231583, 0,-4.851851910352707, 5.925064334811647, 0,-4.851848892867565, 5.925073338906571, 0,-4.851848892867565, 5.925073338906571, 0,-4.851846881210804, 5.925096015885699, 0,-4.851847216486931, 5.925103686040213, 0,-4.851844534277916, 5.9251607119681164, 0,-4.851848557591438, 5.925167715151841, 0,-4.851861298084259, 5.9251887247024815, 0,-4.851861298084259, 5.9251887247024815, 0,-4.851865321397781, 5.925196394855698, 0,-4.851865321397781, 5.925196394855698, 0,-4.851865321397781, 5.925196394855698, 0,-4.851867668330669, 5.925202397584218, 0,-4.851867668330669, 5.925202397584218, 0,-4.851869344711304, 5.925207733342851, 0,-4.851870685815811, 5.925215070010889, 0,-4.851923324167728, 5.9253084457773815, 0,-4.851923324167728, 5.9253084457773815, 0,-4.851923324167728, 5.9253084457773815, 0,-4.851923324167728, 5.9253084457773815, 0,-4.851896837353706, 5.925316782898626, 0,-4.851887784898281, 5.925319450777397, 0,-4.851880744099617, 5.925321451686457, 0,-4.851865656673908, 5.9253261204742635, 0,-4.851865656673908, 5.9253261204742635, 0,-4.851859956979752, 5.9253294553226645, 0,-4.851859956979752, 5.9253294553226645, 0,-4.851854927837849, 5.925338792898097, 0,-4.851854927837849, 5.925338792898097, 0,-4.851850233972073, 5.925343461685738, 0,-4.851844869554043, 5.925349464412667, 0,-4.851837158203125, 5.925353466230587, 0,-4.851837158203125, 5.925353466230587, 0,-4.851818718016148, 5.925355133654711, 0,-4.8518116772174835, 5.925355133654711, 0,-4.851806312799454, 5.925358135018112, 0,-4.851806312799454, 5.925358135018112, 0,-4.851799942553043, 5.925364137744876, 0,-4.851799942553043, 5.925364137744876, 0,-4.851781167089939, 5.925371474410828, 0,-4.851781167089939, 5.925371474410828, 0,-4.851756356656551, 5.925373141834902, 0,-4.851752668619156, 5.925373141834902, 0,-4.851749315857887, 5.925373141834902, 0,-4.851749315857887, 5.925373141834902, 0,-4.851740933954716, 5.925374809258975, 0,-4.851733893156052, 5.925375142743772, 0,-4.851730540394783, 5.925375142743772, 0,-4.851730540394783, 5.925375142743772, 0,-4.851729869842529, 5.925375142743772, 0,-4.851729869842529, 5.925375142743772, 0,-4.851714447140694, 5.925376476683024, 0,-4.8516953364014626, 5.9253794780463105, 0,-4.851680248975754, 5.925381812439977, 0,-4.85165610909462, 5.925383479864013, 0,-4.851652756333351, 5.925383146379203, 0,-4.85165074467659, 5.9253851472880354, 0,-4.851648062467575, 5.925389482590497, 0,-4.851644039154053, 5.925394151377717, 0,-4.8516349866986275, 5.925402155012868, 0,-4.8516349866986275, 5.925402155012868, 0,-4.851631969213486, 5.925408491223959, 0,-4.851631969213486, 5.925408491223959, 0,-4.851626269519329, 5.925415160919744, 0,-4.851626269519329, 5.925415160919744, 0,-4.851620234549046, 5.925423164554603, 0,-4.851620234549046, 5.925423164554603, 0,-4.851598106324673, 5.925437504400069, 0,-4.851598776876926, 5.925442506671653, 0,-4.851591065526009, 5.925449843336574, 0,-4.851587377488613, 5.925454512123299, 0,-4.851587377488613, 5.925454512123299, 0,-4.851582683622837, 5.925458180455683, 0,-4.851582683622837, 5.925458180455683, 0,-4.85157698392868, 5.925471519845981, 0,-4.85157698392868, 5.925471519845981, 0,-4.85157698392868, 5.925471519845981, 0,-4.851575307548046, 5.925478856510521, 0,-4.851575307548046, 5.925478856510521, 0,-4.851573631167412, 5.925486860144451, 0,-4.851572960615158, 5.925495197262987, 0,-4.851568602025509, 5.925511204530236, 0,-4.851568266749382, 5.925517874224787, 0,-4.851568266749382, 5.925517874224787, 0,-4.851569943130016, 5.925528545735909, 0,-4.851573295891285, 5.92554822133399, 0,-4.851573295891285, 5.92554822133399, 0,-4.851573295891285, 5.9255622276915165, 0,-4.8515719547867775, 5.925568230416067, 0,-4.851569943130016, 5.925574566625237, 0,-4.8515696078538895, 5.925583570711827, 0,-4.851568266749382, 5.925590907374865, 0,-4.85156424343586, 5.925601578884575, 0,-4.851558208465576, 5.925612917363421, 0,-4.851558208465576, 5.925612917363421, 0,-4.851552844047546, 5.925623255388028, 0,-4.851551167666912, 5.925632259473829, 0,-4.851549826562405, 5.9256409300748345, 0,-4.851546138525009, 5.925655936883927, 0,-4.851543456315994, 5.925661939607459, 0,-4.851543456315994, 5.925661939607459, 0,-4.851538427174091, 5.925667942330929, 0,-4.851538427174091, 5.925667942330929, 0,-4.85153540968895, 5.925682949139296, 0,-4.851532056927681, 5.925690952770261, 0,-4.851532056927681, 5.925690952770261, 0,-4.8515186458826065, 5.925713296239415, 0,-4.8515112698078156, 5.925722300323741, 0,-4.8515112698078156, 5.925722300323741, 0,-4.851498864591122, 5.925736640161446, 0,-4.851498864591122, 5.925736640161446, 0,-4.851493835449219, 5.925742642884101, 0,-4.851479083299637, 5.925762318474549, 0,-4.851479083299637, 5.925762318474549, 0,-4.851474054157734, 5.9257706555889245, 0,-4.851474054157734, 5.9257706555889245, 0,-4.851469695568085, 5.925778992703199, 0,-4.851464331150055, 5.925786996332765, 0,-4.851464331150055, 5.925786996332765, 0,-4.851464331150055, 5.925786996332765, 0,-4.8514509201049805, 5.925808005859831, 0,-4.8514509201049805, 5.925808005859831, 0,-4.8514509201049805, 5.925808005859831, 0,-4.851446226239204, 5.925814675550807, 0,-4.851446226239204, 5.925814675550807, 0,-4.8514411970973015, 5.925830349324252, 0,-4.851441532373428, 5.9258483574889596, 0,-4.851441532373428, 5.9258483574889596, 0,-4.851435497403145, 5.925865031714989, 0,-4.851433150470257, 5.925873702312342, 0,-4.851430803537369, 5.925882039425038, 0,-4.851430803537369, 5.925882039425038, 0,-4.851428456604481, 5.92588937608412, 0,-4.851423762738705, 5.925901715010524, 0,-4.85142208635807, 5.9259093851538305, 0,-4.851414710283279, 5.925919723172904, 0,-4.85140398144722, 5.925919723172904, 0,-4.851397275924683, 5.925919389688413, 0,-4.851390570402145, 5.925918389234963, 0,-4.851383864879608, 5.925917722265993, 0,-4.851365089416504, 5.925916721812543, 0,-4.851365089416504, 5.925916721812543, 0,-4.851361066102982, 5.9259153878746025, 0,-4.851357378065586, 5.925914053936649, 0,-4.851339943706989, 5.925914053936649, 0,-4.851332567632198, 5.925912053029737, 0,-4.851332567632198, 5.925912053029737, 0,-4.851323179900646, 5.925912719998708, 0,-4.851323179900646, 5.925912719998708, 0,-4.851296693086624, 5.925911052576276, 0,-4.851296693086624, 5.925911052576276, 0,-4.851287975907326, 5.925910052122801, 0,-4.851278252899647, 5.925911052576276, 0,-4.851278252899647, 5.925911052576276, 0,-4.85125545412302, 5.925910719091784, 0,-4.85125545412302, 5.925910719091784, 0,-4.8512497544288635, 5.9259130534832, 0,-4.851242043077946, 5.925912719998708, 0,-4.851242043077946, 5.925912719998708, 0,-4.851236343383789, 5.92591438742114, 0,-4.851236343383789, 5.92591438742114, 0,-4.851224273443222, 5.925913386967679, 0,-4.851196110248566, 5.9259093851538305, 0,-4.851196110248566, 5.9259093851538305, 0,-4.851187728345394, 5.925910385607293, 0,-4.851178005337715, 5.925910385607293, 0,-4.851178005337715, 5.925910385607293, 0,-4.851178005337715, 5.925910385607293, 0,-4.851168282330036, 5.9259113860607675, 0,-4.851168282330036, 5.9259113860607675, 0,-4.851159229874611, 5.9259153878746025, 0,-4.851150847971439, 5.925920390141862, 0,-4.851142466068268, 5.9259243919556335, 0,-4.851133748888969, 5.925927059831464, 0,-4.851125366985798, 5.92592839376938, 0,-4.851125366985798, 5.92592839376938, 0,-4.851125366985798, 5.92592839376938, 0,-4.851115643978119, 5.925929727707282, 0,-4.85110592097044, 5.9259340630054815, 0,-4.851096197962761, 5.925941066179385, 0,-4.851081445813179, 5.9259560729803225, 0,-4.85107809305191, 5.925964743576251, 0,-4.85107809305191, 5.925964743576251, 0,-4.8510754108428955, 5.925974414625374, 0,-4.851071052253246, 5.925983085220998, 0,-4.851066693663597, 5.9259867535498705, 0,-4.851066693663597, 5.9259867535498705, 0,-4.851062670350075, 5.925991088847613, 0,-4.8510609939694405, 5.925996091114184, 0,-4.8510609939694405, 5.925996091114184, 0,-4.851054958999157, 5.926010430944777, 0,-4.851053282618523, 5.926019435024269, 0,-4.851053282618523, 5.926019435024269, 0,-4.851050265133381, 5.926027438650349, 0,-4.85103752464056, 5.926041111511298, 0,-4.85103752464056, 5.926041111511298, 0,-4.851030148565769, 5.9260444463553865, 0,-4.8510197550058365, 5.926047114230645, 0,-4.851012043654919, 5.926050449074682, 0,-4.851005673408508, 5.9260584527003175, 0,-4.851005673408508, 5.9260584527003175, 0,-4.850998297333717, 5.926066122841449, 0,-4.850998297333717, 5.926066122841449, 0,-4.850992597639561, 5.926072125560515, 0,-4.850992597639561, 5.926072125560515, 0,-4.850987568497658, 5.926083130545302, 0,-4.850984215736389, 5.926087799326658, 0,-4.850976839661598, 5.926089800232946, 0,-4.850976839661598, 5.926089800232946, 0,-4.8509681224823, 5.926092134623598, 0,-4.850960746407509, 5.9260964699205, 0,-4.850953035056591, 5.926102472639249, 0,-4.850946664810181, 5.92610614096732, 0,-4.850935265421867, 5.926105140514214, 0,-4.850935265421867, 5.926105140514214, 0,-4.850926548242569, 5.92610313960799, 0,-4.850926548242569, 5.92610313960799, 0,-4.850917831063271, 5.926101805670495, 0,-4.850917831063271, 5.926101805670495, 0,-4.850901402533054, 5.926096136436123, 0,-4.850901402533054, 5.926096136436123, 0,-4.850890338420868, 5.92609180113922, 0,-4.850890338420868, 5.92609180113922, 0,-4.850880280137062, 5.9260894667485555, 0,-4.850880280137062, 5.9260894667485555, 0,-4.850871227681637, 5.9260891332641785, 0,-4.850871227681637, 5.9260891332641785, 0,-4.850862510502338, 5.926088466295412, 0,-4.850862510502338, 5.926088466295412, 0,-4.8508356884121895, 5.926074126466855, 0,-4.850827641785145, 5.926067456779033, 0,-4.850827641785145, 5.926067456779033, 0,-4.850820600986481, 5.926062787997499, 0,-4.8508162423968315, 5.92605678527833, 0,-4.850808195769787, 5.9260501155902805, 0,-4.850800819694996, 5.926044779839789, 0,-4.850800819694996, 5.926044779839789, 0,-4.850791431963444, 5.926037443182794, 0,-4.850781708955765, 5.926030440010086, 0,-4.850781708955765, 5.926030440010086, 0,-4.850771650671959, 5.926023770321731, 0,-4.850771650671959, 5.926023770321731, 0,-4.850761592388153, 5.926018101086569, 0,-4.850752539932728, 5.926013098820189, 0,-4.850752539932728, 5.926013098820189, 0,-4.850752539932728, 5.926013098820189, 0,-4.850745163857937, 5.926008096553769, 0,-4.850745163857937, 5.926008096553769, 0,-4.850737787783146, 5.926004761709477, 0,-4.850737787783146, 5.926004761709477, 0,-4.850729741156101, 5.926001426865146, 0,-4.8507216945290565, 5.925996758083053, 0,-4.8507216945290565, 5.925996758083053, 0,-4.850712306797504, 5.925993756723125, 0,-4.850712306797504, 5.925993756723125, 0,-4.850703589618206, 5.925990755363172, 0,-4.850703589618206, 5.925990755363172, 0,-4.850696213543415, 5.925985419612095, 0,-4.850696213543415, 5.925985419612095, 0,-4.850689508020878, 5.925981417798769, 0,-4.850689508020878, 5.925981417798769, 0,-4.850682467222214, 5.9259767490165105, 0,-4.850682467222214, 5.9259767490165105, 0,-4.850677438080311, 5.9259680784207855, 0,-4.850677438080311, 5.9259680784207855, 0,-4.850666709244251, 5.925949403291064, 0,-4.850657656788826, 5.925943400570674, 0,-4.850657656788826, 5.925943400570674, 0,-4.850648939609528, 5.925938064819139, 0,-4.850639216601849, 5.925932062098622, 0,-4.850639216601849, 5.925932062098622, 0,-4.850630834698677, 5.925923058017718, 0,-4.850630834698677, 5.925923058017718, 0,-4.850623458623886, 5.925915721359082, 0,-4.850623458623886, 5.925915721359082, 0,-4.850615076720715, 5.925908718184847, 0,-4.850615076720715, 5.925908718184847, 0,-4.8506080359220505, 5.925903382432995, 0,-4.850600324571133, 5.9258970462275915, 0,-4.850592948496342, 5.9258903765376205, 0,-4.850585237145424, 5.925884707301085, 0,-4.850576855242252, 5.925878704579983, 0,-4.850576855242252, 5.925878704579983, 0,-4.850576855242252, 5.925878704579983, 0,-4.850572161376476, 5.925873368827838, 0,-4.850564785301685, 5.92586703262209, 0,-4.850564785301685, 5.92586703262209, 0,-4.850558750331402, 5.92586069641628, 0,-4.850551709532738, 5.925855027179427, 0,-4.850551709532738, 5.925855027179427, 0,-4.850543327629566, 5.925850024911583, 0,-4.850543327629566, 5.925850024911583, 0,-4.850528240203857, 5.92584135431386, 0,-4.850522540509701, 5.925836352045889, 0,-4.850522540509701, 5.925836352045889, 0,-4.850516505539417, 5.925831016293324, 0,-4.850502759218216, 5.925826347509793, 0,-4.850502759218216, 5.925826347509793, 0,-4.85049270093441, 5.925822012210767, 0,-4.85049270093441, 5.925822012210767, 0,-4.850482642650604, 5.925819677818982, 0,-4.850482642650604, 5.925819677818982, 0,-4.8504638671875, 5.925822012210767, 0,-4.8504638671875, 5.925822012210767, 0,-4.850454144179821, 5.925826347509793, 0,-4.850454144179821, 5.925826347509793, 0,-4.850444085896015, 5.925828348417035, 0,-4.850444085896015, 5.925828348417035, 0,-4.85043503344059, 5.925827681447963, 0,-4.85042430460453, 5.925828348417035, 0,-4.85042430460453, 5.925828348417035, 0,-4.8504142463207245, 5.925830015839722, 0,-4.8504142463207245, 5.925830015839722, 0,-4.850403852760792, 5.92582934887065, 0,-4.850403852760792, 5.92582934887065, 0,-4.850393794476986, 5.925826014025263, 0,-4.850393794476986, 5.925826014025263, 0,-4.8503827303647995, 5.925822012210767, 0,-4.8503827303647995, 5.925822012210767, 0,-4.850373342633247, 5.925819010849884, 0,-4.850373342633247, 5.925819010849884, 0,-4.850363619625568, 5.925815676004435, 0,-4.850363619625568, 5.925815676004435, 0,-4.8503535613417625, 5.925812341158972, 0,-4.8503535613417625, 5.925812341158972, 0,-4.850342497229576, 5.925813008128056, 0,-4.850342497229576, 5.925813008128056, 0,-4.850332103669643, 5.925812007674429, 0,-4.850311651825905, 5.925812674643514, 0,-4.8503029346466064, 5.925809673282581, 0,-4.8503029346466064, 5.925809673282581, 0,-4.8502955585718155, 5.925809339798039, 0,-4.850276783108711, 5.925803670560664, 0,-4.850276783108711, 5.925803670560664, 0,-4.850267060101032, 5.9258033370761085, 0,-4.850267060101032, 5.9258033370761085, 0,-4.850257001817226, 5.925801669653346, 0,-4.850257001817226, 5.925801669653346, 0,-4.850235544145107, 5.925800002230569, 0,-4.850235544145107, 5.925800002230569, 0,-4.850225150585175, 5.925800002230569, 0,-4.850225150585175, 5.925800002230569, 0,-4.850215427577496, 5.925800335715125, 0,-4.850215427577496, 5.925800335715125, 0,-4.850206710398197, 5.925800335715125, 0,-4.850206710398197, 5.925800335715125, 0,-4.850196987390518, 5.925803003591554, 0,-4.850196987390518, 5.925803003591554, 0,-4.850178211927414, 5.925807338890733, 0,-4.8501671478152275, 5.9258053379834275, 0,-4.8501671478152275, 5.9258053379834275, 0,-4.850154742598534, 5.9258070054061776, 0,-4.850154742598534, 5.9258070054061776, 0,-4.850142672657967, 5.925811340705319, 0,-4.850142672657967, 5.925811340705319, 0,-4.850134961307049, 5.925819010849884, 0,-4.850131273269653, 5.92582934887065, 0,-4.850131273269653, 5.92582934887065, 0,-4.85012523829937, 5.925837019014948, 0,-4.850118532776833, 5.925844022190086, 0,-4.850118532776833, 5.925844022190086, 0,-4.85011350363493, 5.925852025818723, 0,-4.850109480321407, 5.925859362478199, 0,-4.850109480321407, 5.925859362478199, 0,-4.8501041159033775, 5.925866032168539, 0,-4.8501041159033775, 5.925866032168539, 0,-4.850101098418236, 5.9258750362503845, 0,-4.850101098418236, 5.9258750362503845, 0,-4.850099086761475, 5.925884707301085, 0,-4.850095734000206, 5.925894711836112, 0,-4.8500920459628105, 5.925903382432995, 0,-4.8500920459628105, 5.925903382432995, 0,-4.8500856757164, 5.925909051669339, 0,-4.8500856757164, 5.925909051669339, 0,-4.850076958537102, 5.9259130534832, 0,-4.850076958537102, 5.9259130534832, 0,-4.85006857663393, 5.925916721812543, 0,-4.85006857663393, 5.925916721812543, 0,-4.850058853626251, 5.925917388781514, 0,-4.850043095648289, 5.925908051215864, 0,-4.850043095648289, 5.925908051215864, 0,-4.850037395954132, 5.925903715917487, 0,-4.850026331841946, 5.925893711382625, 0,-4.850013256072998, 5.925889042599616, 0,-4.849975034594536, 5.9258783710954654, 0,-4.849975034594536, 5.9258783710954654, 0,-4.849975034594536, 5.9258783710954654, 0,-4.849975034594536, 5.9258783710954654, 0,-4.849975034594536, 5.9258783710954654, 0,-4.849975034594536, 5.9258783710954654, 0,-4.849975034594536, 5.9258783710954654, 0,-4.849975034594536, 5.9258783710954654, 0,-4.849975034594536, 5.9258783710954654, 0,-4.849975034594536, 5.9258783710954654, 0,-4.849975034594536, 5.9258783710954654, 0,-4.849975034594536, 5.9258783710954654, 0,-4.849930107593536, 5.925851692334206, 0,-4.849930107593536, 5.925851692334206, 0,-4.849918372929096, 5.925848690973477, 0,-4.8499079793691635, 5.9258483574889596, 0,-4.8499079793691635, 5.9258483574889596, 0,-4.849899262189865, 5.9258483574889596, 0,-4.84987948089838, 5.925843355221039, 0,-4.849869087338448, 5.925839019922139, 0,-4.849869087338448, 5.925839019922139, 0,-4.849853664636612, 5.925833350685083, 0,-4.849853664636612, 5.925833350685083, 0,-4.849824160337448, 5.925831683262409, 0,-4.849824160337448, 5.925831683262409, 0,-4.84982181340456, 5.9258330172005405, 0,-4.849817790091038, 5.925833684169612, 0,-4.8498134315013885, 5.925833684169612, 0,-4.8498134315013885, 5.925833684169612, 0,-4.8498134315013885, 5.925833684169612, 0,-4.8498087376356125, 5.9258346846232275, 0,-4.849756434559822, 5.925835685076817, 0,-4.849751405417919, 5.92583768598402, 0,-4.849747717380524, 5.925839686891199, 0,-4.849736988544464, 5.925845356128204, 0,-4.849731624126434, 5.92584802400443, 0,-4.849731624126434, 5.92584802400443, 0,-4.8497239127755165, 5.9258510253651595, 0,-4.849715866148472, 5.925851692334206, 0,-4.849715866148472, 5.925851692334206, 0,-4.8497074842453, 5.925853026272287, 0,-4.8497074842453, 5.925853026272287, 0,-4.849700443446636, 5.925851692334206, 0,-4.84966691583395, 5.925840687344801, 0,-4.84966691583395, 5.925840687344801, 0,-4.849658869206905, 5.925834017654142, 0,-4.849658869206905, 5.925834017654142, 0,-4.849650487303734, 5.92582968235518, 0,-4.849650487303734, 5.92582968235518, 0,-4.849639758467674, 5.925825680540721, 0,-4.849628359079361, 5.925823679633479, 0,-4.849628359079361, 5.925823679633479, 0,-4.849616959691048, 5.925819010849884, 0,-4.849616959691048, 5.925819010849884, 0,-4.849606230854988, 5.925813341612612, 0,-4.849606230854988, 5.925813341612612, 0,-4.849606230854988, 5.925813341612612, 0,-4.849597178399563, 5.925807338890733, 0,-4.849589131772518, 5.92580066919968, 0,-4.849589131772518, 5.92580066919968, 0,-4.849576056003571, 5.925785995879074, 0,-4.849576056003571, 5.925785995879074, 0,-4.8495639860630035, 5.9257679877123435, 0,-4.849558286368847, 5.925756649236691, 0,-4.849558286368847, 5.925756649236691, 0,-4.849552251398563, 5.925747645152912, 0,-4.849533475935459, 5.9257303039541345, 0,-4.849533475935459, 5.9257303039541345, 0,-4.849533475935459, 5.925729970469541, 0,-4.849537834525108, 5.925719632446918, 0,-4.849537834525108, 5.925719632446918, 0,-4.8495398461818695, 5.925685950500916, 0,-4.8495398461818695, 5.925685950500916, 0,-4.849523417651653, 5.925655936883927, 0,-4.849521741271019, 5.925637261743659, 0,-4.849521741271019, 5.925637261743659, 0,-4.849521741271019, 5.925637261743659, 0,-4.849521405994892, 5.925630925535201, 0,-4.849521405994892, 5.925630925535201, 0,-4.849518723785877, 5.925625256295995, 0,-4.8495157063007355, 5.925618920087411, 0,-4.8495157063007355, 5.925618920087411, 0,-4.849503971636295, 5.925609582516723, 0,-4.849503971636295, 5.925609582516723, 0,-4.849496595561504, 5.925601912369257, 0,-4.849496595561504, 5.925601912369257, 0,-4.849489890038967, 5.925593241767642, 0,-4.849473461508751, 5.92557790147215, 0,-4.849473461508751, 5.92557790147215, 0,-4.849473461508751, 5.92557790147215, 0,-4.8494647443294525, 5.925568563900762, 0,-4.8494647443294525, 5.925568563900762, 0,-4.8494550213217735, 5.9255585593598195, 0,-4.849446304142475, 5.925552223150472, 0,-4.849438592791557, 5.925547887849283, 0,-4.849438592791557, 5.925547887849283, 0,-4.849422164261341, 5.9255388837621075, 0,-4.849415794014931, 5.925533548006667, 0,-4.849415794014931, 5.925533548006667, 0,-4.84940942376852, 5.925529546190059, 0,-4.84940942376852, 5.925529546190059, 0,-4.849402718245983, 5.925525210888703, 0,-4.849402718245983, 5.925525210888703, 0,-4.8493993654847145, 5.92552054210259, 0,-4.8493993654847145, 5.92552054210259, 0,-4.849395342171192, 5.925514539377531, 0,-4.849395342171192, 5.925514539377531, 0,-4.84937958419323, 5.925500866503529, 0,-4.84937958419323, 5.925500866503529, 0,-4.849372208118439, 5.9254928628698025, 0,-4.8493631556630135, 5.9254858596902125, 0,-4.8493631556630135, 5.9254858596902125, 0,-4.849354438483715, 5.925479189995267, 0,-4.849347397685051, 5.925473520754508, 0,-4.849347397685051, 5.925473520754508, 0,-4.849345721304417, 5.9254678515136865, 0,-4.849342703819275, 5.9254588474252, 0,-4.8493363335728645, 5.925452844699467, 0,-4.849318899214268, 5.92544183970211, 0,-4.849318899214268, 5.92544183970211, 0,-4.849311858415604, 5.925434169552315, 0,-4.849311858415604, 5.925434169552315, 0,-4.849306158721447, 5.925428166826315, 0,-4.849306158721447, 5.925428166826315, 0,-4.849297441542149, 5.925421830615466, 0,-4.849297441542149, 5.925421830615466, 0,-4.84928872436285, 5.925393150923327, 0,-4.84928872436285, 5.925393150923327, 0,-4.84928872436285, 5.925393150923327, 0,-4.849290736019611, 5.925387148196868, 0,-4.849290736019611, 5.925387148196868, 0,-4.849291741847992, 5.925380811985549, 0,-4.849289059638977, 5.925369473501945, 0,-4.849288389086723, 5.925364471229686, 0,-4.849288389086723, 5.925364471229686, 0,-4.849288389086723, 5.925364471229686, 0,-4.849289394915104, 5.925356134109178, 0,-4.849289394915104, 5.925356134109178, 0,-4.849291071295738, 5.9253467965340505, 0,-4.849291071295738, 5.9253467965340505, 0,-4.849298447370529, 5.9253417942615885, 0,-4.849305488169193, 5.925339459867756, 0,-4.849305488169193, 5.925339459867756, 0,-4.8493098467588425, 5.925333790625571, 0,-4.8493098467588425, 5.925333790625571, 0,-4.849310852587223, 5.925324786534885, 0,-4.849313199520111, 5.925319450777397, 0,-4.849320240318775, 5.925302776534867, 0,-4.84932828694582, 5.925280099564224, 0,-4.849327281117439, 5.925273763351671, 0,-4.849327281117439, 5.925273763351671, 0,-4.849327281117439, 5.925273763351671, 0,-4.849325269460678, 5.925268427593673, 0,-4.849325269460678, 5.925268427593673, 0,-4.849324598908424, 5.925263425320511, 0,-4.849324598908424, 5.925263425320511, 0,-4.84931755810976, 5.925251753349604, 0,-4.849314205348492, 5.92524675107629, 0,-4.849314205348492, 5.92524675107629, 0,-4.849310517311096, 5.925240748348253, 0,-4.849310517311096, 5.925240748348253, 0,-4.849306158721447, 5.92523307819566, 0,-4.849306158721447, 5.92523307819566, 0,-4.849303476512432, 5.9252247410731425, 0,-4.84929945319891, 5.925216403950523, 0,-4.84929945319891, 5.925216403950523, 0,-4.849295765161514, 5.92520573243337, 0,-4.849295765161514, 5.92520573243337, 0,-4.849291071295738, 5.925196394855698, 0,-4.849281348288059, 5.925182388488885, 0,-4.849277660250664, 5.925179053639592, 0,-4.849277660250664, 5.925179053639592, 0,-4.849274307489395, 5.925176052275211, 0,-4.849274307489395, 5.925176052275211, 0,-4.849260225892067, 5.9251630463627, 0,-4.849260225892067, 5.9251630463627, 0,-4.849252849817276, 5.925157710603647, 0,-4.849252849817276, 5.925157710603647, 0,-4.849252849817276, 5.925157710603647, 0,-4.849247150123119, 5.925152708329467, 0,-4.849247150123119, 5.925152708329467, 0,-4.849239774048328, 5.925145038175652, 0,-4.849239774048328, 5.925145038175652, 0,-4.849239774048328, 5.925145038175652, 0,-4.8492273688316345, 5.925135700596949, 0,-4.8492273688316345, 5.925135700596949, 0,-4.849220663309097, 5.925131031807541, 0,-4.849211946129799, 5.925127029988019, 0,-4.849201887845993, 5.925124695593283, 0,-4.849201887845993, 5.925124695593283, 0,-4.849201887845993, 5.925124695593283, 0,-4.849191829562187, 5.925121360743635, 0,-4.849191829562187, 5.925121360743635, 0,-4.849177077412605, 5.925113023619437, 0,-4.849165007472038, 5.925104686495125, 0,-4.849165007472038, 5.925104686495125, 0,-4.849159978330135, 5.925098350280562, 0,-4.849155955016613, 5.925092014065922, 0,-4.849155955016613, 5.925092014065922, 0,-4.849152937531471, 5.925084010426279, 0,-4.849153943359852, 5.925076673756498, 0,-4.849153943359852, 5.925076673756498, 0,-4.849153943359852, 5.925076673756498, 0,-4.84915092587471, 5.925071004511605, 0,-4.849135838449001, 5.925050661926501, 0,-4.849128797650337, 5.925047994046434, 0,-4.849128797650337, 5.925047994046434, 0,-4.849119745194912, 5.925047327076407, 0,-4.849119745194912, 5.925047327076407, 0,-4.84911136329174, 5.925050995411501, 0,-4.84911136329174, 5.925050995411501, 0,-4.8490942642092705, 5.925053996776569, 0,-4.8490942642092705, 5.925053996776569, 0,-4.849085882306099, 5.925053996776569, 0,-4.84906978905201, 5.925055997686597, 0,-4.84906978905201, 5.925055997686597, 0,-4.84906978905201, 5.925055997686597, 0,-4.849063418805599, 5.9250606664766545, 0,-4.849060736596584, 5.925066002236649, 0,-4.849060736596584, 5.925066002236649, 0,-4.849060066044331, 5.9250723384515815, 0,-4.849060066044331, 5.9250723384515815, 0,-4.849061742424965, 5.925079341636426, 0,-4.849061742424965, 5.925079341636426, 0,-4.849064759910107, 5.925099684220474, 0,-4.84906442463398, 5.9251100222547, 0,-4.84906442463398, 5.9251100222547, 0,-4.849060736596584, 5.9251210272586725, 0,-4.849060736596584, 5.9251210272586725, 0,-4.849055036902428, 5.925131365292503, 0,-4.849049672484398, 5.925142703780993, 0,-4.849049672484398, 5.925142703780993, 0,-4.849049672484398, 5.925142703780993, 0,-4.849043972790241, 5.925147039085362, 0,-4.849025197327137, 5.925154709239139, 0,-4.849025197327137, 5.925154709239139, 0,-4.849021174013615, 5.925156043178924, 0,-4.849021174013615, 5.925156043178924, 0,-4.849016480147839, 5.925158044088583, 0,-4.849016480147839, 5.925158044088583, 0,-4.849010445177555, 5.9251597115132935, 0,-4.849010445177555, 5.9251597115132935, 0,-4.8490020632743835, 5.925161378938003, 0,-4.848992340266705, 5.92516438030246, 0,-4.848992340266705, 5.92516438030246, 0,-4.848982281982899, 5.925166381212094, 0,-4.848951771855354, 5.9251600449982424, 0,-4.848946742713451, 5.92515871105847, 0,-4.848929308354855, 5.92516704818198, 0,-4.848912879824638, 5.925179053639592, 0,-4.848912879824638, 5.925179053639592, 0,-4.848903156816959, 5.925185056368303, 0,-4.848903156816959, 5.925185056368303, 0,-4.848903156816959, 5.925185056368303, 0,-4.848903156816959, 5.925185056368303, 0,-4.848903156816959, 5.925185056368303, 0,-4.848903156816959, 5.925185056368303, 0,-4.848882704973221, 5.925179053639592, 0,-4.848882704973221, 5.925179053639592, 0,-4.848871976137161, 5.925173384395742, 0,-4.848871976137161, 5.925173384395742, 0,-4.848871976137161, 5.925173384395742, 0,-4.848867952823639, 5.925166714697044, 0,-4.848867952823639, 5.925166714697044, 0,-4.848866946995258, 5.925161045453066, 0,-4.8488666117191315, 5.925154375754202, 0,-4.8488666117191315, 5.925144037720803, 0,-4.8488666117191315, 5.925144037720803, 0,-4.848866946995258, 5.92513269923234, 0,-4.848866946995258, 5.92513269923234, 0,-4.848865270614624, 5.925124362108308, 0,-4.848865270614624, 5.925124362108308, 0,-4.84886359423399, 5.925104686495125, 0,-4.84886359423399, 5.925104686495125, 0,-4.84885822981596, 5.925096015885699, 0,-4.84885822981596, 5.925096015885699, 0,-4.84885822981596, 5.925096015885699, 0,-4.848851524293423, 5.92508767876112, 0,-4.848831743001938, 5.925077674211475, 0,-4.848831743001938, 5.925077674211475, 0,-4.848831743001938, 5.925077674211475, 0,-4.848825037479401, 5.925076006786523, 0,-4.848825037479401, 5.925076006786523, 0,-4.848815985023975, 5.925072004966594, 0,-4.848815985023975, 5.925072004966594, 0,-4.848807267844677, 5.925070004056617, 0,-4.848781451582909, 5.925069670571617, 0,-4.848781451582909, 5.925069670571617, 0,-4.848775081336498, 5.925070004056617, 0,-4.848775081336498, 5.925070004056617, 0,-4.8487663641572, 5.925069003601628, 0,-4.8487663641572, 5.925069003601628, 0,-4.8487663641572, 5.925069003601628, 0,-4.848755300045013, 5.925066002236649, 0,-4.8487439006567, 5.925067336176639, 0,-4.848722442984581, 5.925055330716583, 0,-4.848722778260708, 5.925051662381527, 0,-4.848722778260708, 5.925051662381527, 0,-4.848720766603947, 5.925050661926501, 0,-4.848717749118805, 5.925050328441488, 0,-4.848717749118805, 5.925050328441488, 0,-4.848711378872395, 5.925047660561433, 0,-4.848701655864716, 5.925047994046434, 0,-4.848701655864716, 5.925047994046434, 0,-4.84869159758091, 5.925049327986461, 0,-4.84869159758091, 5.925049327986461, 0,-4.84869159758091, 5.925049327986461, 0,-4.8486825451254845, 5.925050661926501, 0,-4.8486825451254845, 5.925050661926501, 0,-4.848672486841679, 5.925049327986461, 0,-4.848672486841679, 5.925049327986461, 0,-4.848653040826321, 5.925041991316221, 0,-4.848653040826321, 5.925041991316221, 0,-4.848653040826321, 5.925041991316221, 0,-4.848643317818642, 5.925035321615932, 0,-4.848643317818642, 5.925035321615932, 0,-4.848634265363216, 5.9250293188855805, 0,-4.848634265363216, 5.9250293188855805, 0,-4.848623536527157, 5.925023649640204, 0,-4.848623536527157, 5.925023649640204, 0,-4.848611801862717, 5.925020981759997, 0,-4.848589338362217, 5.925019647819906, 0,-4.848578944802284, 5.925016646454647, 0,-4.848559834063053, 5.925005641448614, 0,-4.84854944050312, 5.924989967651748, 0,-4.84854944050312, 5.924989967651748, 0,-4.848545752465725, 5.924991635076954, 0,-4.84852597117424, 5.924982964465759, 0,-4.84852597117424, 5.924982964465759, 0,-4.84852597117424, 5.924982964465759, 0,-4.848515912890434, 5.924977962190014, 0,-4.848505854606628, 5.9249716259739875, 0,-4.848496802151203, 5.924964956272833, 0,-4.848496802151203, 5.924964956272833, 0,-4.848486743867397, 5.924958286571602, 0,-4.848486743867397, 5.924958286571602, 0,-4.848460927605629, 5.924940945348016, 0,-4.84845656901598, 5.9249399448927855, 0,-4.84845656901598, 5.9249399448927855, 0,-4.848450869321823, 5.924933942161416, 0,-4.848450869321823, 5.924933942161416, 0,-4.848428405821323, 5.924902928048256, 0,-4.848428405821323, 5.924902928048256, 0,-4.848426394164562, 5.924900927137669, 0,-4.848426394164562, 5.924900927137669, 0,-4.8484233766794205, 5.924898259256876, 0,-4.8484233766794205, 5.924898259256876, 0,-4.8484233766794205, 5.924898259256876, 0,-4.848419018089771, 5.924894924405879, 0,-4.848416335880756, 5.924883919397403, 0,-4.848420023918152, 5.924871580448239, 0,-4.848420023918152, 5.924871580448239, 0,-4.848420023918152, 5.924871580448239, 0,-4.8484257236123085, 5.924857574073181, 0,-4.8484257236123085, 5.924857574073181, 0,-4.848443828523159, 5.9248515713409216, 0,-4.84846830368042, 5.92484990391527, 0,-4.84846830368042, 5.92484990391527, 0,-4.84846830368042, 5.92484990391527, 0,-4.848478026688099, 5.92484990391527, 0,-4.848478026688099, 5.92484990391527, 0,-4.848485738039017, 5.924851237855794, 0,-4.848492443561554, 5.9248542392219425, 0,-4.848492443561554, 5.9248542392219425, 0,-4.848500490188599, 5.9248549061921985, 0,-4.848500490188599, 5.9248549061921985, 0,-4.8485105484724045, 5.924857907558322, 0,-4.84852060675621, 5.924859574983935, 0,-4.84852060675621, 5.924859574983935, 0,-4.848529323935509, 5.924857240588066, 0,-4.848529323935509, 5.924857240588066, 0,-4.848544746637344, 5.924848903459887, 0,-4.848552457988262, 5.924845235123457, 0,-4.848552457988262, 5.924845235123457, 0,-4.848558492958546, 5.924843234212653, 0,-4.8485662043094635, 5.92484056633158, 0,-4.848573245108128, 5.924838565420764, 0,-4.848573245108128, 5.924838565420764, 0,-4.848579950630665, 5.924835564054538, 0,-4.848579950630665, 5.924835564054538, 0,-4.8485879972577095, 5.924830895262597, 0,-4.848593696951866, 5.924827226926028, 0,-4.848593696951866, 5.924827226926028, 0,-4.84859973192215, 5.924821891163718, 0,-4.848614484071732, 5.9248072178170945, 0,-4.848614484071732, 5.9248072178170945, 0,-4.848622195422649, 5.92480221553976, 0,-4.848622195422649, 5.92480221553976, 0,-4.848622195422649, 5.92480221553976, 0,-4.8486292362213135, 5.924796212806876, 0,-4.84863493591547, 5.924790543559094, 0,-4.84863493591547, 5.924790543559094, 0,-4.848639629781246, 5.9247862082519385, 0,-4.848639629781246, 5.9247862082519385, 0,-4.848643317818642, 5.924778871578214, 0,-4.848643317818642, 5.924778871578214, 0,-4.84864667057991, 5.924770867934017, 0,-4.84864667057991, 5.924770867934017, 0,-4.848650023341179, 5.924764865200802, 0,-4.848650023341179, 5.924764865200802, 0,-4.8486533761024475, 5.924759862923073, 0,-4.8486533761024475, 5.924759862923073, 0,-4.848657064139843, 5.924754860645305, 0,-4.848657064139843, 5.924754860645305, 0,-4.848659075796604, 5.924748524426722, 0,-4.848666451871395, 5.92472884880013, 0,-4.848666451871395, 5.92472884880013, 0,-4.848672151565552, 5.924721845610846, 0,-4.848672151565552, 5.924721845610846, 0,-4.848683886229992, 5.924700502557216, 0,-4.848685562610626, 5.92469016451532, 0,-4.848685562610626, 5.92469016451532, 0,-4.848685562610626, 5.924679826473231, 0,-4.848685227334499, 5.92467182282761, 0,-4.848676510155201, 5.924660484329439, 0,-4.848676845431328, 5.924652480683551, 0,-4.848682880401611, 5.924646477949039, 0,-4.848682880401611, 5.924646477949039, 0,-4.84869260340929, 5.92464080869973, 0,-4.84869260340929, 5.92464080869973, 0,-4.848702996969223, 5.924634472479837, 0,-4.848711714148521, 5.9246311376272365, 0,-4.848716743290424, 5.924625468377763, 0,-4.848716743290424, 5.924625468377763, 0,-4.848716743290424, 5.924625468377763, 0,-4.848720096051693, 5.9246164642755375, 0,-4.8487211018800735, 5.924599790011786, 0,-4.8487211018800735, 5.924599790011786, 0,-4.848719425499439, 5.9245921198502876, 0,-4.848719425499439, 5.9245921198502876, 0,-4.8487211018800735, 5.924583782718114, 0,-4.8487211018800735, 5.924583782718114, 0,-4.848724454641342, 5.924577779982863, 0,-4.848729148507118, 5.924571443762244, 0,-4.848729148507118, 5.924571443762244, 0,-4.848732836544514, 5.924563773600351, 0,-4.848732836544514, 5.924563773600351, 0,-4.848737865686417, 5.924557103894274, 0,-4.848741553723812, 5.924551434644036, 0,-4.848741553723812, 5.924551434644036, 0,-4.848744906485081, 5.924544097967182, 0,-4.848748594522476, 5.924536094319601, 0,-4.848758652806282, 5.924517419141433, 0,-4.848762005567551, 5.924509415493459, 0,-4.848762005567551, 5.924509415493459, 0,-4.848767705261707, 5.9245034127574066, 0,-4.848767705261707, 5.9245034127574066, 0,-4.8487720638513565, 5.924497076535948, 0,-4.848774075508118, 5.924490406829056, 0,-4.848775416612625, 5.924482403180686, 0,-4.848777763545513, 5.924451389042159, 0,-4.848777763545513, 5.924451389042159, 0,-4.84878346323967, 5.924437049171083, 0,-4.848788492381573, 5.9244347147734215, 0,-4.848802238702774, 5.92442704460962, 0,-4.848802238702774, 5.92442704460962, 0,-4.848807603120804, 5.924422709299614, 0,-4.848818331956863, 5.924400032292815, 0,-4.848818331956863, 5.924400032292815, 0,-4.848819337785244, 5.924393362584765, 0,-4.848819337785244, 5.924393362584765, 0,-4.848819673061371, 5.9243880268182565, 0,-4.848819673061371, 5.9243880268182565, 0,-4.848822019994259, 5.9243793561975835, 0,-4.848822019994259, 5.9243793561975835, 0,-4.848822019994259, 5.9243793561975835, 0,-4.848826043307781, 5.924371019062178, 0,-4.84885185956955, 5.924335669606711, 0,-4.848855547606945, 5.924332334752304, 0,-4.848855547606945, 5.924332334752304, 0,-4.848855547606945, 5.924332334752304, 0,-4.848862253129482, 5.924326665499764, 0,-4.848862253129482, 5.924326665499764, 0,-4.848868623375893, 5.924313659567241, 0,-4.848868623375893, 5.924313659567241, 0,-4.848874323070049, 5.924306989858148, 0,-4.848874323070049, 5.924306989858148, 0,-4.848878346383572, 5.924301654090812, 0,-4.848878346383572, 5.924301654090812, 0,-4.848883040249348, 5.924295317867026, 0,-4.848887734115124, 5.924289982099576, 0,-4.848887734115124, 5.924289982099576, 0,-4.848891757428646, 5.92428131147735, 0,-4.848891757428646, 5.92428131147735, 0,-4.848894774913788, 5.92427264085501, 0,-4.848894774913788, 5.92427264085501, 0,-4.848897121846676, 5.924265637659925, 0,-4.848896116018295, 5.9242573005228145, 0,-4.848896116018295, 5.9242573005228145, 0,-4.848896786570549, 5.924248963385577, 0,-4.848896786570549, 5.924248963385577, 0,-4.8488981276750565, 5.924239625791709, 0,-4.8488981276750565, 5.924239625791709, 0,-4.848898462951183, 5.924230955168708, 0,-4.848898462951183, 5.924230955168708, 0,-4.848897457122803, 5.924219950147001, 0,-4.848897457122803, 5.924219950147001, 0,-4.848895445466042, 5.924208278154034, 0,-4.848895110189915, 5.924194271762158, 0,-4.848895110189915, 5.924194271762158, 0,-4.848895110189915, 5.92417826445673, 0,-4.84889343380928, 5.924167926405049, 0,-4.848890416324139, 5.924156254410988, 0,-4.848890416324139, 5.924156254410988, 0,-4.848890416324139, 5.924156254410988, 0,-4.848889410495758, 5.924148250757771, 0,-4.848889410495758, 5.924148250757771, 0,-4.848894439637661, 5.924140247104453, 0,-4.848894439637661, 5.924140247104453, 0,-4.84889879822731, 5.924130576023193, 0,-4.84890416264534, 5.924119570999476, 0,-4.848911873996258, 5.924107565518824, 0,-4.848911873996258, 5.924107565518824, 0,-4.848916903138161, 5.924102896720713, 0,-4.848916903138161, 5.924102896720713, 0,-4.848923273384571, 5.924098227922578, 0,-4.848923273384571, 5.924098227922578, 0,-4.848929978907108, 5.924096227009076, 0,-4.848929978907108, 5.924096227009076, 0,-4.8489366844296455, 5.92409589352349, 0,-4.8489366844296455, 5.92409589352349, 0,-4.848945736885071, 5.92409355912439, 0,-4.848951771855354, 5.924089223811764, 0,-4.848951771855354, 5.924089223811764, 0,-4.848959483206272, 5.9240878898694085, 0,-4.848959483206272, 5.9240878898694085, 0,-4.848959483206272, 5.9240878898694085, 0,-4.848968870937824, 5.924085221984685, 0,-4.848979935050011, 5.9240795527296015, 0,-4.848988987505436, 5.924072883017684, 0,-4.848988987505436, 5.924072883017684, 0,-4.848999045789242, 5.924068547704879, 0,-4.848999045789242, 5.924068547704879, 0,-4.849010109901428, 5.924063878906451, 0,-4.849010109901428, 5.924063878906451, 0,-4.8490191623568535, 5.924057876165552, 0,-4.8490191623568535, 5.924057876165552, 0,-4.8490288853645325, 5.924049539025287, 0,-4.8490288853645325, 5.924049539025287, 0,-4.8490386083722115, 5.924041201884919, 0,-4.8490386083722115, 5.924041201884919, 0,-4.849049672484398, 5.9240328647444125, 0,-4.849049672484398, 5.9240328647444125, 0,-4.849058054387569, 5.924028529431302, 0,-4.849066436290741, 5.924024861089427, 0,-4.8490748181939125, 5.924022526690022, 0,-4.849084205925465, 5.924020859261865, 0,-4.849084205925465, 5.924020859261865, 0,-4.8490942642092705, 5.92401919183372, 0,-4.8490942642092705, 5.92401919183372, 0,-4.849102981388569, 5.924016857434302, 0,-4.849102981388569, 5.924016857434302, 0,-4.849112704396248, 5.924015523491768, 0,-4.849112704396248, 5.924015523491768, 0,-4.849122762680054, 5.924012522121052, 0,-4.849122762680054, 5.924012522121052, 0,-4.849122762680054, 5.924012522121052, 0,-4.849129803478718, 5.924007186350879, 0,-4.849129803478718, 5.924007186350879, 0,-4.849136844277382, 5.924003518008852, 0,-4.8491425439715385, 5.9239998496667985, 0,-4.8491499200463295, 5.923994180410849, 0,-4.8491499200463295, 5.923994180410849, 0,-4.8491572961211205, 5.923988177669175, 0,-4.8491572961211205, 5.923988177669175, 0,-4.8491572961211205, 5.923988177669175, 0,-4.849166348576546, 5.923981507956151, 0,-4.849175401031971, 5.92397617218566, 0,-4.849184118211269, 5.9239715033864435, 0,-4.849193170666695, 5.92396149881657, 0,-4.849193170666695, 5.92396149881657, 0,-4.849195182323456, 5.923962165787894, 0,-4.849195182323456, 5.923962165787894, 0,-4.849195182323456, 5.923962165787894, 0,-4.849200546741486, 5.923960164873909, 0,-4.849200546741486, 5.923960164873909, 0,-4.849208928644657, 5.923959831388235, 0,-4.849230721592903, 5.923964500187553, 0,-4.849241450428963, 5.9239661676158635, 0,-4.849241450428963, 5.9239661676158635, 0,-4.8492491617798805, 5.923966501101538, 0,-4.849257543683052, 5.9239661676158635, 0,-4.849257543683052, 5.9239661676158635, 0,-4.849263243377209, 5.9239691689868215, 0,-4.849263243377209, 5.9239691689868215, 0,-4.849268943071365, 5.923970169443808, 0,-4.849268943071365, 5.923970169443808, 0,-4.849276654422283, 5.92397050292947, 0,-4.849286042153835, 5.92396883550116, 0,-4.849292077124119, 5.9239661676158635, 0,-4.849292077124119, 5.9239661676158635, 0,-4.849297106266022, 5.923963833216217, 0,-4.849297106266022, 5.923963833216217, 0,-4.849301800131798, 5.923960831845233, 0,-4.849311858415604, 5.923943824076, 0,-4.849311858415604, 5.923943824076, 0,-4.849316887557507, 5.923932152077206, 0,-4.849316887557507, 5.923932152077206, 0,-4.849316887557507, 5.923932152077206, 0,-4.8493195697665215, 5.923920813563857, 0,-4.8493195697665215, 5.923920813563857, 0,-4.8493195697665215, 5.923920813563857, 0,-4.84932292252779, 5.923909141564567, 0,-4.849329963326454, 5.923901137907776, 0,-4.849329963326454, 5.923901137907776, 0,-4.849334992468357, 5.923895468650809, 0,-4.849334992468357, 5.923895468650809, 0,-4.849340356886387, 5.923890799850905, 0,-4.849340356886387, 5.923890799850905, 0,-4.849346727132797, 5.923886131050987, 0,-4.849346727132797, 5.923886131050987, 0,-4.849346727132797, 5.923886131050987, 0,-4.849355444312096, 5.923882462708133, 0,-4.849355444312096, 5.923882462708133, 0,-4.849364161491394, 5.923879127850991, 0,-4.849364161491394, 5.923879127850991, 0,-4.849364161491394, 5.923879127850991, 0,-4.849371537566185, 5.923876126479549, 0,-4.849371537566185, 5.923876126479549, 0,-4.849378243088722, 5.923877126936701, 0,-4.849378243088722, 5.923877126936701, 0,-4.849386289715767, 5.923879461336717, 0,-4.849392995238304, 5.923880795279568, 0,-4.849397353827953, 5.923883796650997, 0,-4.849397353827953, 5.923883796650997, 0,-4.849404394626617, 5.923886798022401, 0,-4.849411100149155, 5.923890466365204, 0,-4.849411100149155, 5.923890466365204, 0,-4.8494188115000725, 5.923894134707982, 0,-4.849427193403244, 5.923898470022149, 0,-4.849427193403244, 5.923898470022149, 0,-4.849430546164513, 5.923902471850589, 0,-4.849430546164513, 5.923902471850589, 0,-4.849437586963177, 5.9239054732218905, 0,-4.849437586963177, 5.9239054732218905, 0,-4.849447309970856, 5.9239054732218905, 0,-4.849447309970856, 5.9239054732218905, 0,-4.8494550213217735, 5.923906140193278, 0,-4.849464073777199, 5.923907140650379, 0,-4.849464073777199, 5.923907140650379, 0,-4.849473796784878, 5.923907140650379, 0,-4.849473796784878, 5.923907140650379, 0,-4.849473796784878, 5.923907140650379, 0,-4.849483855068684, 5.923911142478755, 0,-4.849492572247982, 5.923912142935843, 0,-4.849499948322773, 5.923911142478755, 0,-4.849499948322773, 5.923911142478755, 0,-4.849507994949818, 5.923909808535967, 0,-4.849507994949818, 5.923909808535967, 0,-4.849514029920101, 5.923906807164691, 0,-4.849514029920101, 5.923906807164691, 0,-4.849521405994892, 5.92390413927909, 0,-4.849521405994892, 5.92390413927909, 0,-4.849529452621937, 5.92390513973619, 0,-4.849529452621937, 5.92390513973619, 0,-4.849539175629616, 5.92390513973619, 0,-4.849556274712086, 5.9239104755073555, 0,-4.849555939435959, 5.923910808993055, 0,-4.849555939435959, 5.923910808993055, 0,-4.849558956921101, 5.923922147506607, 0,-4.849560298025608, 5.923930151163094, 0,-4.84956331551075, 5.923938154819478, 0,-4.84956867992878, 5.923946825447072, 0,-4.849573038518429, 5.923953828646203, 0,-4.849573038518429, 5.923953828646203, 0,-4.849590137600899, 5.923960164873909, 0,-4.849596172571182, 5.923963166244893, 0,-4.849596172571182, 5.923963166244893, 0,-4.849606230854988, 5.92396516715889, 0,-4.849606230854988, 5.92396516715889, 0,-4.849615283310413, 5.923966834587188, 0,-4.849615283310413, 5.923966834587188, 0,-4.849622994661331, 5.923970836415132, 0,-4.849622994661331, 5.923970836415132, 0,-4.849630035459995, 5.9239735043004025, 0,-4.849630035459995, 5.9239735043004025, 0,-4.849640093743801, 5.923973837786065, 0,-4.849640093743801, 5.923973837786065, 0,-4.849649146199226, 5.9239748382430255, 0,-4.849657528102398, 5.923975171728687, 0,-4.849657528102398, 5.923975171728687, 0,-4.849664904177189, 5.923972503843429, 0,-4.849674962460995, 5.92397050292947, 0,-4.849674962460995, 5.92397050292947, 0,-4.849683009088039, 5.923970836415132, 0,-4.849683009088039, 5.923970836415132, 0,-4.8496923968195915, 5.923972503843429, 0,-4.8496923968195915, 5.923972503843429, 0,-4.8496997728943825, 5.923974504757376, 0,-4.8496997728943825, 5.923974504757376, 0,-4.849707819521427, 5.923978840070906, 0,-4.849715866148472, 5.923983842355722, 0,-4.849715866148472, 5.923983842355722, 0,-4.849723242223263, 5.923988844640474, 0,-4.849723242223263, 5.923988844640474, 0,-4.849729612469673, 5.923995514353422, 0,-4.849729612469673, 5.923995514353422, 0,-4.849737659096718, 5.924001850580644, 0,-4.849737659096718, 5.924001850580644, 0,-4.849746040999889, 5.924008186807789, 0,-4.849746040999889, 5.924008186807789, 0,-4.849754758179188, 5.924011188178518, 0,-4.849754758179188, 5.924011188178518, 0,-4.849761798977852, 5.924012855606701, 0,-4.849761798977852, 5.924012855606701, 0,-4.849770851433277, 5.924013189092338, 0,-4.849770851433277, 5.924013189092338, 0,-4.849780909717083, 5.924013522577962, 0,-4.849789626896381, 5.924012188635441, 0,-4.849789626896381, 5.924012188635441, 0,-4.8497990146279335, 5.924014189549235, 0,-4.849807731807232, 5.9240185248624595, 0,-4.849807731807232, 5.9240185248624595, 0,-4.849816113710403, 5.924022526690022, 0,-4.849816113710403, 5.924022526690022, 0,-4.849822148680687, 5.92402752897443, 0,-4.849822148680687, 5.92402752897443, 0,-4.849829524755478, 5.924033865201284, 0,-4.849829524755478, 5.924033865201284, 0,-4.849829524755478, 5.924033865201284, 0,-4.849837571382523, 5.924039200971214, 0,-4.849860705435276, 5.924046537654774, 0,-4.849867075681686, 5.924049539025287, 0,-4.849867075681686, 5.924049539025287, 0,-4.849873445928097, 5.924051539938966, 0,-4.849873445928097, 5.924051539938966, 0,-4.849873445928097, 5.924051539938966, 0,-4.849880151450634, 5.9240522069102015, 0,-4.849887862801552, 5.924053207367022, 0,-4.8499103263020515, 5.924048205082842, 0,-4.849909991025925, 5.924048205082842, 0,-4.849909991025925, 5.924048205082842, 0,-4.849909991025925, 5.924048205082842, 0,-4.849909991025925, 5.924048205082842, 0,-4.849909991025925, 5.924048205082842, 0,-4.849909991025925, 5.924048205082842, 0,-4.849909991025925, 5.924048205082842, 0,-4.849934130907059, 5.924053874338231, 0,-4.849952571094036, 5.924057876165552, 0,-4.849978387355804, 5.924065212848857, 0,-4.849978387355804, 5.924065212848857, 0,-4.849978387355804, 5.924065212848857, 0,-4.84998743981123, 5.924070548618483, 0,-4.84998743981123, 5.924070548618483, 0,-4.84998743981123, 5.924070548618483, 0,-4.849996156990528, 5.92407821878722, 0,-4.850003533065319, 5.924085555470284, 0,-4.850003533065319, 5.924085555470284, 0,-4.850018620491028, 5.924099228379322, 0,-4.850028343498707, 5.924105898090934, 0,-4.850037395954132, 5.924110233403446, 0,-4.850054830312729, 5.924113568259188, 0,-4.850054830312729, 5.924113568259188, 0,-4.850064553320408, 5.9241175700860635, 0,-4.850064553320408, 5.9241175700860635, 0,-4.850074276328087, 5.924118904028343, 0,-4.850096739828587, 5.924113234773615, 0,-4.850105121731758, 5.924111567345751, 0,-4.850115850567818, 5.924110233403446, 0,-4.850115850567818, 5.924110233403446, 0,-4.850124903023243, 5.924107565518824, 0,-4.850124903023243, 5.924107565518824, 0,-4.8501406610012054, 5.924107565518824, 0,-4.8501406610012054, 5.924107565518824, 0,-4.8501406610012054, 5.924107565518824, 0,-4.850147366523743, 5.924111233860165, 0,-4.850147366523743, 5.924111233860165, 0,-4.8501550778746605, 5.924113234773615, 0,-4.8501550778746605, 5.924113234773615, 0,-4.850165471434593, 5.92411490220148, 0,-4.85018827021122, 5.924117903571624, 0,-4.85018827021122, 5.924117903571624, 0,-4.850198999047279, 5.924118904028343, 0,-4.850198999047279, 5.924118904028343, 0,-4.850206710398197, 5.924118904028343, 0,-4.850206710398197, 5.924118904028343, 0,-4.850217439234257, 5.924118570542783, 0,-4.850227497518063, 5.924115902658199, 0,-4.850227497518063, 5.924115902658199, 0,-4.850238561630249, 5.924113234773615, 0,-4.850248955190182, 5.924112567802469, 0,-4.850248955190182, 5.924112567802469, 0,-4.850259348750114, 5.9241129012880425, 0,-4.850259348750114, 5.9241129012880425, 0,-4.85026940703392, 5.924113901744761, 0,-4.8502784594893456, 5.924110233403446, 0,-4.8502784594893456, 5.924110233403446, 0,-4.850289188325405, 5.924107565518824, 0,-4.850289188325405, 5.924107565518824, 0,-4.850298576056957, 5.924105564605348, 0,-4.850298576056957, 5.924105564605348, 0,-4.850304611027241, 5.924105231119775, 0,-4.850304611027241, 5.924105231119775, 0,-4.850310981273651, 5.924106898547666, 0,-4.850310981273651, 5.924106898547666, 0,-4.850317686796188, 5.924104897634189, 0,-4.850317686796188, 5.924104897634189, 0,-4.850317686796188, 5.924104897634189, 0,-4.850325398147106, 5.924102563235141, 0,-4.85034417361021, 5.924100562321652, 0,-4.850353896617889, 5.92409722746582, 0,-4.850353896617889, 5.92409722746582, 0,-4.850353896617889, 5.92409722746582, 0,-4.850363954901695, 5.924096227009076, 0,-4.850363954901695, 5.924096227009076, 0,-4.850374013185501, 5.92409589352349, 0,-4.8503850772976875, 5.9240952265523195, 0,-4.8503850772976875, 5.9240952265523195, 0,-4.85039446502924, 5.924093892609976, 0,-4.850400499999523, 5.924091558210876, 0,-4.850409217178822, 5.924088223354982, 0,-4.850419946014881, 5.924082887585547, 0,-4.850419946014881, 5.924082887585547, 0,-4.850427992641926, 5.9240798862152, 0,-4.8504383862018585, 5.9240768848448395, 0,-4.8504383862018585, 5.9240768848448395, 0,-4.850448779761791, 5.924077218330438, 0,-4.850448779761791, 5.924077218330438, 0,-4.8504578322172165, 5.924078552272818, 0,-4.8504578322172165, 5.924078552272818, 0,-4.850468561053276, 5.924077551816036, 0,-4.850478954613209, 5.924073549988881, 0,-4.850489012897015, 5.924071549075277, 0,-4.850489012897015, 5.924071549075277, 0,-4.8504990711808205, 5.924067547248084, 0,-4.8504990711808205, 5.924067547248084, 0,-4.8504990711808205, 5.924067547248084, 0,-4.850506782531738, 5.924066546791276, 0,-4.850506782531738, 5.924066546791276, 0,-4.850506782531738, 5.924066546791276, 0,-4.85051516443491, 5.924067213762473, 0,-4.85051516443491, 5.924067213762473, 0,-4.850523546338081, 5.9240688811904905, 0,-4.850531928241253, 5.924069881647285, 0,-4.850531928241253, 5.924069881647285, 0,-4.850543662905693, 5.9240688811904905, 0,-4.850556403398514, 5.924067213762473, 0,-4.850565791130066, 5.924062211478421, 0,-4.850586913526058, 5.92405287388141, 0,-4.850597977638245, 5.924050539482133, 0,-4.850597977638245, 5.924050539482133, 0,-4.850616082549095, 5.924044870226705, 0,-4.850633181631565, 5.924040534913685, 0,-4.850633181631565, 5.924040534913685, 0,-4.850636869668961, 5.924043202798624, 0,-4.850636869668961, 5.924043202798624, 0,-4.85064223408699, 5.9240442032554705, 0,-4.85064223408699, 5.9240442032554705, 0,-4.850648604333401, 5.924045870683539, 0,-4.850648604333401, 5.924045870683539, 0,-4.850660674273968, 5.92404753811162, 0,-4.850671403110027, 5.924049205539675, 0,-4.850681461393833, 5.924048538568453, 0,-4.850691519677639, 5.924046537654774, 0,-4.850691519677639, 5.924046537654774, 0,-4.850699566304684, 5.924047871597231, 0,-4.850699566304684, 5.924047871597231, 0,-4.850715659558773, 5.924048538568453, 0,-4.850715659558773, 5.924048538568453, 0,-4.8507193475961685, 5.924048538568453, 0,-4.8507193475961685, 5.924048538568453, 0,-4.850725047290325, 5.924049872510897, 0,-4.850725047290325, 5.924049872510897, 0,-4.850729741156101, 5.924054541309453, 0,-4.850729741156101, 5.924054541309453, 0,-4.850734435021877, 5.924056875708719, 0,-4.850734435021877, 5.924056875708719, 0,-4.85073946416378, 5.924059877079181, 0,-4.850746840238571, 5.924059543593582, 0,-4.850752875208855, 5.924059210107971, 0,-4.850752875208855, 5.924059210107971, 0,-4.8507605865597725, 5.924060210564792, 0,-4.8507605865597725, 5.924060210564792, 0,-4.850767627358437, 5.924060210564792, 0,-4.850776679813862, 5.924061211021613, 0,-4.850776679813862, 5.924061211021613, 0,-4.850776679813862, 5.924061211021613, 0,-4.850786738097668, 5.924061544507223, 0,-4.850798137485981, 5.924061211021613, 0,-4.850798137485981, 5.924061211021613, 0,-4.850807525217533, 5.924061544507223, 0,-4.850807525217533, 5.924061544507223, 0,-4.850817583501339, 5.924063211935229, 0,-4.850817583501339, 5.924063211935229, 0,-4.850825294852257, 5.924064879363258, 0,-4.850834347307682, 5.92406454587766, 0,-4.850850775837898, 5.924067547248084, 0,-4.850850775837898, 5.924067547248084, 0,-4.850859493017197, 5.924071549075277, 0,-4.850859493017197, 5.924071549075277, 0,-4.850868210196495, 5.924073549988881, 0,-4.850868210196495, 5.924073549988881, 0,-4.850876592099667, 5.924073883474467, 0,-4.850876592099667, 5.924073883474467, 0,-4.850885979831219, 5.924076551359254, 0,-4.850895702838898, 5.924075884388057, 0,-4.850895702838898, 5.924075884388057, 0,-4.8509057611227036, 5.9240768848448395, 0,-4.8509057611227036, 5.9240768848448395, 0,-4.850914478302002, 5.924078552272818, 0,-4.850914478302002, 5.924078552272818, 0,-4.850921854376793, 5.924080553186384, 0,-4.850921854376793, 5.924080553186384, 0,-4.850930906832218, 5.924080886671982, 0,-4.850939624011517, 5.924081553643179, 0,-4.850939624011517, 5.924081553643179, 0,-4.850939624011517, 5.924081553643179, 0,-4.850948005914688, 5.9240798862152, 0,-4.850948005914688, 5.9240798862152, 0,-4.85095739364624, 5.924079219244016, 0,-4.85095739364624, 5.924079219244016, 0,-4.850965104997158, 5.924075884388057, 0,-4.850974157452583, 5.924072549532085, 0,-4.850982539355755, 5.924067547248084, 0,-4.850982539355755, 5.924067547248084, 0,-4.850982539355755, 5.924067547248084, 0,-4.851008355617523, 5.924068214219281, 0,-4.851008355617523, 5.924068214219281, 0,-4.851008355617523, 5.924068214219281, 0,-4.851008355617523, 5.924068214219281, 0,-4.851008355617523, 5.924068214219281, 0,-4.851008355617523, 5.924068214219281, 0,-4.851025454699993, 5.924060544050403, 0,-4.851045571267605, 5.92405820965115, 0,-4.851051941514015, 5.924059877079181, 0,-4.851051941514015, 5.924059877079181, 0,-4.851051941514015, 5.924059877079181, 0,-4.851056300103664, 5.924061544507223, 0,-4.851056300103664, 5.924061544507223, 0,-4.851062335073948, 5.924075884388057, 0,-4.851062335073948, 5.924075884388057, 0,-4.851068370044231, 5.924083554556718, 0,-4.851068370044231, 5.924083554556718, 0,-4.851073734462261, 5.9240905577541065, 0,-4.851073734462261, 5.9240905577541065, 0,-4.851077422499657, 5.924099895350493, 0,-4.851082116365433, 5.92410989991786, 0,-4.851082116365433, 5.92410989991786, 0,-4.8510925099253654, 5.924127241167552, 0,-4.851099215447903, 5.924134244364381, 0,-4.851099215447903, 5.924134244364381, 0,-4.851108267903328, 5.9241409140755605, 0,-4.851108267903328, 5.9241409140755605, 0,-4.851116314530373, 5.924145916358913, 0,-4.851127043366432, 5.924150585156642, 0,-4.851137436926365, 5.9241542534977025, 0,-4.85114648938179, 5.924154920468798, 0,-4.85114648938179, 5.924154920468798, 0,-4.85115721821785, 5.9241532530410606, 0,-4.85115721821785, 5.9241532530410606, 0,-4.851167276501656, 5.924152252584405, 0,-4.851167276501656, 5.924152252584405, 0,-4.8511753231287, 5.924151585613298, 0,-4.851198457181454, 5.924147917272224, 0,-4.851198457181454, 5.924147917272224, 0,-4.851204492151737, 5.924143581960017, 0,-4.851204492151737, 5.924143581960017, 0</coordinates>
                </LinearRing>
            </outerBoundaryIs>
        </Polygon>
    </MultiGeometry>
  </Placemark><Placemark>
	<Style><LineStyle><color>ff0000ff</color></LineStyle><PolyStyle><fill>0</fill></PolyStyle></Style>
	<ExtendedData><SchemaData schemaUrl="#programmeband_1">
		<SimpleData name="N°">14</SimpleData>
		<SimpleData name="Cooperative">COOP CA SCAAB</SimpleData>
		<SimpleData name="Code_CCC">COOP CA SCAAB</SimpleData>
		<SimpleData name="Code_Producteur">SCAAB-TIA-245</SimpleData>
		<SimpleData name="Code_Parcelle">SCAAB-TIA-245-P1</SimpleData>
		<SimpleData name="Section">TIASSALE</SimpleData>
		<SimpleData name="Localite">TIASSALE</SimpleData>
		<SimpleData name="Sous-Prefecture">TIASSALE</SimpleData>
		<SimpleData name="Region ">AGNEBY-TIASSA</SimpleData>
		<SimpleData name="Nom">KOUAME</SimpleData>
		<SimpleData name="Prenoms">AMELAN MADELENE</SimpleData>
		<SimpleData name="Genre">Femme</SimpleData>
		<SimpleData name="Programme">Mondelez</SimpleData>
		<SimpleData name="Departement"></SimpleData>
		<SimpleData name="Statut">Candidat</SimpleData>
	</SchemaData>
    </ExtendedData>
      <MultiGeometry>
        <Polygon>
            <outerBoundaryIs>
                <LinearRing>
                    <coordinates>-4.909098297357559, 5.974933423793746, 0,-4.909098297357559, 5.974933423793746, 0,-4.909098297357559, 5.974933423793746, 0,-4.909098297357559, 5.974933423793746, 0,-4.909098297357559, 5.974933423793746, 0,-4.909108690917492, 5.9749400928886995, 0,-4.909108690917492, 5.9749400928886995, 0,-4.909113049507141, 5.974947428893045, 0,-4.909114055335522, 5.974960100173063, 0,-4.909113384783268, 5.97496810308661, 0,-4.909113384783268, 5.97496810308661, 0,-4.90911103785038, 5.974975439090586, 0,-4.909109026193619, 5.974981107820866, 0,-4.909109026193619, 5.974981107820866, 0,-4.909107685089111, 5.974985442732221, 0,-4.909107685089111, 5.974985442732221, 0,-4.9091096967458725, 5.974990111098247, 0,-4.909111708402634, 5.974995112918943, 0,-4.909111708402634, 5.974995112918943, 0,-4.909118413925171, 5.975011452199588, 0,-4.909118413925171, 5.975011452199588, 0,-4.9091170728206635, 5.9750224562046625, 0,-4.9091170728206635, 5.9750224562046625, 0,-4.9091217666864395, 5.975058802765243, 0,-4.909120090305805, 5.975063137675975, 0,-4.909120090305805, 5.975063137675975, 0,-4.909120090305805, 5.975063137675975, 0,-4.909120090305805, 5.975063137675975, 0,-4.909120090305805, 5.975063137675975, 0,-4.909120090305805, 5.975063137675975, 0,-4.909128472208977, 5.975077476226637, 0,-4.90912813693285, 5.975082478046532, 0,-4.90912813693285, 5.975082478046532, 0,-4.909123443067074, 5.975100151143163, 0,-4.909123443067074, 5.975100151143163, 0,-4.909123443067074, 5.975100151143163, 0,-4.909123443067074, 5.975100151143163, 0,-4.909123443067074, 5.975100151143163, 0,-4.909123443067074, 5.975100151143163, 0,-4.909123443067074, 5.975100151143163, 0,-4.9091023206710815, 5.97512382642267, 0,-4.909094274044037, 5.975127827878261, 0,-4.909094274044037, 5.975127827878261, 0,-4.909078851342201, 5.975129828606042, 0,-4.9090734869241714, 5.975130162060675, 0,-4.909067451953888, 5.975137498062477, 0,-4.909045323729515, 5.975160172976534, 0,-4.909039959311485, 5.975161840249582, 0,-4.909015819430351, 5.975165508250285, 0,-4.909011460840702, 5.97516950970557, 0,-4.909002743661404, 5.975180180252857, 0,-4.908994697034359, 5.975185848981012, 0,-4.908994697034359, 5.975185848981012, 0,-4.908987656235695, 5.975189516981563, 0,-4.908981956541538, 5.975191851163711, 0,-4.908966533839703, 5.975200187528455, 0,-4.908965528011322, 5.97520218825597, 0,-4.908965528011322, 5.97520218825597, 0,-4.90896251052618, 5.975202855165134, 0,-4.908956810832024, 5.9752025217105516, 0,-4.908950440585613, 5.97520518934723, 0,-4.908950440585613, 5.97520518934723, 0,-4.908940382301807, 5.975209524256817, 0,-4.908940382301807, 5.975209524256817, 0,-4.908917248249054, 5.975223195894486, 0,-4.908917248249054, 5.975223195894486, 0,-4.908880703151226, 5.975237200986368, 0,-4.908868633210659, 5.975238868259187, 0,-4.908868633210659, 5.975238868259187, 0,-4.908856563270092, 5.975245870804981, 0,-4.908846169710159, 5.975252873350674, 0,-4.908834435045719, 5.975255874441667, 0,-4.908825047314167, 5.9752602093508465, 0,-4.908825047314167, 5.9752602093508465, 0,-4.9088166654109955, 5.975268879169091, 0,-4.9088166654109955, 5.975268879169091, 0,-4.908808283507824, 5.975278882805357, 0,-4.908808283507824, 5.975278882805357, 0,-4.908800572156906, 5.975288219532371, 0,-4.908790849149227, 5.97529422171395, 0,-4.908790849149227, 5.97529422171395, 0,-4.908780455589294, 5.975294888622999, 0,-4.908769056200981, 5.9752898868050375, 0,-4.908761344850063, 5.975279216259901, 0,-4.908761344850063, 5.975279216259901, 0,-4.908754974603653, 5.975268212260005, 0,-4.908754974603653, 5.975268212260005, 0,-4.908750951290131, 5.975256207896224, 0,-4.908747263252735, 5.975244536986744, 0,-4.908740557730198, 5.975232532622441, 0,-4.908733852207661, 5.975221862076185, 0,-4.908733852207661, 5.975221862076185, 0,-4.908709041774273, 5.975192518072899, 0,-4.908709041774273, 5.975192518072899, 0,-4.908709041774273, 5.975192518072899, 0,-4.908701330423355, 5.975185848981012, 0,-4.908701330423355, 5.975185848981012, 0,-4.908693954348564, 5.975183848253433, 0,-4.908693954348564, 5.975183848253433, 0,-4.9086664617061615, 5.975174844979246, 0,-4.908632934093475, 5.975167508977941, 0,-4.908622205257416, 5.975171843887807, 0,-4.908607453107834, 5.975184515162635, 0,-4.908599741756916, 5.975189850436157, 0,-4.908593036234379, 5.975196186073386, 0,-4.908593036234379, 5.975196186073386, 0,-4.908586330711842, 5.9752025217105516, 0,-4.908586330711842, 5.9752025217105516, 0,-4.908577278256416, 5.9752065231655695, 0,-4.908577278256416, 5.9752065231655695, 0,-4.908577278256416, 5.9752065231655695, 0,-4.908562861382961, 5.975208523893072, 0,-4.908548779785633, 5.975211191529713, 0,-4.908548779785633, 5.975211191529713, 0,-4.908535368740559, 5.975214859530085, 0,-4.908524304628372, 5.975218194075863, 0,-4.908512905240059, 5.975220861712465, 0,-4.908512905240059, 5.975220861712465, 0,-4.908502511680126, 5.975224863167344, 0,-4.908502511680126, 5.975224863167344, 0,-4.90849245339632, 5.975231198804165, 0,-4.90849245339632, 5.975231198804165, 0,-4.908481054008007, 5.975237534440937, 0,-4.908470660448074, 5.975240535532006, 0,-4.908470660448074, 5.975240535532006, 0,-4.908436127007008, 5.975247204623206, 0,-4.908436127007008, 5.975247204623206, 0,-4.908424057066441, 5.975254540623455, 0,-4.908424057066441, 5.975254540623455, 0,-4.908412657678127, 5.9752595424417345, 0,-4.908412657678127, 5.9752595424417345, 0,-4.908400923013687, 5.975260876259947, 0,-4.9083878472447395, 5.975258208623535, 0,-4.9083878472447395, 5.975258208623535, 0,-4.90837711840868, 5.975251539532449, 0,-4.90837711840868, 5.975251539532449, 0,-4.908368401229382, 5.975244203532175, 0,-4.908368401229382, 5.975244203532175, 0,-4.908359013497829, 5.975238201350062, 0,-4.908341579139233, 5.975227197349338, 0,-4.908337891101837, 5.975212191893445, 0,-4.908337891101837, 5.975212191893445, 0,-4.908336214721203, 5.975203188619715, 0,-4.908336214721203, 5.975203188619715, 0,-4.908336885273457, 5.975192518072899, 0,-4.908338561654091, 5.975179846798262, 0,-4.908338561654091, 5.975179846798262, 0,-4.908343926072121, 5.975168175887142, 0,-4.908350631594658, 5.975144834064189, 0,-4.908350631594658, 5.975144834064189, 0,-4.908350631594658, 5.975144834064189, 0,-4.908351972699165, 5.9751294951514105, 0,-4.908351972699165, 5.9751294951514105, 0,-4.908354990184307, 5.975116490420678, 0,-4.908354990184307, 5.975116490420678, 0,-4.908358342945576, 5.975104486053576, 0,-4.908357337117195, 5.975093482050169, 0,-4.908357337117195, 5.975093482050169, 0,-4.908357337117195, 5.975082144591874, 0,-4.908357337117195, 5.975082144591874, 0,-4.908357001841068, 5.975070140224021, 0,-4.908357001841068, 5.975070140224021, 0,-4.908358007669449, 5.975059803129269, 0,-4.908363036811352, 5.975040129303227, 0,-4.908367395401001, 5.9750287918438385, 0,-4.908372759819031, 5.975018454748296, 0,-4.908376447856426, 5.975009451471373, 0,-4.908376447856426, 5.975009451471373, 0,-4.908392541110516, 5.974981774730309, 0,-4.908392541110516, 5.974981774730309, 0,-4.9083999171853065, 5.9749747721811435, 0,-4.9083999171853065, 5.9749747721811435, 0,-4.908412322402, 5.974957432535188, 0,-4.908412322402, 5.974957432535188, 0,-4.908419698476791, 5.974945761619335, 0,-4.908423721790314, 5.974943427436144, 0,-4.908434115350246, 5.974930089246238, 0,-4.908434115350246, 5.974930089246238, 0,-4.908437803387642, 5.974923753605917, 0,-4.908437803387642, 5.974923753605917, 0,-4.9084435030817986, 5.974906747413131, 0,-4.90844551473856, 5.974899077953454, 0,-4.90844551473856, 5.974899077953454, 0,-4.90844551473856, 5.974899077953454, 0,-4.908448867499828, 5.974894743041411, 0,-4.908449873328209, 5.974892408858004, 0,-4.908449873328209, 5.974892408858004, 0,-4.908452555537224, 5.9748907415841295, 0,-4.908464960753918, 5.974879404121636, 0,-4.9084823951125145, 5.974875402664226, 0,-4.908498488366604, 5.974871067752019, 0,-4.9085041880607605, 5.9748673997493436, 0,-4.908524975180626, 5.974864065201428, 0,-4.908529669046402, 5.974866065930178, 0,-4.908537715673447, 5.974864398656226, 0,-4.908537715673447, 5.974864398656226, 0,-4.90854274481535, 5.974862731382262, 0,-4.9085608497262, 5.974844391368351, 0,-4.9085608497262, 5.974844391368351, 0,-4.908565878868103, 5.974842724094336, 0,-4.908572249114513, 5.974843057549134, 0,-4.908607117831707, 5.974853728102782, 0,-4.908607117831707, 5.974853728102782, 0,-4.908612817525864, 5.9748500600999925, 0,-4.908616840839386, 5.974847059006786, 0,-4.908617846667767, 5.974841056820309, 0,-4.9086228758096695, 5.974828718992341, 0,-4.908627569675446, 5.97482605135383, 0,-4.908632934093475, 5.974822049896039, 0,-4.908632934093475, 5.974822049896039, 0,-4.908636622130871, 5.974818381893033, 0,-4.908635951578617, 5.974813713525544, 0,-4.908637627959251, 5.97479970842281, 0,-4.908638298511505, 5.9747903716874635, 0,-4.908638298511505, 5.9747903716874635, 0,-4.908671155571938, 5.974760360751339, 0,-4.908671155571938, 5.974760360751339, 0,-4.908671155571938, 5.974760360751339, 0,-4.908679202198982, 5.974757359657623, 0,-4.908679202198982, 5.974757359657623, 0,-4.908685237169266, 5.974753691654184, 0,-4.908688589930534, 5.974748356376425, 0,-4.908703006803989, 5.974727348719691, 0,-4.908703006803989, 5.974727348719691, 0,-4.908708035945892, 5.97472101307703, 0,-4.908708035945892, 5.97472101307703, 0,-4.908721446990967, 5.974713343614757, 0,-4.908726811408997, 5.974712343250109, 0,-4.908738546073437, 5.9747083417914775, 0,-4.908738546073437, 5.9747083417914775, 0,-4.908747263252735, 5.974705340697482, 0,-4.908747263252735, 5.974705340697482, 0,-4.908757321536541, 5.974694336686059, 0,-4.908758327364922, 5.974688667952803, 0,-4.908758327364922, 5.974688667952803, 0,-4.90875530987978, 5.974673995937064, 0,-4.90875530987978, 5.974673995937064, 0,-4.908750951290131, 5.974665993019229, 0,-4.908748269081116, 5.97466032428568, 0,-4.90874994546175, 5.974647986453654, 0,-4.90874994546175, 5.974647986453654, 0,-4.90874994546175, 5.974647986453654, 0,-4.908753298223019, 5.974640650445288, 0,-4.908759668469429, 5.9746349817114845, 0,-4.908771403133869, 5.974620976604183, 0,-4.908772744238377, 5.974599635487613, 0,-4.908770062029362, 5.974591632568672, 0,-4.908770062029362, 5.974591632568672, 0,-4.908770062029362, 5.974591632568672, 0,-4.908770062029362, 5.974591632568672, 0,-4.908770062029362, 5.974591632568672, 0,-4.908770062029362, 5.974591632568672, 0,-4.908770062029362, 5.974591632568672, 0,-4.908770062029362, 5.974591632568672, 0,-4.908770062029362, 5.974591632568672, 0,-4.908770062029362, 5.974591632568672, 0,-4.9087657034397125, 5.974570624905933, 0,-4.90876067429781, 5.974561621621657, 0,-4.908757321536541, 5.974551617972274, 0,-4.908759333193302, 5.974541614322726, 0,-4.908759333193302, 5.974541614322726, 0,-4.908761344850063, 5.974532611037967, 0,-4.908761344850063, 5.974532611037967, 0,-4.908764697611332, 5.974526942303044, 0,-4.908764697611332, 5.974526942303044, 0,-4.908771067857742, 5.974521940478059, 0,-4.908771067857742, 5.974521940478059, 0,-4.908779114484787, 5.9745169386530375, 0,-4.908779114484787, 5.9745169386530375, 0,-4.908783137798309, 5.974511936827964, 0,-4.908794537186623, 5.974485260426803, 0,-4.908800907433033, 5.974477257506209, 0,-4.908800907433033, 5.974477257506209, 0,-4.908813647925854, 5.974432907985746, 0,-4.908815324306488, 5.974429906890262, 0,-4.908815324306488, 5.974429906890262, 0,-4.9088166654109955, 5.97442790615991, 0,-4.908819682896137, 5.974424905064388, 0,-4.908819682896137, 5.974424905064388, 0,-4.908823035657406, 5.97442190396884, 0,-4.908826723694801, 5.974419903238462, 0,-4.908831417560577, 5.9744152348675765, 0,-4.908833429217339, 5.974401229754652, 0,-4.908830411732197, 5.974399562479289, 0,-4.908828400075436, 5.974395227563303, 0,-4.908826723694801, 5.974388891916786, 0,-4.908825047314167, 5.974383556635465, 0,-4.90882471203804, 5.9743772209888215, 0,-4.90882471203804, 5.974370551887011, 0,-4.908826053142548, 5.974348877305567, 0,-4.908828064799309, 5.974340540927859, 0,-4.908828064799309, 5.974340540927859, 0,-4.908829741179943, 5.974332204550036, 0,-4.908825717866421, 5.974329536909095, 0,-4.908825717866421, 5.974329536909095, 0,-4.908823370933533, 5.974329203453992, 0,-4.908823370933533, 5.974329203453992, 0,-4.90881934762001, 5.974311863787593, 0,-4.90881934762001, 5.974311863787593, 0,-4.90882471203804, 5.974305528140122, 0,-4.90882471203804, 5.974305528140122, 0,-4.90882471203804, 5.974305528140122, 0,-4.908827058970928, 5.9742958579411996, 0,-4.90883007645607, 5.974291523024399, 0,-4.90883007645607, 5.974291523024399, 0,-4.908833429217339, 5.974286854652407, 0,-4.908833429217339, 5.974286854652407, 0,-4.908836781978607, 5.974283186645812, 0,-4.908836781978607, 5.974283186645812, 0,-4.90884181112051, 5.974282853190659, 0,-4.90884181112051, 5.974282853190659, 0,-4.90885354578495, 5.974288521928114, 0,-4.90885354578495, 5.974288521928114, 0,-4.90885354578495, 5.974288521928114, 0,-4.90886963903904, 5.974295191030929, 0,-4.908878020942211, 5.9742968583066105, 0,-4.908878020942211, 5.9742968583066105, 0,-4.908885061740875, 5.974299859402845, 0,-4.908885061740875, 5.974299859402845, 0,-4.9088917672634125, 5.974299859402845, 0,-4.908899813890457, 5.974301526678527, 0,-4.908899813890457, 5.974301526678527, 0,-4.908919259905815, 5.97430619505038, 0,-4.908926635980606, 5.974311530332464, 0,-4.908926635980606, 5.974311530332464, 0,-4.9089330062270164, 5.974314197973493, 0,-4.9089330062270164, 5.974314197973493, 0,-4.908938370645046, 5.974316198704241, 0,-4.908938370645046, 5.974316198704241, 0,-4.908944740891457, 5.974321200531107, 0,-4.908953458070755, 5.9743262023579105, 0,-4.908974580466747, 5.974340540927859, 0,-4.908974580466747, 5.974340540927859, 0,-4.908982291817665, 5.974348543850477, 0,-4.908982291817665, 5.974348543850477, 0,-4.908986650407314, 5.974356880228045, 0,-4.908992350101471, 5.97436988497683, 0,-4.908995367586613, 5.9743765540786535, 0,-4.908995367586613, 5.9743765540786535, 0,-4.908997043967247, 5.9743832231803875, 0,-4.908997043967247, 5.9743832231803875, 0,-4.909009113907814, 5.974398562114056, 0,-4.909009113907814, 5.974398562114056, 0,-4.9090248718857765, 5.974427572704857, 0,-4.9090248718857765, 5.974427572704857, 0,-4.909028895199299, 5.974435909081243, 0,-4.909035265445709, 5.974443912002449, 0,-4.909043312072754, 5.974452248378567, 0,-4.909043312072754, 5.974452248378567, 0,-4.909070134162903, 5.974493263347284, 0,-4.909075498580933, 5.974496931352466, 0,-4.90908320993185, 5.974503266997723, 0,-4.909084215760231, 5.974502933542708, 0,-4.9090875685215, 5.9745049342727805, 0,-4.9090875685215, 5.9745049342727805, 0,-4.909091927111149, 5.974508268822885, 0,-4.909097962081432, 5.974511269917949, 0,-4.909128807485104, 5.9745319441279765, 0,-4.909128807485104, 5.9745319441279765, 0,-4.90913450717926, 5.974532611037967, 0,-4.90913450717926, 5.974532611037967, 0,-4.909138530492783, 5.974536279042881, 0,-4.909143224358559, 5.974541947777715, 0,-4.909143224358559, 5.974541947777715, 0,-4.909164346754551, 5.974555285977074, 0,-4.909168034791946, 5.974556619796991, 0,-4.909170046448708, 5.974558287071884, 0,-4.909170046448708, 5.974558287071884, 0,-4.909174740314484, 5.974570958360909, 0,-4.909174740314484, 5.974570958360909, 0,-4.909180775284767, 5.974577627460277, 0,-4.909183122217655, 5.974583629649629, 0,-4.909183122217655, 5.974583629649629, 0,-4.909183457493782, 5.974588964929004, 0,-4.909183792769909, 5.974595300573204, 0,-4.909183792769909, 5.974595300573204, 0,-4.909183792769909, 5.974602303127231, 0,-4.909183792769909, 5.974602303127231, 0,-4.909183792769909, 5.974611639865783, 0,-4.90917943418026, 5.97462997988748, 0,-4.909176081418991, 5.974641317355138, 0,-4.909176081418991, 5.974641317355138, 0,-4.9091727286577225, 5.974651654457792, 0,-4.9091727286577225, 5.974660657740593, 0,-4.909170381724834, 5.974669327568341, 0,-4.90916233509779, 5.9746873341332165, 0,-4.90916233509779, 5.9746873341332165, 0,-4.909157305955887, 5.974692002501787, 0,-4.909149929881096, 5.974702006148587, 0,-4.9091462418437, 5.974713343614757, 0,-4.909147247672081, 5.9747196792575075, 0,-4.909150265157223, 5.974724014170936, 0,-4.909159988164902, 5.974738352730465, 0,-4.909161664545536, 5.974744354918061, 0,-4.909159652888775, 5.974751024015317, 0,-4.90915697067976, 5.974776700038981, 0,-4.90915697067976, 5.974776700038981, 0,-4.909152947366238, 5.9747867036842415, 0,-4.909149929881096, 5.974821049531594, 0,-4.909149929881096, 5.974821049531594, 0,-4.9091462418437, 5.974828052082719, 0</coordinates>
                </LinearRing>
            </outerBoundaryIs>
        </Polygon>
    </MultiGeometry>
  </Placemark><Placemark>
	<Style><LineStyle><color>ff0000ff</color></LineStyle><PolyStyle><fill>0</fill></PolyStyle></Style>
	<ExtendedData><SchemaData schemaUrl="#programmeband_1">
		<SimpleData name="N°">15</SimpleData>
		<SimpleData name="Cooperative">COOP CA SCAAB</SimpleData>
		<SimpleData name="Code_CCC">COOP CA SCAAB</SimpleData>
		<SimpleData name="Code_Producteur">SCAAB-TIA-244</SimpleData>
		<SimpleData name="Code_Parcelle">SCAAB-TIA-244-P1</SimpleData>
		<SimpleData name="Section">TIASSALE</SimpleData>
		<SimpleData name="Localite">TIASSALE</SimpleData>
		<SimpleData name="Sous-Prefecture">TIASSALE</SimpleData>
		<SimpleData name="Region ">AGNEBY-TIASSA</SimpleData>
		<SimpleData name="Nom">KOUAME</SimpleData>
		<SimpleData name="Prenoms">YAO REMIS</SimpleData>
		<SimpleData name="Genre">Homme</SimpleData>
		<SimpleData name="Programme">Mondelez</SimpleData>
		<SimpleData name="Departement"></SimpleData>
		<SimpleData name="Statut">Candidat</SimpleData>
	</SchemaData>
    </ExtendedData>
      <MultiGeometry>
        <Polygon>
            <outerBoundaryIs>
                <LinearRing>
                    <coordinates>-4.908310063183308, 5.975338237710113, 0,-4.908310063183308, 5.975338237710113, 0,-4.908310063183308, 5.975338237710113, 0,-4.908310063183308, 5.975338237710113, 0,-4.90827351808548, 5.975314562439893, 0,-4.908255748450756, 5.975306559531409, 0,-4.908255748450756, 5.975306559531409, 0,-4.908247701823711, 5.975299556986391, 0,-4.908247701823711, 5.975299556986391, 0,-4.9082426726818085, 5.975292554441296, 0,-4.9082426726818085, 5.975292554441296, 0,-4.908236302435398, 5.97528755262331, 0,-4.908228255808353, 5.97528388462342, 0,-4.908228255808353, 5.97528388462342, 0,-4.908210150897503, 5.975277882441739, 0,-4.908210150897503, 5.975277882441739, 0,-4.908198416233063, 5.975271213350909, 0,-4.908198416233063, 5.975271213350909, 0,-4.908186681568623, 5.9752672118963615, 0,-4.908151142299175, 5.975252539896131, 0,-4.908145442605019, 5.975250539168793, 0,-4.908145442605019, 5.975250539168793, 0,-4.908135384321213, 5.975249872259681, 0,-4.908135384321213, 5.975249872259681, 0,-4.908098168671131, 5.975247538077775, 0,-4.908087439835072, 5.975245537350412, 0,-4.908076040446758, 5.975243870077619, 0,-4.908026419579983, 5.9752321991678725, 0,-4.908026419579983, 5.9752321991678725, 0,-4.908009320497513, 5.975228531167614, 0,-4.908002279698849, 5.975222862439904, 0,-4.907931201159954, 5.9751941853458455, 0,-4.907931201159954, 5.9751941853458455, 0,-4.90792416036129, 5.975189850436157, 0,-4.90792416036129, 5.975189850436157, 0,-4.907917454838753, 5.975187516253997, 0,-4.907874874770641, 5.975180180252857, 0,-4.907874874770641, 5.975180180252857, 0,-4.9078671634197235, 5.975177179161457, 0,-4.9078671634197235, 5.975177179161457, 0,-4.9078671634197235, 5.975177179161457, 0,-4.907858781516552, 5.975174844979246, 0,-4.907858781516552, 5.975174844979246, 0,-4.907858781516552, 5.975174844979246, 0,-4.907848387956619, 5.975171843887807, 0,-4.907848387956619, 5.975171843887807, 0,-4.907836653292179, 5.975171843887807, 0,-4.907827265560627, 5.975169176250963, 0,-4.907827265560627, 5.975169176250963, 0,-4.907817542552948, 5.975166842068714, 0,-4.907817542552948, 5.975166842068714, 0,-4.907807484269142, 5.975164841341071, 0,-4.907807484269142, 5.975164841341071, 0,-4.907807484269142, 5.975164841341071, 0,-4.907801114022732, 5.975160506431141, 0,-4.907801114022732, 5.975160506431141, 0,-4.907794743776321, 5.9751401656994725, 0,-4.907793067395687, 5.9751304955152955, 0,-4.907791391015053, 5.975122159149508, 0,-4.907791391015053, 5.975122159149508, 0,-4.907788708806038, 5.975112488965012, 0,-4.907778985798359, 5.975072140952021, 0,-4.907778315246105, 5.975059803129269, 0,-4.907780662178993, 5.97503846202981, 0,-4.907783009111881, 5.975027458025067, 0,-4.907783009111881, 5.975027458025067, 0,-4.90778636187315, 5.975013452927816, 0,-4.90778636187315, 5.975013452927816, 0,-4.90778636187315, 5.975013452927816, 0,-4.907792396843433, 5.975002448922564, 0,-4.907792396843433, 5.975002448922564, 0,-4.9077994376420975, 5.974992111826525, 0,-4.9077994376420975, 5.974992111826525, 0,-4.907798767089844, 5.974975772545307, 0,-4.907798767089844, 5.974975772545307, 0,-4.907798767089844, 5.974975772545307, 0,-4.907788038253784, 5.974969436905521, 0,-4.907768256962299, 5.97496243435619, 0,-4.907768256962299, 5.97496243435619, 0,-4.907762221992016, 5.97496243435619, 0,-4.907732717692852, 5.9749744387264085, 0,-4.907713271677494, 5.974989444188816, 0,-4.907713271677494, 5.974989444188816, 0,-4.907713271677494, 5.974989444188816, 0,-4.907704219222069, 5.974992111826525, 0,-4.907704219222069, 5.974992111826525, 0,-4.907704219222069, 5.974992111826525, 0,-4.907693155109882, 5.974993445645386, 0,-4.907681420445442, 5.974997447101931, 0,-4.907672367990017, 5.975002448922564, 0,-4.907672367990017, 5.975002448922564, 0,-4.9076636508107185, 5.975006450379045, 0,-4.907650910317898, 5.975018454748296, 0,-4.907650910317898, 5.975018454748296, 0,-4.907645545899868, 5.97502178929527, 0,-4.907645545899868, 5.97502178929527, 0,-4.90763682872057, 5.97502479038751, 0,-4.90763682872057, 5.97502479038751, 0,-4.907630793750286, 5.975025457296902, 0,-4.907630793750286, 5.975025457296902, 0,-4.907623082399368, 5.975023790023434, 0,-4.907623082399368, 5.975023790023434, 0,-4.907613694667816, 5.975020788931169, 0,-4.907602965831757, 5.975021122385878, 0,-4.907589890062809, 5.9750224562046625, 0,-4.907576814293861, 5.975020455476486, 0,-4.907576814293861, 5.975020455476486, 0,-4.907567426562309, 5.975017120929499, 0,-4.907561056315899, 5.975013786382499, 0,-4.907561056315899, 5.975013786382499, 0,-4.9075546860694885, 5.975011452199588, 0,-4.9075546860694885, 5.975011452199588, 0,-4.907544292509556, 5.975011118744905, 0,-4.907536916434765, 5.975011118744905, 0,-4.907536916434765, 5.975011118744905, 0,-4.907529875636101, 5.975010118380778, 0,-4.907529875636101, 5.975010118380778, 0,-4.907522164285183, 5.975007450743158, 0,-4.907522164285183, 5.975007450743158, 0,-4.907515123486519, 5.975008451107272, 0,-4.907506071031094, 5.975011118744905, 0,-4.907506071031094, 5.975011118744905, 0,-4.907497689127922, 5.975014453291904, 0,-4.907497689127922, 5.975014453291904, 0,-4.90748830139637, 5.97502178929527, 0,-4.90748830139637, 5.97502178929527, 0,-4.9074795842170715, 5.975027458025067, 0,-4.907468855381012, 5.975033793664179, 0,-4.907459802925587, 5.975039128939164, 0,-4.907459802925587, 5.975039128939164, 0,-4.907453767955303, 5.975044464214111, 0,-4.907453767955303, 5.975044464214111, 0,-4.907453767955303, 5.975044464214111, 0,-4.907436333596706, 5.975058802765243, 0,-4.907436333596706, 5.975058802765243, 0,-4.907429963350296, 5.975064138039987, 0,-4.907429963350296, 5.975064138039987, 0,-4.907422251999378, 5.97507080713335, 0,-4.907422251999378, 5.97507080713335, 0,-4.907412864267826, 5.97507614240798, 0,-4.907412864267826, 5.97507614240798, 0,-4.907404147088528, 5.975080143863914, 0,-4.9073974415659904, 5.9750861460477696, 0,-4.9073974415659904, 5.9750861460477696, 0,-4.9073947593569756, 5.9750954827780784, 0,-4.907390736043453, 5.9751068202360935, 0,-4.907390736043453, 5.9751068202360935, 0,-4.90738570690155, 5.975114489692845, 0,-4.90738570690155, 5.975114489692845, 0,-4.907381683588028, 5.975120158421687, 0,-4.90737397223711, 5.97512382642267, 0,-4.907363243401051, 5.975127827878261, 0,-4.907323680818081, 5.975153170429645, 0,-4.907317645847797, 5.975163174068023, 0,-4.907313287258148, 5.9751708435239985, 0,-4.907313957810402, 5.975174178070032, 0,-4.907313957810402, 5.975174178070032, 0,-4.907316975295544, 5.975178846434454, 0,-4.9073223397135735, 5.9751848486172285, 0,-4.9073223397135735, 5.9751848486172285, 0,-4.907327704131603, 5.975191184254522, 0,-4.907327704131603, 5.975191184254522, 0,-4.907331727445126, 5.97519651952798, 0,-4.907331727445126, 5.97519651952798, 0,-4.9073367565870285, 5.975201521346794, 0,-4.9073367565870285, 5.975201521346794, 0,-4.907348491251469, 5.975215859893817, 0,-4.907348491251469, 5.975215859893817, 0,-4.907351844012737, 5.975221195167034, 0,-4.907351844012737, 5.975221195167034, 0,-4.907353855669498, 5.975227530803908, 0,-4.907353855669498, 5.975227530803908, 0,-4.90735687315464, 5.975233866440717, 0,-4.907359890639782, 5.975239535168312, 0,-4.907359890639782, 5.975239535168312, 0,-4.90736223757267, 5.975246871168663, 0,-4.907364919781685, 5.975255207532568, 0,-4.907364919781685, 5.975255207532568, 0,-4.907370284199715, 5.975263543896332, 0,-4.907380677759647, 5.975280216623519, 0,-4.907380677759647, 5.975280216623519, 0,-4.907387048006058, 5.9752885529869015, 0,-4.907387048006058, 5.9752885529869015, 0,-4.9073877185583115, 5.97529922353186, 0,-4.9073877185583115, 5.975310894440182, 0,-4.907386042177677, 5.975322565348249, 0,-4.907386042177677, 5.975322565348249, 0,-4.907386712729931, 5.975333235892546, 0,-4.907388053834438, 5.9753425726186435, 0,-4.907388053834438, 5.9753425726186435, 0,-4.907388389110565, 5.975352242799069, 0,-4.907388389110565, 5.975352242799069, 0,-4.907387048006058, 5.975383920975126, 0,-4.907390736043453, 5.9754075962423565, 0,-4.907392747700214, 5.975419600602804, 0,-4.907392077147961, 5.975431271508556, 0,-4.907392747700214, 5.975442942414054, 0,-4.907394424080849, 5.975454946773738, 0,-4.907392747700214, 5.97546628422431, 0,-4.907392747700214, 5.97546628422431, 0,-4.907392077147961, 5.975476954765808, 0,-4.907392077147961, 5.975476954765808, 0,-4.907390736043453, 5.975485958035034, 0,-4.9073877185583115, 5.975493627486481, 0,-4.9073877185583115, 5.975493627486481, 0,-4.907381013035774, 5.975502630755427, 0,-4.907381013035774, 5.975502630755427, 0,-4.907373636960983, 5.975512300933015, 0,-4.907373636960983, 5.975512300933015, 0,-4.90736860781908, 5.9755363096490886, 0,-4.90736860781908, 5.9755363096490886, 0,-4.907364919781685, 5.975559984909729, 0,-4.907364919781685, 5.975559984909729, 0,-4.907364919781685, 5.975559984909729, 0,-4.907362908124924, 5.9755726561755615, 0,-4.907363578677177, 5.975584660532396, 0,-4.907363578677177, 5.975584660532396, 0,-4.907365590333939, 5.975596331434612, 0,-4.90736860781908, 5.9756053347018785, 0,-4.90736860781908, 5.9756053347018785, 0,-4.907382354140282, 5.975630010322511, 0,-4.907382354140282, 5.975630010322511, 0,-4.907386042177677, 5.975637679771947, 0,-4.907386042177677, 5.975637679771947, 0,-4.907393753528595, 5.975645682675583, 0,-4.9073997884988785, 5.975654685942036, 0,-4.9073997884988785, 5.975654685942036, 0,-4.907403476536274, 5.97566735720568, 0,-4.907398447394371, 5.975726712068313, 0,-4.907398447394371, 5.975726712068313, 0,-4.907395765185356, 5.975739716784554, 0,-4.907395094633102, 5.9757530549547155, 0,-4.907395094633102, 5.9757530549547155, 0,-4.907395094633102, 5.9757530549547155, 0,-4.907396100461483, 5.97576305858214, 0,-4.907398782670498, 5.975805740723743, 0,-4.907404147088528, 5.975823747251229, 0,-4.9074192345142365, 5.975843087594903, 0,-4.9074192345142365, 5.975843087594903, 0,-4.907417222857475, 5.975852424312299, 0,-4.907417222857475, 5.975852424312299, 0,-4.90741454064846, 5.975861427575355, 0,-4.90741454064846, 5.975861427575355, 0,-4.9073974415659904, 5.975876099559263, 0,-4.9073974415659904, 5.975876099559263, 0,-4.90739107131958, 5.975884435913588, 0,-4.90739107131958, 5.975884435913588, 0,-4.907383359968662, 5.975891438451125, 0,-4.907383359968662, 5.975891438451125, 0,-4.907377660274506, 5.975895773355254, 0,-4.907377660274506, 5.975895773355254, 0,-4.907377660274506, 5.975906443888381, 0,-4.907394088804722, 5.975960463459133, 0,-4.907394088804722, 5.975960463459133, 0,-4.907392077147961, 5.975954794738993, 0,-4.907392077147961, 5.975954794738993, 0,-4.907388389110565, 5.975954461284869, 0,-4.907388389110565, 5.975954461284869, 0,-4.907387048006058, 5.9759577958261305, 0,-4.907387048006058, 5.9759577958261305, 0,-4.907387048006058, 5.975976469256851, 0,-4.907387048006058, 5.975976469256851, 0,-4.907396771013737, 5.976028154642109, 0,-4.907396771013737, 5.976028154642109, 0,-4.907396771013737, 5.976028154642109, 0,-4.907396771013737, 5.976028154642109, 0,-4.907396771013737, 5.976028154642109, 0,-4.907396771013737, 5.976028154642109, 0,-4.907396771013737, 5.976028154642109, 0,-4.907396771013737, 5.976028154642109, 0,-4.907396771013737, 5.976028154642109, 0,-4.907396771013737, 5.976028154642109, 0,-4.907396771013737, 5.976028154642109, 0,-4.907396771013737, 5.976028154642109, 0,-4.907414875924587, 5.976061833503431, 0,-4.907414875924587, 5.976061833503431, 0,-4.907414875924587, 5.976061833503431, 0,-4.907424934208393, 5.976070503308992, 0,-4.907424934208393, 5.976070503308992, 0,-4.907436668872833, 5.976080173476542, 0,-4.907436668872833, 5.976080173476542, 0,-4.907448403537273, 5.976091510914163, 0,-4.907448403537273, 5.976091510914163, 0,-4.907460138201714, 5.976096179270761, 0,-4.907460138201714, 5.976096179270761, 0,-4.907471872866154, 5.9761055159838445, 0,-4.90748830139637, 5.976124189409513, 0,-4.90749467164278, 5.97613019158192, 0,-4.907508417963982, 5.976146530828686, 0,-4.907508417963982, 5.976146530828686, 0,-4.907508417963982, 5.976146530828686, 0,-4.9075134471058846, 5.976153533362864, 0,-4.9075134471058846, 5.976153533362864, 0,-4.907522834837437, 5.976159868988949, 0,-4.907522834837437, 5.976159868988949, 0,-4.907522834837437, 5.976159868988949, 0,-4.907527528703213, 5.9761778755047805, 0,-4.907546639442444, 5.976209553633066, 0,-4.907549321651459, 5.976213221626747, 0,-4.907549321651459, 5.976213221626747, 0,-4.907561726868153, 5.976212554718805, 0,-4.907571449875832, 5.976209220179095, 0,-4.907581172883511, 5.9762025510995995, 0,-4.907604642212391, 5.976203218007567, 0,-4.907604642212391, 5.976203218007567, 0,-4.907617382705212, 5.9762065525473025, 0,-4.9076297879219055, 5.976220557614044, 0,-4.907638169825077, 5.9762225583378195, 0,-4.9076418578624725, 5.976226226331424, 0,-4.9076418578624725, 5.976226226331424, 0,-4.907645881175995, 5.9762282270551985, 0,-4.907660633325577, 5.976233562318543, 0,-4.907660633325577, 5.976233562318543, 0,-4.907670021057129, 5.976237563766017, 0,-4.907670021057129, 5.976237563766017, 0,-4.907693155109882, 5.976236896858113, 0,-4.907716289162636, 5.976225225969537, 0,-4.907720312476158, 5.976220224160074, 0,-4.907721318304539, 5.97621422198866, 0,-4.907721318304539, 5.97621422198866, 0,-4.907724671065807, 5.976200550375736, 0,-4.907724671065807, 5.976200550375736, 0,-4.907724671065807, 5.976200550375736, 0,-4.9077290296554565, 5.976194881658089, 0,-4.907734394073486, 5.9761695391549345, 0,-4.907742440700531, 5.976142195926529, 0,-4.90774679929018, 5.976138194478355, 0,-4.90774679929018, 5.976138194478355, 0,-4.907751493155956, 5.976132192306051, 0,-4.907759875059128, 5.9761188541451125, 0,-4.907759875059128, 5.9761188541451125, 0,-4.907763227820396, 5.97611218506451, 0,-4.907763227820396, 5.97611218506451, 0,-4.907768256962299, 5.976085842195384, 0,-4.907768256962299, 5.976085842195384, 0,-4.907764568924904, 5.976024153193109, 0,-4.9077679216861725, 5.976009481213158, 0,-4.9077679216861725, 5.976009481213158, 0,-4.90777462720871, 5.976001811768937, 0,-4.907779656350613, 5.976001144860754, 0,-4.907779656350613, 5.976001144860754, 0,-4.9077873677015305, 5.976000811406642, 0,-4.9077873677015305, 5.976000811406642, 0,-4.9077873677015305, 5.976000811406642, 0,-4.907794743776321, 5.976000144498446, 0,-4.907812178134918, 5.976002812131244, 0,-4.907812178134918, 5.976002812131244, 0,-4.907822906970978, 5.976002145223048, 0,-4.907822906970978, 5.976002145223048, 0,-4.907832965254784, 5.976000811406642, 0,-4.907843358814716, 5.975997810319746, 0,-4.907848723232746, 5.975993141962308, 0,-4.907848723232746, 5.975993141962308, 0,-4.907852075994015, 5.975985139063748, 0,-4.907852075994015, 5.975985139063748, 0,-4.907852075994015, 5.975985139063748, 0,-4.907855428755283, 5.975976469256851, 0,-4.907855428755283, 5.975976469256851, 0,-4.907855428755283, 5.975976469256851, 0,-4.907856099307537, 5.975967799449815, 0,-4.907852411270142, 5.975957128917884, 0,-4.907852411270142, 5.975957128917884, 0,-4.907852411270142, 5.975957128917884, 0,-4.907846041023731, 5.975946458385749, 0,-4.907846041023731, 5.975946458385749, 0,-4.90783866494894, 5.975937788578242, 0,-4.90783866494894, 5.975937788578242, 0,-4.90783866494894, 5.975937788578242, 0,-4.9078309535980225, 5.975929452224719, 0,-4.9078309535980225, 5.975929452224719, 0,-4.907829277217388, 5.975922116233527, 0,-4.907829277217388, 5.975922116233527, 0,-4.907829947769642, 5.975914780242236, 0,-4.907829947769642, 5.975914780242236, 0,-4.907830618321896, 5.975909111521637, 0,-4.907830618321896, 5.975909111521637, 0,-4.907830618321896, 5.975909111521637, 0,-4.907831959426403, 5.9759027758926395, 0,-4.907833635807037, 5.975896440263578, 0,-4.907833635807037, 5.975896440263578, 0,-4.907833635807037, 5.975896440263578, 0,-4.907836653292179, 5.9758884373636185, 0,-4.907842352986336, 5.9758817682802166, 0,-4.907842352986336, 5.9758817682802166, 0,-4.907849058508873, 5.975872765017492, 0,-4.907849058508873, 5.975872765017492, 0,-4.907849058508873, 5.975872765017492, 0,-4.907856434583664, 5.975862094483716, 0,-4.907856434583664, 5.975862094483716, 0,-4.9078624695539474, 5.975852090858112, 0,-4.9078624695539474, 5.975852090858112, 0,-4.907868169248104, 5.975848089407814, 0,-4.907875880599022, 5.97584375450329, 0,-4.907881580293179, 5.975838752690342, 0,-4.907881580293179, 5.975838752690342, 0,-4.907881580293179, 5.975838752690342, 0,-4.907887950539589, 5.975832417060542, 0,-4.907887950539589, 5.975832417060542, 0,-4.907894320785999, 5.975824414159641, 0,-4.907894320785999, 5.975824414159641, 0,-4.907894320785999, 5.975824414159641, 0,-4.9079010263085365, 5.9758160778044, 0,-4.9079010263085365, 5.9758160778044, 0,-4.90790706127882, 5.975815410895975, 0,-4.90790706127882, 5.975815410895975, 0,-4.90790706127882, 5.975815410895975, 0,-4.907914772629738, 5.975813743624924, 0,-4.907914772629738, 5.975813743624924, 0,-4.90792416036129, 5.975809075265908, 0,-4.90792416036129, 5.975809075265908, 0,-4.90792416036129, 5.975809075265908, 0,-4.907933883368969, 5.975802072727315, 0,-4.907933883368969, 5.975802072727315, 0,-4.9079422652721405, 5.975794403280194, 0,-4.9079519882798195, 5.97579006837525, 0,-4.9079519882798195, 5.97579006837525, 0,-4.907963387668133, 5.9757884011041105, 0,-4.907963387668133, 5.9757884011041105, 0,-4.907972775399685, 5.975785733470282, 0,-4.907989539206028, 5.975781065111025, 0,-4.907995909452438, 5.975782732382189, 0,-4.908006973564625, 5.9757894014668, 0,-4.908006973564625, 5.9757894014668, 0,-4.9080247431993484, 5.975794736734419, 0,-4.9080247431993484, 5.975794736734419, 0,-4.9080317839980125, 5.97579173564639, 0,-4.9080317839980125, 5.97579173564639, 0,-4.908049218356609, 5.975785400016057, 0,-4.908049218356609, 5.975785400016057, 0,-4.908049218356609, 5.975785400016057, 0,-4.908059947192669, 5.975786066924507, 0,-4.908059947192669, 5.975786066924507, 0,-4.908059947192669, 5.975786066924507, 0,-4.908071011304855, 5.975785400016057, 0,-4.908071011304855, 5.975785400016057, 0,-4.908071011304855, 5.975785400016057, 0,-4.908088445663452, 5.975780398202561, 0,-4.908088445663452, 5.975780398202561, 0,-4.9080948159098625, 5.9757733956636105, 0,-4.9080948159098625, 5.9757733956636105, 0,-4.908099845051765, 5.975768060395775, 0,-4.908099845051765, 5.975768060395775, 0,-4.908103533089161, 5.975760724402422, 0,-4.908103533089161, 5.975760724402422, 0,-4.908109232783318, 5.975752388046214, 0,-4.908109232783318, 5.975752388046214, 0,-4.908121973276138, 5.9757387164217635, 0,-4.908139072358608, 5.975733381153597, 0,-4.908139072358608, 5.975733381153597, 0,-4.908155165612698, 5.975715041168858, 0,-4.908155165612698, 5.975715041168858, 0,-4.908155165612698, 5.975715041168858, 0,-4.908155165612698, 5.975715041168858, 0,-4.908155165612698, 5.975715041168858, 0,-4.908171929419041, 5.975708038629069, 0,-4.908171929419041, 5.975708038629069, 0,-4.90817628800869, 5.975704037177715, 0,-4.90817628800869, 5.975704037177715, 0,-4.90818165242672, 5.975694033549234, 0,-4.90818165242672, 5.975694033549234, 0,-4.90818165242672, 5.975694033549234, 0,-4.908184669911861, 5.975688698280623, 0,-4.908184669911861, 5.975688698280623, 0,-4.908196069300175, 5.975680028469032, 0,-4.9082014337182045, 5.975673692837388, 0,-4.9082014337182045, 5.975673692837388, 0,-4.908207803964615, 5.975664356116939, 0,-4.908214509487152, 5.9756573535765005, 0,-4.908214509487152, 5.9756573535765005, 0,-4.908221215009689, 5.975650351035973, 0,-4.908229261636734, 5.975643681949683, 0,-4.908232279121876, 5.975638680134903, 0,-4.908234961330891, 5.975630343776838, 0,-4.908234961330891, 5.975630343776838, 0,-4.908234961330891, 5.975630343776838, 0,-4.908237978816032, 5.975623341235966, 0,-4.908239990472794, 5.975614004514665, 0,-4.908241666853428, 5.9756053347018785, 0,-4.908241666853428, 5.9756053347018785, 0,-4.908241666853428, 5.9756053347018785, 0,-4.908248037099838, 5.9755873281672045, 0,-4.908248037099838, 5.9755873281672045, 0,-4.908250048756599, 5.975577324536575, 0,-4.90825641900301, 5.975541978373554, 0,-4.90825641900301, 5.975541978373554, 0,-4.908231608569622, 5.975517969657747, 0,-4.908231608569622, 5.975517969657747, 0,-4.908193722367287, 5.97550196384662, 0,-4.908189028501511, 5.975495294758511, 0,-4.908177629113197, 5.975478955492306, 0,-4.908172599971294, 5.975467284587585, 0,-4.908172599971294, 5.975467284587585, 0,-4.908172599971294, 5.975467284587585, 0,-4.90816455334425, 5.975446943867316, 0,-4.908158853650093, 5.975433939144115, 0,-4.908158853650093, 5.975433939144115, 0,-4.908150136470795, 5.975425269328491, 0,-4.90813571959734, 5.975409263514654, 0,-4.90813571959734, 5.975409263514654, 0,-4.90816555917263, 5.975356244252979, 0,-4.90816555917263, 5.975356244252979, 0,-4.908172599971294, 5.975345907163633, 0,-4.908172599971294, 5.975345907163633, 0,-4.9081819877028465, 5.9753385711646185, 0,-4.9081819877028465, 5.9753385711646185, 0,-4.908192045986652, 5.975330568256491, 0,-4.908212833106518, 5.975319230803107, 0</coordinates>
                </LinearRing>
            </outerBoundaryIs>
        </Polygon>
    </MultiGeometry>
  </Placemark><Placemark>
	<Style><LineStyle><color>ff0000ff</color></LineStyle><PolyStyle><fill>0</fill></PolyStyle></Style>
	<ExtendedData><SchemaData schemaUrl="#programmeband_1">
		<SimpleData name="N°">16</SimpleData>
		<SimpleData name="Cooperative">COOP CA SCAAB</SimpleData>
		<SimpleData name="Code_CCC">COOP CA SCAAB</SimpleData>
		<SimpleData name="Code_Producteur">SCAAB-TIA-243</SimpleData>
		<SimpleData name="Code_Parcelle">SCAAB-TIA-243-P1</SimpleData>
		<SimpleData name="Section">TIASSALE</SimpleData>
		<SimpleData name="Localite">TIASSALE</SimpleData>
		<SimpleData name="Sous-Prefecture">TIASSALE</SimpleData>
		<SimpleData name="Region ">AGNEBY-TIASSA</SimpleData>
		<SimpleData name="Nom">KOUAKOU</SimpleData>
		<SimpleData name="Prenoms">NGUETTA</SimpleData>
		<SimpleData name="Genre">Homme</SimpleData>
		<SimpleData name="Programme">Mondelez</SimpleData>
		<SimpleData name="Departement"></SimpleData>
		<SimpleData name="Statut">Candidat</SimpleData>
	</SchemaData>
    </ExtendedData>
      <MultiGeometry>
        <Polygon>
            <outerBoundaryIs>
                <LinearRing>
                    <coordinates>-4.9516066163778305, 5.977640069304329, 0,-4.9516066163778305, 5.977640069304329, 0,-4.9516066163778305, 5.977640069304329, 0,-4.9516066163778305, 5.977640069304329, 0,-4.9516066163778305, 5.977640069304329, 0,-4.951610639691353, 5.977640069304329, 0,-4.951610639691353, 5.977640069304329, 0,-4.951617680490017, 5.977637735132613, 0,-4.9516260623931885, 5.977633066789169, 0,-4.9516502022743225, 5.977624063555273, 0,-4.951661266386509, 5.977621729383481, 0,-4.951686076819897, 5.977622396289705, 0,-4.951686076819897, 5.977622396289705, 0,-4.951699823141098, 5.977625730820814, 0,-4.951712228357792, 5.977628064992568, 0,-4.951730668544769, 5.977627731539463, 0,-4.951730668544769, 5.977627731539463, 0,-4.951740391552448, 5.977625730820814, 0,-4.951740391552448, 5.977625730820814, 0,-4.951750114560127, 5.977625397367708, 0,-4.951761178672314, 5.977622729742811, 0,-4.951799064874649, 5.977616060680554, 0,-4.951799064874649, 5.977616060680554, 0,-4.951808452606201, 5.977616727586791, 0,-4.951825216412544, 5.977621395930362, 0,-4.951832592487335, 5.977621395930362, 0,-4.951832592487335, 5.977621395930362, 0,-4.951848685741425, 5.977623396649036, 0,-4.951848685741425, 5.977623396649036, 0,-4.9518657848238945, 5.977609725071326, 0,-4.9518657848238945, 5.977609725071326, 0,-4.951876848936081, 5.977607724352615, 0,-4.951876848936081, 5.977607724352615, 0,-4.951896965503693, 5.977603389462035, 0,-4.951896965503693, 5.977603389462035, 0,-4.95190367102623, 5.9776013887432855, 0,-4.951910376548767, 5.977598387665155, 0,-4.951942227780819, 5.9775790473835135, 0,-4.951947256922722, 5.977577046664687, 0,-4.951947256922722, 5.977577046664687, 0,-4.951959997415543, 5.9775777135709625, 0,-4.951968044042587, 5.97757537939898, 0,-4.951968044042587, 5.97757537939898, 0,-4.951977431774139, 5.977572378320709, 0,-4.951977431774139, 5.977572378320709, 0,-4.951987154781818, 5.9775700441487265, 0,-4.952045157551765, 5.977552037678695, 0,-4.952039793133736, 5.97754303444345, 0,-4.952039793133736, 5.97754303444345, 0,-4.952038452029228, 5.977543701349776, 0,-4.952040463685989, 5.977545702068716, 0,-4.9520475044846535, 5.977545035162403, 0,-4.9520475044846535, 5.977545035162403, 0,-4.952056892216206, 5.977541367177641, 0,-4.952056892216206, 5.977541367177641, 0,-4.952068291604519, 5.977537699192879, 0,-4.952105171978474, 5.977537365739709, 0,-4.952106177806854, 5.977536698833383, 0,-4.952110201120377, 5.977534364661234, 0,-4.952111206948757, 5.977533697754896, 0,-4.952111542224884, 5.977533364301726, 0,-4.952111542224884, 5.977533364301726, 0,-4.952126294374466, 5.977520026174947, 0,-4.952126294374466, 5.977520026174947, 0,-4.952135346829891, 5.9775090222201, 0,-4.95214406400919, 5.977500685890533, 0,-4.95214406400919, 5.977500685890533, 0,-4.952151440083981, 5.9774886815757196, 0,-4.952159486711025, 5.977479344886236, 0,-4.952159486711025, 5.977479344886236, 0,-4.952167868614197, 5.9774713420094185, 0,-4.952178932726383, 5.977464339492096, 0,-4.95220273733139, 5.977455336255414, 0,-4.95220273733139, 5.977455336255414, 0,-4.9522121250629425, 5.977452001723286, 0,-4.9522121250629425, 5.977452001723286, 0,-4.952262081205845, 5.977429660357408, 0,-4.95227113366127, 5.977426659278335, 0,-4.952280856668949, 5.9774223243863185, 0,-4.952293932437897, 5.977419323307208, 0,-4.952293932437897, 5.977419323307208, 0,-4.952339865267277, 5.9774149884151395, 0,-4.952339865267277, 5.9774149884151395, 0,-4.952339865267277, 5.9774149884151395, 0,-4.952339865267277, 5.9774149884151395, 0,-4.952339865267277, 5.9774149884151395, 0,-4.9523767456412315, 5.97739664848676, 0,-4.9523767456412315, 5.97739664848676, 0,-4.952461235225201, 5.97737297330557, 0,-4.952469281852245, 5.977369305319663, 0,-4.952469281852245, 5.977369305319663, 0,-4.952476657927036, 5.977367304600061, 0,-4.952476657927036, 5.977367304600061, 0,-4.952476657927036, 5.977367304600061, 0,-4.9524836987257, 5.977369305319663, 0,-4.9524836987257, 5.977369305319663, 0,-4.952491745352745, 5.977370972585981, 0,-4.952491745352745, 5.977370972585981, 0,-4.952498786151409, 5.977368971866392, 0,-4.952498786151409, 5.977368971866392, 0,-4.952504150569439, 5.977367971506603, 0,-4.952504150569439, 5.977367971506603, 0,-4.952504150569439, 5.977367971506603, 0,-4.952510520815849, 5.977365303880446, 0,-4.952510520815849, 5.977365303880446, 0,-4.95251689106226, 5.97736230280103, 0,-4.95251689106226, 5.97736230280103, 0,-4.952524267137051, 5.977358634815059, 0,-4.952524267137051, 5.977358634815059, 0,-4.952532313764095, 5.977355300282321, 0,-4.952532313764095, 5.977355300282321, 0,-4.952539354562759, 5.977351965749571, 0,-4.952547065913677, 5.9773486312167945, 0,-4.952547065913677, 5.9773486312167945, 0,-4.95257455855608, 5.9773312916460535, 0,-4.95257455855608, 5.9773312916460535, 0,-4.952582269906998, 5.977324289126963, 0,-4.952588975429535, 5.977317620061054, 0,-4.952588975429535, 5.977317620061054, 0,-4.952588975429535, 5.977317620061054, 0,-4.952593334019184, 5.977311951354973, 0,-4.952593334019184, 5.977311951354973, 0,-4.952625185251236, 5.977295612143002, 0,-4.952637925744057, 5.9772906103433225, 0,-4.952637925744057, 5.9772906103433225, 0,-4.952637925744057, 5.9772906103433225, 0,-4.952651001513004, 5.977286942356868, 0,-4.952651001513004, 5.977286942356868, 0,-4.952661730349064, 5.977284608183639, 0,-4.952668435871601, 5.977280606743824, 0,-4.952668435871601, 5.977280606743824, 0,-4.952678829431534, 5.977278272570582, 0,-4.952711351215839, 5.977267268610875, 0,-4.952711351215839, 5.977267268610875, 0,-4.952711351215839, 5.977267268610875, 0,-4.952711351215839, 5.977267268610875, 0,-4.952726773917675, 5.977252930117591, 0,-4.952726773917675, 5.977252930117591, 0,-4.952726773917675, 5.977252930117591, 0,-4.952739179134369, 5.97724626105083, 0,-4.952749572694302, 5.977239258530632, 0,-4.952767677605152, 5.977230255290235, 0,-4.952767677605152, 5.977230255290235, 0,-4.952777065336704, 5.977226920756734, 0,-4.952777065336704, 5.977226920756734, 0,-4.952777065336704, 5.977226920756734, 0,-4.952785782516003, 5.977223252769846, 0,-4.952812939882278, 5.977212915715754, 0,-4.952833391726017, 5.977209581182138, 0,-4.952841103076935, 5.977208914275417, 0,-4.952850490808487, 5.9772079139153105, 0,-4.9528588727116585, 5.9772065801018694, 0,-4.95286725461483, 5.97720758046195, 0,-4.95286725461483, 5.97720758046195, 0,-4.952901117503643, 5.977235257090474, 0,-4.952901117503643, 5.977235257090474, 0,-4.952911175787449, 5.977244927237465, 0,-4.952924586832523, 5.97726393407759, 0,-4.952924586832523, 5.97726393407759, 0,-4.952927939593792, 5.977272603864093, 0,-4.952927939593792, 5.977272603864093, 0,-4.952929951250553, 5.9772836078236855, 0,-4.952939674258232, 5.977320287687428, 0,-4.952939674258232, 5.977320287687428, 0,-4.952941685914993, 5.977333292365795, 0,-4.952943362295628, 5.977345296684006, 0,-4.952945038676262, 5.97735696754869, 0,-4.952951744198799, 5.977377641651228, 0,-4.952955432236195, 5.977434662155815, 0,-4.952955432236195, 5.977434662155815, 0,-4.952957108616829, 5.977444332299269, 0,-4.952961802482605, 5.977465339851719, 0,-4.952961802482605, 5.977465339851719, 0,-4.952961802482605, 5.977465339851719, 0,-4.952963143587112, 5.977474343088236, 0,-4.952963143587112, 5.977474343088236, 0,-4.952966161072254, 5.977493683373592, 0,-4.952969513833523, 5.977501019343715, 0,-4.952969513833523, 5.977501019343715, 0,-4.952971860766411, 5.977509355673282, 0,-4.952971860766411, 5.977509355673282, 0,-4.95298694819212, 5.977551704225525, 0,-4.95298694819212, 5.977559373648028, 0,-4.952988289296627, 5.97756270817952, 0,-4.952988289296627, 5.97756270817952, 0,-4.952988959848881, 5.977567043070418, 0,-4.952992983162403, 5.977570377601857, 0,-4.952998347580433, 5.977603722915154, 0,-4.952998347580433, 5.977603722915154, 0,-4.953001029789448, 5.977609391618207, 0,-4.953013435006142, 5.977617727946134, 0,-4.953013435006142, 5.977617727946134, 0,-4.953019469976425, 5.977622729742811, 0,-4.953023158013821, 5.977627731539463, 0,-4.953023158013821, 5.977627731539463, 0,-4.953025504946709, 5.977635067507792, 0,-4.953041262924671, 5.977686085830265, 0,-4.9530429393053055, 5.9776944221570085, 0,-4.9530429393053055, 5.9776944221570085, 0,-4.953048638999462, 5.977708427185673, 0,-4.953048638999462, 5.977708427185673, 0,-4.953077808022499, 5.97775611097102, 0,-4.953077808022499, 5.97775611097102, 0,-4.953077808022499, 5.97775611097102, 0,-4.953077808022499, 5.97775611097102, 0,-4.9530841782689095, 5.977767781826939, 0,-4.9530841782689095, 5.977767781826939, 0,-4.953090883791447, 5.977776785058482, 0,-4.953098930418491, 5.9777827872127585, 0,-4.953098930418491, 5.9777827872127585, 0,-4.953104965388775, 5.977786455195893, 0,-4.953111670911312, 5.977788455913956, 0,-4.9531277641654015, 5.977796125333138, 0,-4.9531277641654015, 5.977796125333138, 0,-4.953133463859558, 5.9778021274872115, 0,-4.953138493001461, 5.977807462735201, 0,-4.9531421810388565, 5.977814131795142, 0,-4.953145198523998, 5.977823468478913, 0,-4.95314821600914, 5.9778311378976, 0,-4.953152574598789, 5.977839140769164, 0,-4.953154921531677, 5.977850144717357, 0,-4.953154921531677, 5.977850144717357, 0,-4.9531565979123116, 5.977859147947551, 0,-4.9531565979123116, 5.977859147947551, 0,-4.953157939016819, 5.9778678177246265, 0,-4.953162632882595, 5.9778858241842645, 0,-4.953162632882595, 5.9778858241842645, 0,-4.953164644539356, 5.977896828131529, 0,-4.953164644539356, 5.977896828131529, 0,-4.953160285949707, 5.97791883602541, 0,-4.953160285949707, 5.97791883602541, 0,-4.953157268464565, 5.9779305068778426, 0,-4.953157268464565, 5.9779305068778426, 0,-4.95314821600914, 5.977961851451766, 0,-4.95314821600914, 5.977961851451766, 0,-4.953135140240192, 5.977984859701694, 0,-4.953128434717655, 5.977990528400804, 0,-4.953128434717655, 5.977990528400804, 0,-4.9531180411577225, 5.977995196741207, 0,-4.9531180411577225, 5.977995196741207, 0,-4.9531106650829315, 5.978002532704613, 0,-4.9531106650829315, 5.978002532704613, 0,-4.953103624284267, 5.978009535215027, 0,-4.9530962482094765, 5.978039545973003, 0,-4.9530962482094765, 5.978039545973003, 0,-4.953093901276588, 5.978051550275717, 0,-4.953082837164402, 5.9780795603143835, 0,-4.953082837164402, 5.9780795603143835, 0,-4.953083842992783, 5.978111238332583, 0,-4.953083842992783, 5.978111238332583, 0,-4.953084848821163, 5.978121241916892, 0,-4.953084848821163, 5.978121241916892, 0,-4.953084848821163, 5.978128911331418, 0,-4.953095577657223, 5.978178929249525, 0,-4.95309591293335, 5.978212274525723, 0,-4.9530962482094765, 5.978219610486228, 0,-4.953097589313984, 5.978223945371923, 0,-4.953097254037857, 5.978239617650697, 0,-4.953097254037857, 5.978239617650697, 0,-4.953099600970745, 5.97824928777994, 0,-4.953099600970745, 5.97824928777994, 0,-4.953100271522999, 5.97826029171989, 0,-4.953104630112648, 5.978300639497838, 0,-4.953104630112648, 5.978300639497838, 0,-4.953105635941029, 5.9783206466593555, 0,-4.953105300664902, 5.978330650239835, 0,-4.953105300664902, 5.978330650239835, 0,-4.953113682568073, 5.978363662054136, 0,-4.953113682568073, 5.978363662054136, 0,-4.953113682568073, 5.978363662054136, 0,-4.953126758337021, 5.978391338624175, 0,-4.953127428889275, 5.978399674940181, 0,-4.953127428889275, 5.978399674940181, 0,-4.95312474668026, 5.978408011256059, 0,-4.95312474668026, 5.978416347571811, 0,-4.953119717538357, 5.978459029506461, 0,-4.953114688396454, 5.978458696053865, 0,-4.953114688396454, 5.978458696053865, 0,-4.953114688396454, 5.978458696053865, 0,-4.9530865252017975, 5.978465031653258, 0,-4.953080154955387, 5.978466698916243, 0,-4.953080154955387, 5.978466698916243, 0,-4.953080154955387, 5.978466698916243, 0,-4.953080154955387, 5.978466698916243, 0,-4.953080154955387, 5.978466698916243, 0,-4.953075125813484, 5.978482371188071, 0,-4.953075125813484, 5.978482371188071, 0,-4.953075125813484, 5.978482371188071, 0,-4.953077472746372, 5.978516716803486, 0,-4.953077472746372, 5.978516716803486, 0,-4.953075796365738, 5.97852505311757, 0,-4.953075796365738, 5.97852505311757, 0,-4.953058362007141, 5.978542392650488, 0,-4.953034557402134, 5.978559065277767, 0,-4.95302852243185, 5.978563400160777, 0,-4.953015446662903, 5.978568068496282, 0,-4.953015446662903, 5.978568068496282, 0,-4.952992647886276, 5.978571403021628, 0,-4.952992647886276, 5.978571403021628, 0,-4.952984265983105, 5.978573070284295, 0,-4.952975884079933, 5.978570736116562, 0,-4.952955096960068, 5.978564733970923, 0,-4.952949732542038, 5.978566401233603, 0,-4.952949732542038, 5.978566401233603, 0,-4.9529339745640755, 5.978582406955102, 0,-4.952932968735695, 5.978585408027826, 0,-4.952930621802807, 5.978593077435838, 0,-4.952930621802807, 5.978593077435838, 0,-4.952928274869919, 5.978596745413553, 0,-4.952928274869919, 5.978596745413553, 0,-4.952916540205479, 5.9786147518491966, 0,-4.952916540205479, 5.9786147518491966, 0,-4.952916540205479, 5.9786147518491966, 0,-4.952911175787449, 5.978617086016739, 0,-4.952903799712658, 5.9786187532792665, 0,-4.952895417809486, 5.978622754709297, 0,-4.952889047563076, 5.9786260892343, 0,-4.952889047563076, 5.9786260892343, 0,-4.952882677316666, 5.9786294237592905, 0,-4.952868930995464, 5.978643762216508, 0,-4.952868930995464, 5.978643762216508, 0,-4.952864572405815, 5.978659101030777, 0,-4.9528612196445465, 5.978673106034735, 0,-4.952858202159405, 5.978678441274239, 0,-4.952853508293629, 5.978680775441514, 0,-4.9528394266963005, 5.978688111395722, 0,-4.952832385897636, 5.978693113182628, 0,-4.952832385897636, 5.978693113182628, 0,-4.9528102576732635, 5.978708451995524, 0,-4.9528102576732635, 5.978708451995524, 0,-4.952802211046219, 5.9787097858053135, 0,-4.952788129448891, 5.978713787234684, 0,-4.952769689261913, 5.978713453782239, 0,-4.9527643248438835, 5.97871211997245, 0,-4.952746890485287, 5.978706784733264, 0,-4.952741526067257, 5.978704784018573, 0,-4.952741526067257, 5.978704784018573, 0,-4.952731467783451, 5.978710452710202, 0,-4.952726438641548, 5.978712786877338, 0,-4.952704645693302, 5.978724457712863, 0,-4.952704645693302, 5.978724457712863, 0,-4.952682852745056, 5.978719122473805, 0,-4.952673465013504, 5.978716454854251, 0,-4.952666088938713, 5.978713453782239, 0,-4.952616132795811, 5.978704117113659, 0,-4.952616132795811, 5.978704117113659, 0,-4.952578246593475, 5.978714787592029, 0,-4.952578246593475, 5.978714787592029, 0,-4.952564835548401, 5.978704784018573, 0,-4.952564835548401, 5.978704784018573, 0,-4.952536337077618, 5.978684443418631, 0,-4.952536337077618, 5.978684443418631, 0,-4.9525319784879684, 5.978677107464373, 0,-4.9525319784879684, 5.978677107464373, 0,-4.952518902719021, 5.978662435555564, 0,-4.952515214681625, 5.978656433410918, 0,-4.952509850263596, 5.97864509602645, 0,-4.952509850263596, 5.97864509602645, 0,-4.952507168054581, 5.978636092809194, 0,-4.952497445046902, 5.97863309173675, 0,-4.952461235225201, 5.978611083871622, 0,-4.952460899949074, 5.978606748988981, 0,-4.952447488903999, 5.9785794058823525, 0,-4.952447488903999, 5.9785794058823525, 0,-4.952435754239559, 5.978559065277767, 0,-4.9524350836873055, 5.978551062416725, 0,-4.952435754239559, 5.978531722168759, 0,-4.952435754239559, 5.978531722168759, 0,-4.952434413135052, 5.978526720380377, 0,-4.952432401478291, 5.978523052402204, 0,-4.952432066202164, 5.978518384066318, 0,-4.9524203315377235, 5.978489040239782, 0,-4.9524203315377235, 5.978489040239782, 0,-4.952423013746738, 5.978461363674666, 0,-4.952423684298992, 5.978453027359614, 0,-4.952423684298992, 5.978453027359614, 0,-4.952422343194485, 5.978445691402239, 0,-4.9524082615971565, 5.978428018413658, 0,-4.9524082615971565, 5.978428018413658, 0,-4.9524082615971565, 5.978428018413658, 0,-4.952398873865604, 5.978424683887447, 0,-4.952398873865604, 5.978424683887447, 0,-4.952377416193485, 5.978411345782372, 0,-4.952369369566441, 5.978406010540261, 0,-4.952369369566441, 5.978406010540261, 0,-4.952369369566441, 5.978406010540261, 0,-4.952361322939396, 5.978399674940181, 0,-4.9523090198636055, 5.97839400624532, 0,-4.9522989615798, 5.978392005529471, 0,-4.952289238572121, 5.978386336834508, 0,-4.95226576924324, 5.9783743325391345, 0,-4.952263757586479, 5.978368663844006, 0,-4.952249675989151, 5.978340987272809, 0,-4.952249675989151, 5.978340987272809, 0,-4.952243976294994, 5.978337652746063, 0,-4.952243976294994, 5.978337652746063, 0,-4.952238947153091, 5.978330650239835, 0,-4.952238947153091, 5.978330650239835, 0,-4.952233582735062, 5.978322647375459, 0,-4.952220842242241, 5.978309642720602, 0,-4.952220842242241, 5.978309642720602, 0,-4.952211454510689, 5.978303974024812, 0,-4.952211454510689, 5.978303974024812, 0,-4.952159151434898, 5.978286967937049, 0,-4.952159151434898, 5.978286967937049, 0,-4.9521541222929955, 5.978284967220806, 0,-4.952147416770458, 5.978284967220806, 0,-4.95213970541954, 5.978282633051851, 0,-4.9521249532699585, 5.978269961848764, 0,-4.9521249532699585, 5.978269961848764, 0,-4.9521249532699585, 5.978269961848764, 0,-4.9521152302622795, 5.978250955043587, 0,-4.9521152302622795, 5.978250955043587, 0,-4.952108860015869, 5.978240951461633, 0,-4.952108860015869, 5.978240951461633, 0,-4.95210450142622, 5.978232281690472, 0,-4.952101148664951, 5.978223611919185, 0,-4.952101148664951, 5.978223611919185, 0,-4.95209276676178, 5.978204938565142, 0,-4.952087737619877, 5.97819493498236, 0,-4.952087737619877, 5.97819493498236, 0,-4.952087737619877, 5.97819493498236, 0,-4.952082373201847, 5.9781889328326, 0,-4.952056892216206, 5.978180263060613, 0,-4.952056892216206, 5.978180263060613, 0,-4.952051192522049, 5.978177261985663, 0,-4.951979443430901, 5.978157588271691, 0,-4.951979443430901, 5.978157588271691, 0,-4.951979443430901, 5.9781652576856965, 0,-4.951979443430901, 5.9781652576856965, 0,-4.951978102326393, 5.978169592571823, 0,-4.951968044042587, 5.978173927457912, 0,-4.95196133852005, 5.978172260194037, 0,-4.951951615512371, 5.97816825876071, 0,-4.951951615512371, 5.97816825876071, 0,-4.951951615512371, 5.97816825876071, 0,-4.951951615512371, 5.97816825876071, 0,-4.951951615512371, 5.97816825876071, 0,-4.9519311636686325, 5.978173260552374, 0,-4.9519214406609535, 5.978177261985663, 0,-4.951912723481655, 5.978179596155075, 0,-4.951888248324394, 5.97817859579675, 0,-4.951883554458618, 5.978178262343976, 0,-4.951883554458618, 5.978178262343976, 0,-4.951861426234245, 5.978166591496822, 0,-4.951774924993515, 5.978136580745818, 0,-4.951774924993515, 5.978136580745818, 0,-4.951774924993515, 5.978136580745818, 0,-4.951774924993515, 5.978136580745818, 0,-4.951782301068306, 5.9781715932884865, 0,-4.951794706285, 5.978201270584807, 0,-4.95181281119585, 5.978237283481552, 0,-4.951821193099022, 5.978247953969018, 0,-4.951833933591843, 5.978267961132457, 0,-4.951833933591843, 5.978267961132457, 0,-4.951833933591843, 5.978270295301476, 0,-4.951833933591843, 5.978270295301476, 0,-4.951835945248604, 5.978272962923193, 0,-4.951835945248604, 5.978272962923193, 0,-4.9518366158008575, 5.97827729780848, 0,-4.9518366158008575, 5.97827729780848, 0,-4.951836951076984, 5.978283633409973, 0,-4.951835609972477, 5.978301306403235, 0,-4.951835609972477, 5.978301306403235, 0,-4.951833933591843, 5.978309642720602, 0,-4.95182991027832, 5.978316978679796, 0,-4.95182991027832, 5.978316978679796, 0,-4.9518245458602905, 5.978323981186203, 0,-4.951813146471977, 5.978344321799529, 0,-4.951812140643597, 5.978348323231571, 0,-4.951812140643597, 5.978348323231571, 0,-4.951804429292679, 5.978376666707708, 0,-4.951799735426903, 5.9783853364765775, 0,-4.951799735426903, 5.9783853364765775, 0,-4.951794706285, 5.978393672792672, 0,-4.951794706285, 5.978393672792672, 0,-4.951791018247604, 5.978403342919193, 0,-4.951791018247604, 5.978403342919193, 0,-4.951791018247604, 5.9784123461402645, 0,-4.951800741255283, 5.978446691760069, 0,-4.951800741255283, 5.978446691760069, 0,-4.951800741255283, 5.978446691760069, 0,-4.951837956905365, 5.97853338943154, 0,-4.951837956905365, 5.97853338943154, 0,-4.951814152300358, 5.978598746128639, 0,-4.951814152300358, 5.978598746128639, 0,-4.951805770397186, 5.978605081726416, 0,-4.951799735426903, 5.978615418754212, 0,-4.951796047389507, 5.978639760786616, 0,-4.951796047389507, 5.978639760786616, 0,-4.951794371008873, 5.978649430908786, 0,-4.951794371008873, 5.978649430908786, 0,-4.951794035732746, 5.9786581006733295, 0,-4.951787665486336, 5.97872879259455, 0,-4.9517762660980225, 5.97872879259455, 0,-4.951768219470978, 5.97872612497506, 0,-4.951768219470978, 5.97872612497506, 0,-4.951759837567806, 5.978720789736014, 0,-4.951759837567806, 5.978720789736014, 0,-4.951714910566807, 5.978663435912986, 0,-4.951707869768143, 5.978653098886118, 0,-4.9516817182302475, 5.978637760071657, 0,-4.9516817182302475, 5.978637760071657, 0,-4.9516817182302475, 5.978637760071657, 0,-4.951670989394188, 5.978637426619175, 0,-4.951659254729748, 5.97863642626169, 0,-4.951641149818897, 5.97863009066428, 0,-4.951619021594524, 5.9786294237592905, 0,-4.951619021594524, 5.9786294237592905, 0,-4.951619021594524, 5.9786294237592905, 0,-4.951604939997196, 5.9786260892343, 0,-4.951591193675995, 5.978622754709297, 0,-4.951538555324078, 5.978600746843737, 0,-4.9515338614583015, 5.97859374434088, 0,-4.951528161764145, 5.978570069211495, 0,-4.951528161764145, 5.978570069211495, 0,-4.951528161764145, 5.978570069211495, 0,-4.951528161764145, 5.978570069211495, 0,-4.951528161764145, 5.978570069211495, 0,-4.951528161764145, 5.978570069211495, 0,-4.951528161764145, 5.978570069211495, 0,-4.951513074338436, 5.978548061343822, 0,-4.951510392129421, 5.978538057767313, 0,-4.951510392129421, 5.978538057767313, 0,-4.9515073746442795, 5.978520051329137, 0,-4.951524473726749, 5.978479370114775, 0,-4.951526485383511, 5.978473034515547, 0,-4.951526485383511, 5.978473034515547, 0,-4.951526485383511, 5.978473034515547, 0,-4.951529502868652, 5.978466698916243, 0,-4.9515338614583015, 5.978459696411668, 0,-4.951538220047951, 5.97843502091864, 0,-4.951538220047951, 5.97843502091864, 0,-4.951538220047951, 5.97843502091864, 0,-4.951538220047951, 5.97843502091864, 0,-4.951534867286682, 5.978425350792691, 0,-4.951532185077667, 5.978418681740205, 0,-4.951532185077667, 5.978418681740205, 0,-4.951530508697033, 5.9784120126876426, 0,-4.951532520353794, 5.978395340055873, 0,-4.951532520353794, 5.978395340055873, 0,-4.951544925570488, 5.978378000518312, 0,-4.951552636921406, 5.978368330391345, 0,-4.951552636921406, 5.978368330391345, 0,-4.951560012996197, 5.978359327169535, 0,-4.9515727534890175, 5.978346655968229, 0,-4.9515727534890175, 5.978346655968229, 0,-4.9515727534890175, 5.978346655968229, 0,-4.951579459011555, 5.978339986914789, 0,-4.951579459011555, 5.978339986914789, 0,-4.951585829257965, 5.978330650239835, 0,-4.951585829257965, 5.978330650239835, 0,-4.951589852571487, 5.9783206466593555, 0,-4.951598234474659, 5.978302306761331, 0,-4.951603263616562, 5.978292303180318, 0,-4.951603263616562, 5.978292303180318, 0,-4.951615333557129, 5.978240951461633, 0,-4.951615333557129, 5.978240951461633, 0,-4.951614998281002, 5.978236950028802, 0,-4.951619356870651, 5.978217609769731, 0,-4.951619356870651, 5.978217609769731, 0,-4.951622039079666, 5.978211941072973, 0,-4.951622039079666, 5.978211941072973, 0,-4.951624386012554, 5.978206272376166, 0,-4.951624386012554, 5.978206272376166, 0,-4.951626397669315, 5.978199603321008, 0,-4.951626397669315, 5.978199603321008, 0,-4.951626397669315, 5.978199603321008, 0,-4.951626732945442, 5.978189266285362, 0,-4.951626732945442, 5.978189266285362, 0,-4.951626732945442, 5.978189266285362, 0,-4.951623044908047, 5.978180263060613, 0,-4.951612651348114, 5.97815892208283, 0,-4.951611645519733, 5.978149585404784, 0,-4.951611645519733, 5.978149585404784, 0,-4.951622374355793, 5.978122909180933, 0,-4.951623380184174, 5.97811523976633, 0,-4.951623380184174, 5.97811523976633, 0,-4.951629750430584, 5.978095566050132, 0,-4.951629750430584, 5.978095566050132, 0,-4.9516284093260765, 5.9780782265030545, 0,-4.9516284093260765, 5.978068222917957, 0,-4.9516284093260765, 5.978068222917957, 0,-4.951629750430584, 5.978040879784421, 0,-4.951629750430584, 5.978040879784421, 0,-4.951627403497696, 5.9780322100100936, 0,-4.951627403497696, 5.9780322100100936, 0,-4.951626732945442, 5.978025207499947, 0,-4.951626732945442, 5.978025207499947, 0,-4.951620362699032, 5.978000531987326, 0,-4.95161734521389, 5.977993196023882, 0,-4.951613657176495, 5.977985526607473, 0,-4.951613657176495, 5.977985526607473, 0,-4.951602257788181, 5.977937842842112, 0,-4.951602257788181, 5.977937842842112, 0,-4.951596222817898, 5.977908165531518, 0,-4.951596558094025, 5.977900162660959, 0,-4.951596558094025, 5.977900162660959, 0,-4.951598234474659, 5.977893160149133, 0,-4.951598234474659, 5.977893160149133, 0,-4.951599910855293, 5.97788515727837, 0,-4.951599910855293, 5.97788515727837, 0,-4.951601587235928, 5.977867150818695, 0,-4.9516042694449425, 5.977858814494573, 0,-4.9516042694449425, 5.977858814494573, 0,-4.951604939997196, 5.977850478170335, 0,-4.951605275273323, 5.977834138974446, 0,-4.951605275273323, 5.977834138974446, 0,-4.951604939997196, 5.977824468837874, 0,-4.951604939997196, 5.977824468837874, 0,-4.951605945825577, 5.977814798701138, 0,-4.95159488171339, 5.977798792957171, 0,-4.95158214122057, 5.977772783622255, 0,-4.95158214122057, 5.977772783622255, 0,-4.951579794287682, 5.977763113484602, 0,-4.951579794287682, 5.977763113484602, 0,-4.951579794287682, 5.977763113484602, 0,-4.95157677680254, 5.977755444064961, 0,-4.95157677680254, 5.977755444064961, 0,-4.951575435698032, 5.977747107739146, 0,-4.951574094593525, 5.977728100915802, 0,-4.951572418212891, 5.977684418564901, 0,-4.951575770974159, 5.977675415331832, 0,-4.951575770974159, 5.977675415331832, 0,-4.951579459011555, 5.977664744833207, 0,-4.951585829257965, 5.977654741240554, 0</coordinates>
                </LinearRing>
            </outerBoundaryIs>
        </Polygon>
    </MultiGeometry>
  </Placemark><Placemark>
	<Style><LineStyle><color>ff0000ff</color></LineStyle><PolyStyle><fill>0</fill></PolyStyle></Style>
	<ExtendedData><SchemaData schemaUrl="#programmeband_1">
		<SimpleData name="N°">17</SimpleData>
		<SimpleData name="Cooperative">COOP CA SCAAB</SimpleData>
		<SimpleData name="Code_CCC">COOP CA SCAAB</SimpleData>
		<SimpleData name="Code_Producteur">SCAAB-TIA-241</SimpleData>
		<SimpleData name="Code_Parcelle">SCAAB-TIA-241-P1</SimpleData>
		<SimpleData name="Section">TIASSALE</SimpleData>
		<SimpleData name="Localite">TIASSALE</SimpleData>
		<SimpleData name="Sous-Prefecture">TIASSALE</SimpleData>
		<SimpleData name="Region ">AGNEBY-TIASSA</SimpleData>
		<SimpleData name="Nom">KOUAKOU</SimpleData>
		<SimpleData name="Prenoms">MANIZAN</SimpleData>
		<SimpleData name="Genre">Homme</SimpleData>
		<SimpleData name="Programme">Mondelez</SimpleData>
		<SimpleData name="Departement"></SimpleData>
		<SimpleData name="Statut">Candidat</SimpleData>
	</SchemaData>
    </ExtendedData>
      <MultiGeometry>
        <Polygon>
            <outerBoundaryIs>
                <LinearRing>
                    <coordinates>-4.879526607692242, 5.843801760437913, 0,-4.879526607692242, 5.843801760437913, 0,-4.879543371498585, 5.843811432916619, 0,-4.879552088677883, 5.843816769456524, 0,-4.8795658349990845, 5.843832445542194, 0,-4.87957488745451, 5.843848455161132, 0,-4.879620149731636, 5.843886144470605, 0,-4.8796271905303, 5.843900486419562, 0,-4.879634901881218, 5.843906490025991, 0,-4.879641942679882, 5.843913827767098, 0,-4.879647642374039, 5.843918497238659, 0,-4.879661053419113, 5.843924167311209, 0,-4.87967848777771, 5.843931171518424, 0,-4.879696257412434, 5.843942845196881, 0,-4.8797230795025826, 5.843966859620397, 0,-4.879729449748993, 5.843976865629904, 0,-4.879744537174702, 5.84399020697562, 0,-4.879759959876537, 5.843998545316532, 0,-4.879767000675201, 5.844005549522793, 0,-4.879780746996403, 5.844018557334198, 0,-4.879784435033798, 5.8440262286074525, 0,-4.879786446690559, 5.844031898678922, 0,-4.879789799451828, 5.844036901683115, 0,-4.879800863564014, 5.84404223822087, 0,-4.87980455160141, 5.844047574758561, 0,-4.879808574914932, 5.844051910695416, 0,-4.879814274609089, 5.844057914300217, 0,-4.87982265651226, 5.844073590379131, 0,-4.879836738109589, 5.8441149485426624, 0,-4.879850819706917, 5.844125955150181, 0,-4.879868924617767, 5.844142631827846, 0,-4.879889041185379, 5.844173316913425, 0,-4.879904463887215, 5.844179654050464, 0,-4.8799145221710205, 5.844171982779295, 0,-4.879930280148983, 5.8441679803769295, 0,-4.879940338432789, 5.844170315111654, 0,-4.879949055612087, 5.844173983980471, 0,-4.879968836903572, 5.844179654050464, 0,-4.879991300404072, 5.844192661857823, 0,-4.880000352859497, 5.844198665461122, 0,-4.880007393658161, 5.844205336131366, 0,-4.880043603479862, 5.844230684677613, 0,-4.880084842443466, 5.84423201881159, 0,-4.880100265145302, 5.844230684677613, 0,-4.880143515765667, 5.844255699689218, 0,-4.880149215459824, 5.844257700890101, 0,-4.880156591534615, 5.844262036825315, 0,-4.880165979266167, 5.844265705693546, 0,-4.8801857605576515, 5.844271042229126, 0,-4.880207218229771, 5.844282382367051, 0,-4.8802172765135765, 5.84428871950283, 0,-4.880227334797382, 5.844296057238936, 0,-4.880236387252808, 5.844303061441482, 0,-4.880242757499218, 5.844309065043598, 0,-4.880257844924927, 5.844325741715779, 0,-4.880264885723591, 5.844334080051705, 0,-4.88026924431324, 5.844341084253767, 0,-4.880277626216412, 5.8443547591242275, 0,-4.880284331738949, 5.844361096259205, 0,-4.880305789411068, 5.844377439396438, 0,-4.880315512418747, 5.844379774130298, 0,-4.880325235426426, 5.844382775930949, 0,-4.880335293710232, 5.844387445398604, 0,-4.88034401088953, 5.8443937825332, 0,-4.880408048629761, 5.844426135271917, 0,-4.880440905690193, 5.844459155075478, 0,-4.880510978400707, 5.844482835943513, 0,-4.880528748035431, 5.844494843143802, 0,-4.880583398044109, 5.844488172476993, 0,-4.880643747746944, 5.844487838943661, 0,-4.880655147135258, 5.844487838943661, 0,-4.88068800419569, 5.844485504210247, 0,-4.880694039165974, 5.844485170676915, 0,-4.880712144076824, 5.8444928419437705, 0,-4.8807235434651375, 5.84449751141051, 0,-4.880746342241764, 5.844507183877181, 0,-4.880763776600361, 5.8445181904769905, 0,-4.880773164331913, 5.84452652881004, 0,-4.880788251757622, 5.844535867742896, 0,-4.880792610347271, 5.844542871942451, 0,-4.880798310041428, 5.844548875541998, 0,-4.880813732743263, 5.844563217473971, 0,-4.88081943243742, 5.844569554606582, 0,-4.880826473236084, 5.844582228871589, 0,-4.880838543176651, 5.844632592395548, 0,-4.880839213728905, 5.844641931326636, 0,-4.8808429017663, 5.84467294991808, 0,-4.880848601460457, 5.844689960112652, 0,-4.880932420492172, 5.84474499309157, 0,-4.880959242582321, 5.844758667952159, 0,-4.880964942276478, 5.844769007480672, 0,-4.880991764366627, 5.844799358998761, 0,-4.881002493202686, 5.844815035056913, 0,-4.881015568971634, 5.84483104464776, 0,-4.881030321121216, 5.84484705423815, 0,-4.8810457438230515, 5.844862063228722, 0,-4.881063848733902, 5.844886744679018, 0,-4.881067872047424, 5.8448937488741715, 0,-4.881078265607357, 5.844908090797302, 0,-4.881092682480812, 5.84495111656452, 0,-4.8811255395412445, 5.844973463279519, 0,-4.881149008870125, 5.844970461482023, 0,-4.881166443228722, 5.844971795614245, 0,-4.881173484027386, 5.844976465076989, 0,-4.881188236176968, 5.8449884722667065, 0,-4.881199635565281, 5.84500414831954, 0,-4.881213381886482, 5.845016155508659, 0,-4.8812539502978325, 5.845032165093769, 0,-4.881261996924877, 5.845038168688048, 0,-4.881291836500168, 5.845062183064582, 0,-4.881304241716862, 5.845076191450411, 0,-4.8813216760754585, 5.84508452977514, 0,-4.881337434053421, 5.845100539358291, 0,-4.881364926695824, 5.845121218402495, 0,-4.881369285285473, 5.845125554331017, 0,-4.8813726380467415, 5.8451292231936, 0,-4.881391748785973, 5.845147233973155, 0,-4.88144975155592, 5.845174917207271, 0,-4.881454110145569, 5.845175250740209, 0,-4.8814574629068375, 5.845180587267111, 0,-4.881460480391979, 5.845180253734174, 0,-4.88146685063839, 5.845170581279119, 0,-4.881523177027702, 5.845132892056144, 0,-4.881538935005665, 5.845122552534347, 0,-4.881563410162926, 5.845092534566767, 0,-4.881582856178284, 5.845079526780323, 0,-4.8816002905368805, 5.845072189054496, 0,-4.8816197365522385, 5.845058180668564, 0,-4.8816365003585815, 5.845045839947335, 0,-4.881647899746895, 5.845037168089006, 0,-4.881651923060417, 5.845029163296591, 0,-4.881672039628029, 5.844992141130167, 0,-4.881670363247395, 5.844973796812559, 0,-4.881671369075775, 5.844965124953123, 0,-4.881671704351902, 5.844957787225807, 0,-4.881705567240715, 5.844916429124538, 0,-4.88173071295023, 5.844884743480373, 0,-4.881759881973267, 5.844873403354661, 0,-4.881776310503483, 5.844865065026777, 0,-4.881795085966587, 5.844853057834427, 0,-4.8818038031458855, 5.844846053638764, 0,-4.881818890571594, 5.844839382976141, 0,-4.881858453154564, 5.844820705120392, 0,-4.8818594589829445, 5.8448093649933694, 0,-4.881881587207317, 5.844776345210469, 0,-4.881887957453728, 5.84477334341193, 0,-4.881888292729855, 5.8447723428124165, 0,-4.881883934140205, 5.844769007480672, 0,-4.881889969110489, 5.844760002084877, 0,-4.88188561052084, 5.8447509966889415, 0,-4.881859123706818, 5.844713640970916, 0,-4.881853424012661, 5.84470730383992, 0,-4.881848394870758, 5.844701633775308, 0,-4.881838671863079, 5.8446869583136545, 0,-4.881833642721176, 5.844679287049445, 0,-4.881817549467087, 5.844665945720153, 0,-4.881804473698139, 5.8446522708573125, 0,-4.881795085966587, 5.844633259462061, 0,-4.881773293018341, 5.844610245666937, 0,-4.88176591694355, 5.844604909134589, 0,-4.881757199764252, 5.844593235469935, 0,-4.88171461969614, 5.844532865943071, 0,-4.881666339933872, 5.8444584880087636, 0,-4.881659299135208, 5.844432805939464, 0,-4.8816197365522385, 5.844397117867171, 0,-4.88160565495491, 5.844384110064571, 0,-4.881592243909836, 5.844367766927515, 0,-4.8815590515732765, 5.844349756122884, 0,-4.88154262304306, 5.844339750120056, 0,-4.8815275356173515, 5.844324741115478, 0,-4.881520494818687, 5.844318070446633, 0,-4.881515130400658, 5.844312400378065, 0,-4.881508760154247, 5.844303728508375, 0,-4.881502389907837, 5.8442937225047205, 0,-4.8814960196614265, 5.844283382967442, 0,-4.88147858530283, 5.844263704492701, 0,-4.8814671859145164, 5.844253698488334, 0,-4.881434664130211, 5.844226682275643, 0,-4.881424605846405, 5.844215342136598, 0,-4.881412871181965, 5.844196997793546, 0,-4.881393760442734, 5.844175651648124, 0,-4.881382025778294, 5.844167646843394, 0,-4.881361909210682, 5.844142298294297, 0,-4.881338439881802, 5.844116282676921, 0,-4.881282113492489, 5.844013554329851, 0,-4.881271384656429, 5.844004882455531, 0,-4.88124456256628, 5.843961856615593, 0,-4.881202317774296, 5.843918497238659, 0,-4.881167784333229, 5.8438594617739055, 0,-4.881163090467453, 5.843850456363466, 0,-4.881141297519207, 5.843796423897881, 0,-4.881097376346588, 5.843757733981045, 0,-4.88107156008482, 5.843733052480954, 0,-4.881060495972633, 5.843714041054482, 0,-4.881039373576641, 5.843686357748116, 0,-4.881008863449097, 5.843659007974218, 0,-4.880942143499851, 5.843577959246146, 0,-4.880938120186329, 5.843568286763407, 0,-4.880919009447098, 5.843535600441208, 0,-4.880902245640755, 5.843512920134889, 0,-4.880893528461456, 5.843499912311729, 0,-4.880874082446098, 5.843457553500887, 0,-4.880872070789337, 5.843447547482105, 0,-4.88087173551321, 5.843437541463146, 0,-4.880863018333912, 5.8434158617548, 0,-4.880843907594681, 5.843397183851559, 0,-4.880793951451778, 5.843332478253329, 0,-4.880775511264801, 5.843311132074944, 0,-4.880724884569645, 5.8432824481464705, 0,-4.880712144076824, 5.8432754439311525, 0,-4.880700409412384, 5.843267439113535, 0,-4.8806896805763245, 5.843259767829898, 0,-4.880671575665474, 5.843243424660033, 0,-4.880661517381668, 5.843238421648753, 0,-4.8806387186050415, 5.843226747955588, 0,-4.880617596209049, 5.843211738921163, 0,-4.8805830627679825, 5.843165044144841, 0,-4.8805733397603035, 5.843156372257378, 0,-4.880553223192692, 5.843138027879619, 0,-4.8805344477295876, 5.84312235177451, 0,-4.880524724721909, 5.84311568109134, 0,-4.880470745265484, 5.843059313815486, 0,-4.8804546520113945, 5.843042637105571, 0,-4.8804472759366035, 5.8430366334898665, 0,-4.880443252623081, 5.8430289622030624, 0,-4.880439564585686, 5.843019289710832, 0,-4.880434535443783, 5.843012952560676, 0,-4.880409389734268, 5.842993941109739, 0,-4.880382567644119, 5.842975263192415, 0,-4.880376867949963, 5.842969259575986, 0,-4.880376867949963, 5.842969259575986, 0,-4.88037183880806, 5.842962588891022, 0,-4.880367144942284, 5.842955918205957, 0,-4.880362451076508, 5.842951248726369, 0,-4.880357086658478, 5.842946579246728, 0,-4.880334623157978, 5.842917228231032, 0,-4.8802997544407845, 5.842871200498754, 0,-4.8802997544407845, 5.842871200498754, 0,-4.880292043089867, 5.842860860935191, 0,-4.880282320082188, 5.842852856111644, 0,-4.880272261798382, 5.842844851287984, 0,-4.880272261798382, 5.842844851287984, 0,-4.880264550447464, 5.842836512929896, 0,-4.880255162715912, 5.842829175174669, 0,-4.880244433879852, 5.842818835610329, 0,-4.8802350461483, 5.84280983018316, 0,-4.88022867590189, 5.842801158290201, 0,-4.880222305655479, 5.842794154068865, 0,-4.880215600132942, 5.842786149244377, 0,-4.880215600132942, 5.842786149244377, 0,-4.880201183259487, 5.842768805457582, 0,-4.88018374890089, 5.842751461670253, 0,-4.880165308713913, 5.842733117279212, 0,-4.880155250430107, 5.84272344478188, 0,-4.880147874355316, 5.842714439353197, 0,-4.880126751959324, 5.842687756600647, 0,-4.879994317889214, 5.842580358508769, 0,-4.879983589053154, 5.842572020146738, 0,-4.879976883530617, 5.842566016525983, 0,-4.879957437515259, 5.8425520080773445, 0,-4.879949055612087, 5.842543669714893, 0,-4.879930950701237, 5.842531996007251, 0,-4.879911839962006, 5.842521989971931, 0,-4.879900775849819, 5.8425193216958204, 0,-4.879889376461506, 5.842514318678066, 0,-4.879852160811424, 5.842500643762644, 0,-4.8798370733857155, 5.842494640141152, 0,-4.87981092184782, 5.842486635312376, 0,-4.879728779196739, 5.842448612374129, 0,-4.879728779196739, 5.842448612374129, 0,-4.879708997905254, 5.84243860633732, 0,-4.8796892166137695, 5.842426265558345, 0,-4.879656359553337, 5.842401583999579, 0,-4.879622831940651, 5.842384240200876, 0,-4.879511520266533, 5.8423295405245215, 0,-4.8794639110565186, 5.842303858357553, 0,-4.87943172454834, 5.842295186456758, 0,-4.879392832517624, 5.842279176793394, 0,-4.8793750628829, 5.842269837822893, 0,-4.879358969628811, 5.842245156257219, 0,-4.879332818090916, 5.84222647831492, 0,-4.879248663783073, 5.842160104907756, 0,-4.879231229424477, 5.842141760497352, 0,-4.87922016531229, 5.842121414877833, 0,-4.87920843064785, 5.842112409439456, 0,-4.8791055008769035, 5.842151766539466, 0,-4.879094772040844, 5.8421617725814015, 0,-4.879038110375404, 5.842208467441398, 0,-4.879007264971733, 5.842237818494243, 0,-4.878988154232502, 5.842258497644206, 0,-4.878981448709965, 5.84226783661491, 0,-4.878975413739681, 5.842275507912147, 0,-4.878964014351368, 5.84229885533789, 0,-4.878957644104958, 5.842309528446477, 0,-4.878940545022488, 5.842326538712865, 0,-4.878921769559383, 5.8423398800979065, 0,-4.878895618021488, 5.8423632275209645, 0,-4.878890588879585, 5.842375234766723, 0,-4.8788634315133095, 5.8424162595211415, 0,-4.878855049610138, 5.842425932023779, 0,-4.878848008811474, 5.842436938664503, 0,-4.878831245005131, 5.842454282461577, 0,-4.87881314009428, 5.842474628068997, 0,-4.878804758191109, 5.842485634708766, 0,-4.878763183951378, 5.842543336180391, 0,-4.878740385174751, 5.842555009887804, 0,-4.878718927502632, 5.842564682388036, 0,-4.87870953977108, 5.842570352474314, 0,-4.878690764307976, 5.84257869083637, 0,-4.87863477319479, 5.842602705318396, 0,-4.878610633313656, 5.842616713765775, 0,-4.878584146499634, 5.842625052127145, 0,-4.878526479005814, 5.8426237179893254, 0,-4.87849798053503, 5.842623050920421, 0,-4.878470152616501, 5.84263105574725, 0,-4.87845104187727, 5.842653736089294, 0,-4.87846277654171, 5.842668745138679, 0,-4.878467135131359, 5.842672747551769, 0,-4.878469482064247, 5.842690758410369, 0,-4.878471828997135, 5.842701765045889, 0,-4.8784879222512245, 5.842727447194601, 0,-4.878532849252224, 5.842760800632726, 0,-4.878588169813156, 5.842793820534515, 0,-4.878672324120998, 5.842910891079706, 0,-4.878803417086601, 5.843046305981779, 0,-4.878818839788437, 5.843058646747091, 0,-4.878893606364727, 5.843123352376974, 0,-4.878929145634174, 5.8431720483615335, 0,-4.879034757614136, 5.843276110999293, 0,-4.879067614674568, 5.843309130870677, 0,-4.879135340452194, 5.843370501131539, 0,-4.879200384020805, 5.843409191075143, 0,-4.879228211939335, 5.843437207929178, 0,-4.879235588014126, 5.843445546278334, 0,-4.879259057343006, 5.843460221772531, 0,-4.879288896918297, 5.8434708948589815, 0,-4.879322089254856, 5.843513920736654, 0,-4.8793261125683784, 5.84353526690729, 0,-4.879348240792751, 5.843555278941532, 0,-4.879357293248177, 5.843581628118869, 0,-4.879353269934654, 5.8435953030078664, 0,-4.8793696984648705, 5.843616982709266, 0,-4.879405237734318, 5.843666345718569, 0,-4.879407584667206, 5.843669681056878, 0,-4.879419654607773, 5.843675017598119, 0,-4.879438430070877, 5.843680354139321, 0,-4.879470616579056, 5.8437147081220875, 0,-4.879482351243496, 5.84372771594026, 0,-4.879499450325966, 5.843748728568965, 0</coordinates>
                </LinearRing>
            </outerBoundaryIs>
        </Polygon>
    </MultiGeometry>
  </Placemark><Placemark>
	<Style><LineStyle><color>ff0000ff</color></LineStyle><PolyStyle><fill>0</fill></PolyStyle></Style>
	<ExtendedData><SchemaData schemaUrl="#programmeband_1">
		<SimpleData name="N°">18</SimpleData>
		<SimpleData name="Cooperative">COOP CA SCAAB</SimpleData>
		<SimpleData name="Code_CCC">COOP CA SCAAB</SimpleData>
		<SimpleData name="Code_Producteur">SCAAB-TIA-240</SimpleData>
		<SimpleData name="Code_Parcelle">SCAAB-TIA-240-P1</SimpleData>
		<SimpleData name="Section">TIASSALE</SimpleData>
		<SimpleData name="Localite">TIASSALE</SimpleData>
		<SimpleData name="Sous-Prefecture">TIASSALE</SimpleData>
		<SimpleData name="Region ">AGNEBY-TIASSA</SimpleData>
		<SimpleData name="Nom">KOUAKOU</SimpleData>
		<SimpleData name="Prenoms">KOUASSI BAH</SimpleData>
		<SimpleData name="Genre">Homme</SimpleData>
		<SimpleData name="Programme">Mondelez</SimpleData>
		<SimpleData name="Departement"></SimpleData>
		<SimpleData name="Statut">Candidat</SimpleData>
	</SchemaData>
    </ExtendedData>
      <MultiGeometry>
        <Polygon>
            <outerBoundaryIs>
                <LinearRing>
                    <coordinates>-4.92960512638092, 5.983739892862305, 0,-4.92960512638092, 5.983739892862305, 0,-4.929584674537182, 5.983737558716632, 0,-4.929574951529503, 5.983738225615388, 0,-4.92955919355154, 5.983741560109209, 0,-4.929550476372242, 5.983742893906735, 0,-4.929545782506466, 5.983742560457356, 0,-4.929514266550541, 5.983740559761062, 0,-4.92950152605772, 5.9837388925141575, 0,-4.929475039243698, 5.983736891817863, 0,-4.929459951817989, 5.983737225267241, 0,-4.929446205496788, 5.983738559064779, 0,-4.929419048130512, 5.983747228748652, 0,-4.929409325122833, 5.983753897736153, 0,-4.929401949048042, 5.983758232577982, 0,-4.92939256131649, 5.983761567071674, 0,-4.929383508861065, 5.983761233622297, 0,-4.929364062845707, 5.983760566723565, 0,-4.929354004561901, 5.983762900869137, 0,-4.929345287382603, 5.983768569508351, 0,-4.929327517747879, 5.983775238495598, 0,-4.9293177947402, 5.983778239539837, 0,-4.929299354553223, 5.983786242324368, 0,-4.929289296269417, 5.983789576817883, 0,-4.92927823215723, 5.983793244760751, 0,-4.929268844425678, 5.9837942451087835, 0,-4.929256774485111, 5.9837979130516015, 0,-4.929246045649052, 5.983802914791766, 0,-4.929235987365246, 5.983806582734532, 0,-4.92922592908144, 5.983810250677274, 0,-4.9292148649692535, 5.983813585170648, 0,-4.929192736744881, 5.983821921403998, 0,-4.929182678461075, 5.9838252558972975, 0,-4.929172620177269, 5.983831257985202, 0,-4.929159879684448, 5.983837593522359, 0,-4.9291374161839485, 5.983846596653969, 0,-4.929128363728523, 5.983846596653969, 0,-4.929118975996971, 5.983855266336123, 0,-4.929117299616337, 5.983860601525069, 0,-4.929112941026688, 5.983874606395825, 0,-4.92911159992218, 5.983889945063383, 0,-4.929111264646053, 5.983897614396996, 0,-4.929112941026688, 5.9839089516725865, 0,-4.929111935198307, 5.9839132865131806, 0,-4.929110258817673, 5.983929958976712, 0,-4.929108582437038, 5.983938628657544, 0,-4.929102212190628, 5.983954300772546, 0,-4.929097853600979, 5.9839633039022475, 0,-4.929078742861748, 5.983993647782716, 0,-4.929071366786957, 5.983999316419552, 0,-4.9290656670928, 5.984005651954749, 0,-4.929056614637375, 5.984009653345367, 0,-4.929038509726524, 5.984016322329662, 0,-4.929030127823353, 5.984019323372565, 0,-4.929010346531868, 5.984025658907545, 0,-4.9289992824196815, 5.984030660645624, 0,-4.928983859717846, 5.984039663774066, 0,-4.928973466157913, 5.984048000003968, 0,-4.928963407874107, 5.984058003479679, 0,-4.92895133793354, 5.98407434248962, 0,-4.928952008485794, 5.984084679414024, 0,-4.928952008485794, 5.984084679414024, 0,-4.92895133793354, 5.984091014948241, 0,-4.92895133793354, 5.984096350134896, 0,-4.928950667381287, 5.984108020855514, 0,-4.92895033210516, 5.984114356389452, 0,-4.928948991000652, 5.984119691575878, 0,-4.928947314620018, 5.984132362643422, 0,-4.928945638239384, 5.984140365422775, 0,-4.928946308791637, 5.984157037879386, 0,-4.928947985172272, 5.984165374107493, 0,-4.92895033210516, 5.984180712766882, 0,-4.928948991000652, 5.984187715198202, 0,-4.928946979343891, 5.984205388000658, 0,-4.928946979343891, 5.984214057677126, 0,-4.9289486557245255, 5.984227729089726, 0,-4.928949996829033, 5.984235731867693, 0,-4.928956367075443, 5.984247069136248, 0,-4.928961060941219, 5.984249403279758, 0,-4.928969107568264, 5.984254405015788, 0,-4.928973130881786, 5.984255405363007, 0,-4.928983189165592, 5.98425107052511, 0,-4.928988218307495, 5.9842514039741825, 0,-4.928995594382286, 5.984252737770449, 0,-4.929005652666092, 5.984254738464861, 0,-4.92900799959898, 5.984256072261127, 0,-4.929011687636375, 5.984258072955527, 0,-4.929027110338211, 5.984267742978336, 0,-4.929045215249062, 5.984272744714214, 0,-4.929061308503151, 5.984272077816093, 0,-4.929067678749561, 5.984271744367046, 0,-4.9290743842720985, 5.984271744367046, 0,-4.929079748690128, 5.984271410917973, 0,-4.929085113108158, 5.984270077121745, 0,-4.9290938302874565, 5.984266075733035, 0,-4.929111264646053, 5.98425907330272, 0,-4.929122664034367, 5.984255405363007, 0,-4.92914043366909, 5.9842540715667285, 0,-4.929148145020008, 5.984254405015788, 0,-4.929156191647053, 5.984255738812068, 0,-4.929176643490791, 5.984255405363007, 0,-4.9291860312223434, 5.984253738117655, 0,-4.9291930720210075, 5.984251737423256, 0,-4.929205812513828, 5.98425107052511, 0,-4.929211847484112, 5.9842514039741825, 0,-4.92921955883503, 5.984251737423256, 0,-4.929234646260738, 5.984252737770449, 0,-4.9292416870594025, 5.984251737423256, 0,-4.929256774485111, 5.9842540715667285, 0,-4.929264485836029, 5.9842550719139345, 0,-4.9292899668216705, 5.984264741936794, 0,-4.9292953312397, 5.9842667426311555, 0,-4.929299354553223, 5.984268743325517, 0,-4.929310418665409, 5.984273411612321, 0,-4.9293167889118195, 5.984276412653812, 0,-4.9293214827775955, 5.984278079899087, 0,-4.929334223270416, 5.984285415778208, 0,-4.929339587688446, 5.984290750962955, 0,-4.929351657629013, 5.984297419943828, 0,-4.92936909198761, 5.984306423067868, 0,-4.929381832480431, 5.984314425844664, 0,-4.929395243525505, 5.984324762764525, 0,-4.929397255182266, 5.984329764499881, 0,-4.92940329015255, 5.984342769011574, 0,-4.929410666227341, 5.984351105236858, 0,-4.9294160306453705, 5.984353772828907, 0,-4.929426088929176, 5.98436410974803, 0,-4.929435141384602, 5.984386117381639, 0,-4.929440505802631, 5.984404790524596, 0,-4.929441846907139, 5.9844234636669285, 0,-4.929446205496788, 5.984435134380561, 0,-4.929449558258057, 5.984438802319079, 0,-4.92945559322834, 5.9844421368086245, 0,-4.929470345377922, 5.984450473032382, 0,-4.929480068385601, 5.984454140970797, 0,-4.929489456117153, 5.984456141664471, 0,-4.929507561028004, 5.9844521402771225, 0,-4.929516613483429, 5.984450473032382, 0,-4.929543435573578, 5.984441136461762, 0,-4.92955919355154, 5.984430132646185, 0,-4.929565899074078, 5.9844244640138164, 0,-4.929573945701122, 5.9844201291772805, 0,-4.9296195432543755, 5.984407791565373, 0,-4.929623901844025, 5.984406457769476, 0,-4.929632283747196, 5.984416127789665, 0,-4.929635636508465, 5.984419462279351, 0,-4.929634965956211, 5.984426464707605, 0,-4.92963831871748, 5.984430132646185, 0,-4.929646365344524, 5.984430132646185, 0,-4.929656758904457, 5.984427465054493, 0,-4.9296751990914345, 5.984426464707605, 0,-4.929685592651367, 5.984424130564871, 0,-4.9297016859054565, 5.984420462626251, 0,-4.92971308529377, 5.984414127095838, 0,-4.929720461368561, 5.984405790871521, 0,-4.929722473025322, 5.984399788789939, 0,-4.929724149405956, 5.984396787749122, 0,-4.929726496338844, 5.984392786361342, 0,-4.9297429248690605, 5.984390118769471, 0,-4.929749965667725, 5.984390118769471, 0,-4.9297647178173065, 5.984389785320487, 0,-4.929771758615971, 5.984390118769471, 0,-4.929781146347523, 5.984392786361342, 0,-4.929801933467388, 5.9844041236266525, 0,-4.929819703102112, 5.98441379364688, 0,-4.929826073348522, 5.984417461585537, 0,-4.929839484393597, 5.984420462626251, 0,-4.929846189916134, 5.984421462973139, 0,-4.929851554334164, 5.984420462626251, 0,-4.929882735013962, 5.984431466442019, 0,-4.929891787469387, 5.9844304660951435, 0,-4.92991391569376, 5.984425130911759, 0,-4.9299256503582, 5.9844244640138164, 0,-4.92993738502264, 5.984422796768999, 0,-4.929946772754192, 5.984421462973139, 0,-4.929955489933491, 5.984419462279351, 0,-4.92997158318758, 5.984413460197896, 0,-4.929981641471386, 5.984410125708184, 0,-4.929990358650684, 5.984404457075624, 0,-4.929997734725475, 5.984397788096062, 0,-4.930015839636326, 5.984380448748825, 0,-4.9300292506814, 5.984373446319973, 0,-4.9300336092710495, 5.98436977838101, 0,-4.9300433322787285, 5.984366110442035, 0,-4.930048361420631, 5.984364443197039, 0,-4.9300530552864075, 5.984364443197039, 0,-4.930060096085072, 5.984363442850024, 0,-4.930077865719795, 5.984358107665989, 0,-4.930086582899094, 5.984354439726926, 0,-4.930096305906773, 5.984352105583873, 0,-4.93012111634016, 5.984344102807625, 0,-4.930141568183899, 5.984337433827323, 0,-4.930151626467705, 5.9843337658881195, 0,-4.930168054997921, 5.9843270969077045, 0,-4.930173754692078, 5.98432643000966, 0,-4.93018951267004, 5.984330431397924, 0,-4.930207617580891, 5.98433643348027, 0,-4.930219687521458, 5.984340434868458, 0,-4.930244162678719, 5.9843491045427895, 0,-4.930254891514778, 5.984352772481891, 0,-4.930276684463024, 5.984356440420968, 0,-4.930285736918449, 5.984358107665989, 0,-4.930296801030636, 5.984359774910998, 0,-4.930328316986561, 5.984366777340028, 0,-4.930337704718113, 5.984366777340028, 0,-4.93034340441227, 5.984369444932013, 0,-4.930354468524456, 5.984379448401847, 0,-4.930365867912769, 5.984392119463374, 0,-4.930373579263687, 5.984397788096062, 0,-4.930381625890732, 5.9844041236266525, 0,-4.930388666689396, 5.984409458810242, 0,-4.930404759943485, 5.9844234636669285, 0,-4.930414818227291, 5.984427798503451, 0,-4.9304235354065895, 5.984431132993061, 0,-4.9304476752877235, 5.984441136461762, 0,-4.9304647743701935, 5.984447805440791, 0,-4.930475167930126, 5.984450806481328, 0,-4.930483885109425, 5.9844554747665795, 0,-4.930499643087387, 5.984462810643321, 0,-4.930511377751827, 5.9844664785816475, 0,-4.9305180832743645, 5.984468145826351, 0,-4.930524788796902, 5.984469813071028, 0,-4.930533841252327, 5.984472480662517, 0,-4.930543564260006, 5.984472147213585, 0,-4.930563010275364, 5.984473147560384, 0,-4.930574409663677, 5.9844744813561155, 0,-4.930594861507416, 5.9844744813561155, 0,-4.930602572858334, 5.9844744813561155, 0,-4.930612295866013, 5.984471813764639, 0,-4.930616654455662, 5.984468479275271, 0,-4.93062000721693, 5.984463810990146, 0,-4.930623359978199, 5.9844521402771225, 0,-4.930625036358833, 5.984446805093941, 0,-4.930624030530453, 5.984439135768037, 0,-4.93063073605299, 5.984421796422111, 0,-4.930633753538132, 5.984412126402024, 0,-4.930633418262005, 5.984402122932788, 0,-4.930634424090385, 5.984388784973523, 0,-4.930633418262005, 5.984379781850831, 0,-4.930631406605244, 5.984365776993026, 0,-4.930630065500736, 5.984359108012992, 0,-4.930624030530453, 5.98435010488983, 0,-4.930620342493057, 5.984345436603674, 0,-4.930620342493057, 5.984345436603674, 0,-4.930614307522774, 5.984337433827323, 0,-4.930611290037632, 5.984332765541066, 0,-4.930607937276363, 5.9843287641528145, 0,-4.930603578686714, 5.984325763111603, 0,-4.930589832365513, 5.984319094131087, 0,-4.930582791566849, 5.984314759293712, 0,-4.930574744939804, 5.984309757558216, 0,-4.9305713921785355, 5.984304755822682, 0,-4.930560663342476, 5.984296086147651, 0,-4.930555298924446, 5.984293418555322, 0,-4.93054524064064, 5.984288416819635, 0,-4.930540546774864, 5.9842827481858025, 0,-4.930532835423946, 5.984276412653812, 0,-4.930526129901409, 5.984269743672697, 0,-4.930512718856335, 5.984253738117655, 0,-4.930509701371193, 5.9842464022381145, 0,-4.9305060133337975, 5.984227062191567, 0,-4.930505678057671, 5.984219392862572, 0,-4.930502995848656, 5.9842047211024605, 0,-4.930503666400909, 5.984195051078545, 0,-4.9304986372590065, 5.984179045521315, 0,-4.93049394339323, 5.984169042047816, 0,-4.9304865673184395, 5.984146034058071, 0,-4.930483549833298, 5.984134363338267, 0,-4.930480532348156, 5.9841223591690715, 0,-4.9304694682359695, 5.984101351872338, 0,-4.930463097989559, 5.984093015643238, 0,-4.9304573982954025, 5.9840856797615345, 0,-4.930448345839977, 5.984071341447023, 0,-4.930445998907089, 5.984064005565027, 0,-4.9304429814219475, 5.984056002784555, 0,-4.9304309114813805, 5.984039663774066, 0,-4.930425547063351, 5.984029993747224, 0,-4.93041917681694, 5.984021324067842, 0,-4.930409789085388, 5.984008652997715, 0,-4.930405095219612, 5.984002317462544, 0,-4.930400066077709, 5.983994314681181, 0,-4.930385649204254, 5.983983644305822, 0,-4.9303776025772095, 5.983978642567311, 0,-4.930368214845657, 5.983971306684068, 0,-4.930359497666359, 5.983964304249975, 0,-4.930352456867695, 5.983956301468065, 0,-4.930345751345158, 5.983952633526304, 0,-4.9303387105464935, 5.983949632483019, 0,-4.930333010852337, 5.983943963845675, 0,-4.930327981710434, 5.98394029590385, 0,-4.9303145706653595, 5.98393396036789, 0,-4.930309541523457, 5.983929292078185, 0,-4.93029847741127, 5.98391595410738, 0,-4.93029311299324, 5.983909285121864, 0,-4.930289424955845, 5.983903949933389, 0,-4.930286407470703, 5.983897280947707, 0,-4.9302830547094345, 5.983889278164791, 0,-4.9302830547094345, 5.983870938453517, 0,-4.9302830547094345, 5.983863936018151, 0,-4.930283389985561, 5.983848930799184, 0,-4.930283389985561, 5.983843262160796, 0,-4.930284731090069, 5.983838260420987, 0,-4.930281043052673, 5.9838252558972975, 0,-4.930278696119785, 5.983818920360001, 0,-4.930277019739151, 5.983810917575953, 0,-4.9302709847688675, 5.983794578558137, 0,-4.930267296731472, 5.983786242324368, 0,-4.930262602865696, 5.983780240235979, 0,-4.930258579552174, 5.983775238495598, 0,-4.93024080991745, 5.983756565331128, 0,-4.93023544549942, 5.983745894951139, 0,-4.930228069424629, 5.983727888684446, 0,-4.930222034454346, 5.983709548967752, 0,-4.930217005312443, 5.983707214821939, 0,-4.930204935371876, 5.983708548619553, 0,-4.930199906229973, 5.983710882765341, 0,-4.93019487708807, 5.983712883461738, 0,-4.93019487708807, 5.983712883461738, 0,-4.930182471871376, 5.983713550360533, 0,-4.930175766348839, 5.983713550360533, 0,-4.930156990885735, 5.983715217607513, 0,-4.930139891803265, 5.983710882765341, 0,-4.930130168795586, 5.983707548271343, 0,-4.930121451616287, 5.983701879631492, 0,-4.930102005600929, 5.983687541306905, 0,-4.9300942942500114, 5.983681205768018, 0,-4.930087253451347, 5.983677204374995, 0,-4.930079206824303, 5.983671202285411, 0,-4.930061437189579, 5.983656197061138, 0,-4.930042661726475, 5.983649528072454, 0,-4.930032603442669, 5.983649528072454, 0,-4.930023550987244, 5.983650861870196, 0,-4.930015169084072, 5.983652862566808, 0,-4.930006787180901, 5.983654863263409, 0,-4.929998405277729, 5.983657864308309, 0,-4.929977282881737, 5.983663866398034, 0,-4.929959513247013, 5.983667867791158, 0,-4.929950460791588, 5.9836695350382785, 0,-4.929940737783909, 5.983672869532506, 0,-4.929920956492424, 5.983681872666838, 0,-4.929912239313126, 5.983685540610419, 0,-4.929899834096432, 5.983691542699851, 0,-4.929889440536499, 5.9836965444409955, 0,-4.929782822728157, 5.983738225615388, 0,-4.929802939295769, 5.983738559064779, 0,-4.929824732244015, 5.983742893906735, 0,-4.929816350340843, 5.983734224222785, 0,-4.929808638989925, 5.983727555235043, 0,-4.929797910153866, 5.983721553146018, 0,-4.929773770272732, 5.983709215518348, 0,-4.929763711988926, 5.983706547923144, 0,-4.929752312600613, 5.9837032134291075, 0,-4.9297332018613815, 5.983701879631492, 0,-4.929723143577576, 5.9837032134291075, 0,-4.929712079465389, 5.983704880676125, 0,-4.929688945412636, 5.9837055475749334, 0,-4.929679557681084, 5.9837055475749334, 0,-4.929660111665726, 5.983709882417143, 0,-4.929642006754875, 5.983715551056917, 0,-4.929625578224659, 5.983724554190549, 0,-4.929588362574577, 5.983736558368472, 0,-4.929588362574577, 5.983736558368472, 0</coordinates>
                </LinearRing>
            </outerBoundaryIs>
        </Polygon>
    </MultiGeometry>
  </Placemark><Placemark>
	<Style><LineStyle><color>ff0000ff</color></LineStyle><PolyStyle><fill>0</fill></PolyStyle></Style>
	<ExtendedData><SchemaData schemaUrl="#programmeband_1">
		<SimpleData name="N°">19</SimpleData>
		<SimpleData name="Cooperative">COOP CA SCAAB</SimpleData>
		<SimpleData name="Code_CCC">COOP CA SCAAB</SimpleData>
		<SimpleData name="Code_Producteur">SCAAB-TIA-231</SimpleData>
		<SimpleData name="Code_Parcelle">SCAAB-TIA-231-P1</SimpleData>
		<SimpleData name="Section">TIASSALE</SimpleData>
		<SimpleData name="Localite">TIASSALE</SimpleData>
		<SimpleData name="Sous-Prefecture">TIASSALE</SimpleData>
		<SimpleData name="Region ">AGNEBY-TIASSA</SimpleData>
		<SimpleData name="Nom">KOUADIO</SimpleData>
		<SimpleData name="Prenoms">KRAMO</SimpleData>
		<SimpleData name="Genre">Homme</SimpleData>
		<SimpleData name="Programme">Mondelez</SimpleData>
		<SimpleData name="Departement"></SimpleData>
		<SimpleData name="Statut">Candidat</SimpleData>
	</SchemaData>
    </ExtendedData>
      <MultiGeometry>
        <Polygon>
            <outerBoundaryIs>
                <LinearRing>
                    <coordinates>-4.865210652351379, 5.822059274103478, 0,-4.8652103170752525, 5.8220609418368925, 0,-4.865209311246872, 5.822057939916767, 0,-4.865206964313984, 5.822052936716511, 0,-4.865203946828842, 5.822052269623143, 0,-4.8651935532689095, 5.822051936076453, 0,-4.8651885241270065, 5.822051602529762, 0,-4.865181148052216, 5.822047933516204, 0,-4.865172766149044, 5.822044264502622, 0,-4.865163043141365, 5.82203826066218, 0,-4.865151308476925, 5.822031923274959, 0,-4.865143597126007, 5.8220285878079645, 0,-4.865143597126007, 5.8220285878079645, 0,-4.86512515693903, 5.8220192485003, 0,-4.865118116140366, 5.822015245939836, 0,-4.865118116140366, 5.822015245939836, 0,-4.865109734237194, 5.82201191047274, 0,-4.865105040371418, 5.822009909192483, 0,-4.865097664296627, 5.822009575645767, 0,-4.865090623497963, 5.822009909192483, 0,-4.865085929632187, 5.82200890855236, 0,-4.865081235766411, 5.822009575645767, 0,-4.8650748655200005, 5.822010909832618, 0,-4.86506849527359, 5.822007574365497, 0,-4.865063466131687, 5.822002571164808, 0,-4.865063466131687, 5.822002571164808, 0,-4.865058436989784, 5.821996233777179, 0,-4.865055754780769, 5.821993231856698, 0,-4.865051731467247, 5.821991230576377, 0,-4.8650456964969635, 5.821988562202598, 0,-4.8650456964969635, 5.821988562202598, 0,-4.865040667355061, 5.821985226735363, 0,-4.865040667355061, 5.821985226735363, 0,-4.865036979317665, 5.821979556441001, 0,-4.865036979317665, 5.821979556441001, 0,-4.865032620728016, 5.821972885506376, 0,-4.865026585757732, 5.821967215211901, 0,-4.865026585757732, 5.821967215211901, 0,-4.865018874406815, 5.821962212010843, 0,-4.865018874406815, 5.821962212010843, 0,-4.865018874406815, 5.821962212010843, 0,-4.865011498332024, 5.821958209449959, 0,-4.865011498332024, 5.821958209449959, 0,-4.865003451704979, 5.821954873982545, 0,-4.864998757839203, 5.821951538515093, 0,-4.864989034831524, 5.821948203047628, 0,-4.864989034831524, 5.821948203047628, 0,-4.864982329308987, 5.821946535313896, 0,-4.864975623786449, 5.82194453403341, 0,-4.864966571331024, 5.8219428662996515, 0,-4.864966571331024, 5.8219428662996515, 0,-4.864958189427853, 5.821940197925644, 0,-4.864958189427853, 5.821940197925644, 0,-4.864947460591793, 5.821938196645119, 0,-4.86493606120348, 5.821936528911362, 0,-4.86493606120348, 5.821936528911362, 0,-4.8649246618151665, 5.821936195364607, 0,-4.864912927150726, 5.821932526350287, 0,-4.864912927150726, 5.821932526350287, 0,-4.864901192486286, 5.821927523148925, 0,-4.864888451993465, 5.821923854134552, 0,-4.86487839370966, 5.821922853494265, 0,-4.86487839370966, 5.821922853494265, 0,-4.864870682358742, 5.821921519307223, 0,-4.864862635731697, 5.821920852213702, 0,-4.864855594933033, 5.821916849652513, 0,-4.864851236343384, 5.821911846451011, 0,-4.864845536649227, 5.821905509062364, 0,-4.86483883112669, 5.821901172954306, 0,-4.86483883112669, 5.821901172954306, 0,-4.864830784499645, 5.8218981710333155, 0,-4.8648227378726006, 5.821894835565546, 0,-4.8648227378726006, 5.821894835565546, 0,-4.864807650446892, 5.821885496255654, 0,-4.864807650446892, 5.821885496255654, 0,-4.864791557192802, 5.821881160147444, 0,-4.864786192774773, 5.821878825319923, 0,-4.864786192774773, 5.821878825319923, 0,-4.86478216946125, 5.821874489211662, 0,-4.86478116363287, 5.821871487290531, 0,-4.86478116363287, 5.821871487290531, 0,-4.864778816699982, 5.8218704866501545, 0,-4.8647744581103325, 5.821868151822583, 0,-4.864766411483288, 5.821866150541817, 0,-4.864760711789131, 5.821863148620648, 0,-4.864760711789131, 5.821863148620648, 0,-4.864740930497646, 5.8218564776846495, 0,-4.864727519452572, 5.821852141576223, 0,-4.8647188022732735, 5.821848806108173, 0,-4.8647188022732735, 5.821848806108173, 0,-4.864691644906998, 5.821839466797519, 0,-4.864681921899319, 5.821835797782574, 0,-4.864681921899319, 5.821835797782574, 0,-4.86467320472002, 5.821833462954876, 0,-4.864662140607834, 5.821831128127164, 0,-4.864662140607834, 5.821831128127164, 0,-4.8646483942866325, 5.821829793939881, 0,-4.864639677107334, 5.82182845975261, 0,-4.86463263630867, 5.821825457831238, 0,-4.864624589681625, 5.821821121722556, 0,-4.864616543054581, 5.821818453347976, 0,-4.86461017280817, 5.821814450786075, 0,-4.86460380256176, 5.821814450786075, 0,-4.86460380256176, 5.821814450786075, 0,-4.86459743231535, 5.821813783692414, 0,-4.864589385688305, 5.821813783692414, 0,-4.864589385688305, 5.821813783692414, 0,-4.864579997956753, 5.821814784332893, 0,-4.864571616053581, 5.821812449505105, 0,-4.864571616053581, 5.821812449505105, 0,-4.86456423997879, 5.821811782411457, 0,-4.864553846418858, 5.8218071127558435, 0,-4.864553846418858, 5.8218071127558435, 0,-4.864536412060261, 5.821803110193852, 0,-4.864536412060261, 5.821803110193852, 0,-4.86453004181385, 5.821800775366014, 0,-4.8645250126719475, 5.821797439897659, 0,-4.8645250126719475, 5.821797439897659, 0,-4.8645176365971565, 5.8217951050697945, 0,-4.864507243037224, 5.821792103148244, 0,-4.864497184753418, 5.821791102507728, 0,-4.864487126469612, 5.821788434132983, 0,-4.8644643276929855, 5.821782430289805, 0,-4.864438846707344, 5.821779761915034, 0,-4.86442107707262, 5.821775759352853, 0,-4.86442107707262, 5.821775759352853, 0,-4.864415042102337, 5.821774758712298, 0,-4.864366427063942, 5.8217620839318505, 0,-4.8643603920936584, 5.8217587484632665, 0,-4.864349663257599, 5.821757747822685, 0,-4.864349663257599, 5.821757747822685, 0,-4.864314459264278, 5.821757080728961, 0,-4.8642973601818085, 5.821750743338572, 0,-4.8642973601818085, 5.821750743338572, 0,-4.864291995763779, 5.821748742057386, 0,-4.86428327858448, 5.8217470743230555, 0,-4.86428327858448, 5.8217470743230555, 0,-4.864274896681309, 5.821747741416793, 0,-4.864274896681309, 5.821747741416793, 0,-4.864265508949757, 5.8217470743230555, 0,-4.864256791770458, 5.821745406588725, 0,-4.864248409867287, 5.821743738854382, 0,-4.864248409867287, 5.821743738854382, 0,-4.864240027964115, 5.821743405307513, 0,-4.864231646060944, 5.821740736932552, 0,-4.864231646060944, 5.821740736932552, 0,-4.864224269986153, 5.821738735651327, 0,-4.864224269986153, 5.821738735651327, 0,-4.864209517836571, 5.821730063432604, 0,-4.8641930893063545, 5.821714053182287, 0,-4.8641930893063545, 5.821714053182287, 0,-4.86418504267931, 5.8217077157914146, 0,-4.864152185618877, 5.82169037135286, 0,-4.864152185618877, 5.82169037135286, 0,-4.864152185618877, 5.82169037135286, 0,-4.864109270274639, 5.82166702306936, 0,-4.864100553095341, 5.821665021787881, 0,-4.864092171192169, 5.821664688240949, 0,-4.864083789288998, 5.821666355975534, 0,-4.864076748490334, 5.821668357257012, 0,-4.864076748490334, 5.821668357257012, 0,-4.864072389900684, 5.821672693366877, 0,-4.864072389900684, 5.821672693366877, 0,-4.864061661064625, 5.821694040368758, 0,-4.864061661064625, 5.821694040368758, 0,-4.864058308303356, 5.8217010448535715, 0,-4.864058308303356, 5.8217010448535715, 0,-4.864056296646595, 5.821709049978965, 0,-4.864056296646595, 5.821709049978965, 0,-4.864054620265961, 5.821718722838677, 0,-4.864054620265961, 5.821718722838677, 0,-4.864053279161453, 5.821728729245091, 0,-4.864049926400185, 5.8217384021044465, 0,-4.864045232534409, 5.821743738854382, 0,-4.864045232534409, 5.821743738854382, 0,-4.864042215049267, 5.821751410432297, 0,-4.864038862287998, 5.821757414275817, 0,-4.864038862287998, 5.821757414275817, 0,-4.86403550952673, 5.82176375166613, 0,-4.864032156765461, 5.821770422603235, 0,-4.864025115966797, 5.821781763196119, 0,-4.864025115966797, 5.821781763196119, 0,-4.864023104310036, 5.821783430930335, 0,-4.864025451242924, 5.8217860993050925, 0,-4.864025451242924, 5.8217860993050925, 0,-4.864026792347431, 5.821790101867198, 0,-4.864028804004192, 5.821794437976108, 0,-4.864030480384827, 5.8217981069913325, 0,-4.864030480384827, 5.8217981069913325, 0,-4.8640358448028564, 5.82180010827234, 0,-4.8640358448028564, 5.82180010827234, 0,-4.864040873944759, 5.821801442459675, 0,-4.86404724419117, 5.821800775366014, 0,-4.8640549555420876, 5.8218054450216785, 0,-4.8640549555420876, 5.8218054450216785, 0,-4.864063337445259, 5.821811448864613, 0,-4.864091835916042, 5.821824457190785, 0,-4.864091835916042, 5.821824457190785, 0,-4.864103235304356, 5.821834463595317, 0,-4.864108599722385, 5.82183813261026, 0,-4.864108599722385, 5.82183813261026, 0,-4.864113964140415, 5.821840133891142, 0,-4.864124022424221, 5.821849139654965, 0,-4.86413910984993, 5.821853142216638, 0,-4.864146150648594, 5.82185347576343, 0,-4.8641518503427505, 5.821852141576223, 0,-4.864162243902683, 5.821854476403845, 0,-4.864166937768459, 5.821857811871857, 0,-4.864171966910362, 5.8218624815270505, 0,-4.864171966910362, 5.8218624815270505, 0,-4.864176660776138, 5.8218688189161805, 0,-4.864176660776138, 5.8218688189161805, 0,-4.864181354641914, 5.821874489211662, 0,-4.864181354641914, 5.821874489211662, 0,-4.864184707403183, 5.821879825960288, 0,-4.864188060164452, 5.821886163349213, 0,-4.864199124276638, 5.821904841968818, 0,-4.864201471209526, 5.821911179357464, 0,-4.864204823970795, 5.821917850292813, 0,-4.864204823970795, 5.821917850292813, 0,-4.8642125353217125, 5.821929857976241, 0,-4.864223599433899, 5.821937196004857, 0,-4.864223599433899, 5.821937196004857, 0,-4.864228293299675, 5.82193986437889, 0,-4.864266850054264, 5.821938863738628, 0,-4.864296354353428, 5.821926856055403, 0,-4.864302389323711, 5.821925521868361, 0,-4.864302389323711, 5.821925521868361, 0,-4.864308759570122, 5.821925188321595, 0,-4.864322170615196, 5.8219278566956785, 0,-4.864322170615196, 5.8219278566956785, 0,-4.864330217242241, 5.821931859256779, 0,-4.864339269697666, 5.821936862458103, 0,-4.864339269697666, 5.821936862458103, 0,-4.864349327981472, 5.821941865659402, 0,-4.864370785653591, 5.821946535313896, 0,-4.864382520318031, 5.821946868860637, 0,-4.864391908049583, 5.821948203047628, 0,-4.864401966333389, 5.821947535954132, 0,-4.8644110187888145, 5.821946868860637, 0,-4.8644304648041725, 5.821947535954132, 0,-4.864439517259598, 5.821949870781373, 0,-4.864439517259598, 5.821949870781373, 0,-4.86444890499115, 5.821950537874856, 0,-4.864458963274956, 5.821952872702071, 0,-4.864466339349747, 5.821954873982545, 0,-4.864474721252918, 5.821955207529274, 0,-4.864481762051582, 5.82195253915533, 0,-4.864489808678627, 5.821950204328115, 0,-4.864498861134052, 5.8219495372346195, 0,-4.864508919417858, 5.821950204328115, 0,-4.864508919417858, 5.821950204328115, 0,-4.8645176365971565, 5.821951538515093, 0,-4.86452367156744, 5.821950871421611, 0,-4.86452903598547, 5.821950204328115, 0,-4.864544123411179, 5.821949870781373, 0,-4.86455250531435, 5.8219488701411235, 0,-4.864559546113014, 5.821948536594382, 0,-4.864559546113014, 5.821948536594382, 0,-4.864584021270275, 5.821953873342308, 0,-4.864600449800491, 5.821964880384749, 0,-4.8646098375320435, 5.821971551319462, 0,-4.864617548882961, 5.8219782222540735, 0,-4.864628948271275, 5.821985226735363, 0,-4.864641018211842, 5.821991897669822, 0,-4.864641018211842, 5.821991897669822, 0,-4.864688962697983, 5.821998568604217, 0,-4.8647090792655945, 5.822002904711524, 0,-4.8647188022732735, 5.822009242099063, 0,-4.864733889698982, 5.822037927115477, 0,-4.86473623663187, 5.822043930955944, 0,-4.86473623663187, 5.822043930955944, 0,-4.864737913012505, 5.822050268343013, 0,-4.864738248288631, 5.822056939276708, 0,-4.864738248288631, 5.822056939276708, 0,-4.864741265773773, 5.822097631970532, 0,-4.864745959639549, 5.822104636450307, 0,-4.864751994609833, 5.822109973196757, 0,-4.86476942896843, 5.822118978956269, 0,-4.864808991551399, 5.822125649889137, 0,-4.864816702902317, 5.822122314422716, 0,-4.864838495850563, 5.822117978316324, 0,-4.8648452013731, 5.822117644769684, 0,-4.8648452013731, 5.822117644769684, 0,-4.864852912724018, 5.822114976396504, 0,-4.86486230045557, 5.822112975116603, 0,-4.864870011806488, 5.822111640930019, 0,-4.864870011806488, 5.822111640930019, 0,-4.864877052605152, 5.822112641569963, 0,-4.86488476395607, 5.822113308663255, 0,-4.86488476395607, 5.822113308663255, 0,-4.864891804754734, 5.822112308023311, 0,-4.864891804754734, 5.822112308023311, 0,-4.864899516105652, 5.8221143093032, 0,-4.8649075627326965, 5.822116310583088, 0,-4.8649075627326965, 5.822116310583088, 0,-4.864916950464249, 5.82211964604956, 0,-4.864931367337704, 5.822125316342498, 0,-4.864962212741375, 5.822159671645589, 0,-4.864967912435532, 5.82216467484489, 0,-4.864974282681942, 5.822168343857684, 0,-4.864979982376099, 5.822170345137382, 0,-4.865119792521, 5.822193359853365, 0,-4.8651231452822685, 5.822191358573757, 0,-4.865133874118328, 5.8221773496162665, 0,-4.86513689160347, 5.822173013510295, 0,-4.865157343447208, 5.822143994954151, 0,-4.865185171365738, 5.822128651808907, 0,-4.865185171365738, 5.822128651808907, 0,-4.8652005940675735, 5.822118645409616, 0,-4.8652005940675735, 5.822118645409616, 0,-4.86520629376173, 5.8221143093032, 0</coordinates>
                </LinearRing>
            </outerBoundaryIs>
        </Polygon>
    </MultiGeometry>
  </Placemark><Placemark>
	<Style><LineStyle><color>ff0000ff</color></LineStyle><PolyStyle><fill>0</fill></PolyStyle></Style>
	<ExtendedData><SchemaData schemaUrl="#programmeband_1">
		<SimpleData name="N°">20</SimpleData>
		<SimpleData name="Cooperative">COOP CA SCAAB</SimpleData>
		<SimpleData name="Code_CCC">COOP CA SCAAB</SimpleData>
		<SimpleData name="Code_Producteur">SCAAB-TIA-229</SimpleData>
		<SimpleData name="Code_Parcelle">SCAAB-TIA-229-P1</SimpleData>
		<SimpleData name="Section">TIASSALE</SimpleData>
		<SimpleData name="Localite">TIASSALE</SimpleData>
		<SimpleData name="Sous-Prefecture">TIASSALE</SimpleData>
		<SimpleData name="Region ">AGNEBY-TIASSA</SimpleData>
		<SimpleData name="Nom">KOUADIO</SimpleData>
		<SimpleData name="Prenoms">KOUASSI</SimpleData>
		<SimpleData name="Genre">Homme</SimpleData>
		<SimpleData name="Programme">Mondelez</SimpleData>
		<SimpleData name="Departement"></SimpleData>
		<SimpleData name="Statut">Candidat</SimpleData>
	</SchemaData>
    </ExtendedData>
      <MultiGeometry>
        <Polygon>
            <outerBoundaryIs>
                <LinearRing>
                    <coordinates>-4.8234546929597855, 5.898230146658086, 0,-4.82344564050436, 5.898238150686164, 0,-4.823442287743092, 5.898264497277773, 0,-4.8234375938773155, 5.898271834303064, 0,-4.8234426230192184, 5.898266164783536, 0,-4.823441952466965, 5.898263830275471, 0,-4.82344463467598, 5.89825615974892, 0,-4.823446311056614, 5.898248155721098, 0,-4.823446646332741, 5.898246821716454, 0,-4.823446646332741, 5.898246821716454, 0,-4.823446646332741, 5.898246821716454, 0,-4.82345100492239, 5.898226478145174, 0,-4.82345100492239, 5.898226478145174, 0,-4.823454357683659, 5.898212471095674, 0,-4.82345636934042, 5.8982074685779144, 0,-4.823452346026897, 5.898203800064849, 0,-4.823446646332741, 5.898200131551758, 0,-4.823446646332741, 5.898200131551758, 0,-4.823446646332741, 5.898200131551758, 0,-4.823446646332741, 5.898200131551758, 0,-4.823446646332741, 5.898200131551758, 0,-4.823446646332741, 5.898200131551758, 0,-4.823446646332741, 5.898200131551758, 0,-4.823446646332741, 5.898200131551758, 0,-4.823446646332741, 5.898200131551758, 0</coordinates>
                </LinearRing>
            </outerBoundaryIs>
        </Polygon>
    </MultiGeometry>
  </Placemark><Placemark>
	<Style><LineStyle><color>ff0000ff</color></LineStyle><PolyStyle><fill>0</fill></PolyStyle></Style>
	<ExtendedData><SchemaData schemaUrl="#programmeband_1">
		<SimpleData name="N°">21</SimpleData>
		<SimpleData name="Cooperative">COOP CA SCAAB</SimpleData>
		<SimpleData name="Code_CCC">COOP CA SCAAB</SimpleData>
		<SimpleData name="Code_Producteur">SCAAB-TIA-106</SimpleData>
		<SimpleData name="Code_Parcelle">SCAAB-TIA-223-P1</SimpleData>
		<SimpleData name="Section">TIASSALE</SimpleData>
		<SimpleData name="Localite">TIASSALE</SimpleData>
		<SimpleData name="Sous-Prefecture">TIASSALE</SimpleData>
		<SimpleData name="Region ">AGNEBY-TIASSA</SimpleData>
		<SimpleData name="Nom">AMON</SimpleData>
		<SimpleData name="Prenoms">MARCELIN</SimpleData>
		<SimpleData name="Genre">Homme</SimpleData>
		<SimpleData name="Programme">Mondelez</SimpleData>
		<SimpleData name="Departement"></SimpleData>
		<SimpleData name="Statut">Candidat</SimpleData>
	</SchemaData>
    </ExtendedData>
      <MultiGeometry>
        <Polygon>
            <outerBoundaryIs>
                <LinearRing>
                    <coordinates>-4.920290149748325, 5.982066641305276, 0,-4.920290149748325, 5.982066641305276, 0,-4.920290149748325, 5.982066641305276, 0,-4.920278750360012, 5.982065640954063, 0,-4.920297190546989, 5.982054970541072, 0,-4.920297190546989, 5.982054970541072, 0,-4.920301549136639, 5.982051636036972, 0,-4.920301549136639, 5.982051636036972, 0,-4.920307584106922, 5.982046967731199, 0,-4.920316636562347, 5.9820416325245445, 0,-4.920316636562347, 5.9820416325245445, 0,-4.920317307114601, 5.98203996527245, 0,-4.920317307114601, 5.98203996527245, 0,-4.920320324599743, 5.982028627958119, 0,-4.920322000980377, 5.982021958949563, 0,-4.9203431233763695, 5.981998617419016, 0,-4.9203431233763695, 5.981998617419016, 0,-4.920346811413765, 5.981993615662338, 0,-4.920346811413765, 5.981993615662338, 0,-4.920356869697571, 5.981984945950668, 0,-4.920356869697571, 5.981984945950668, 0,-4.920382685959339, 5.981958269913858, 0,-4.920388050377369, 5.981953601607296, 0,-4.920388050377369, 5.981953601607296, 0,-4.920388050377369, 5.981953601607296, 0,-4.920398443937302, 5.981944931894977, 0,-4.920398443937302, 5.981944931894977, 0,-4.920404814183712, 5.981933261128177, 0,-4.920408166944981, 5.981929593172841, 0,-4.920414872467518, 5.981923257613587, 0,-4.920414872467518, 5.981923257613587, 0,-4.920419566333294, 5.981918255856221, 0,-4.920419566333294, 5.981918255856221, 0,-4.920429959893227, 5.981909586143342, 0,-4.92043599486351, 5.9819075854403545, 0,-4.92043599486351, 5.9819075854403545, 0,-4.92045309394598, 5.981896248123264, 0,-4.9204641580581665, 5.981878908696691, 0,-4.9204641580581665, 5.981878908696691, 0,-4.92048192769289, 5.981858901665322, 0,-4.92048192769289, 5.981858901665322, 0,-4.920487627387047, 5.98185256610524, 0,-4.9204956740140915, 5.9818408953364814, 0,-4.920500032603741, 5.981835560127816, 0,-4.920511096715927, 5.981821888655371, 0,-4.920511096715927, 5.981821888655371, 0,-4.920526184141636, 5.981811551688196, 0,-4.920534901320934, 5.981808550633156, 0,-4.920534901320934, 5.981808550633156, 0,-4.9205556884408, 5.981790877753236, 0,-4.920570440590382, 5.9817668693116435, 0,-4.920570440590382, 5.9817668693116435, 0,-4.920577146112919, 5.981756865794012, 0,-4.920577146112919, 5.981756865794012, 0,-4.920580834150314, 5.981752864386906, 0,-4.9205851927399635, 5.981748196078576, 0,-4.920599274337292, 5.9817275221412105, 0,-4.920599274337292, 5.9817275221412105, 0,-4.920599274337292, 5.9817275221412105, 0,-4.920623749494553, 5.981710182709282, 0,-4.920626766979694, 5.981708848906795, 0,-4.920626766979694, 5.981708848906795, 0,-4.920646883547306, 5.981680505603349, 0,-4.920652247965336, 5.981662499268631, 0,-4.920692145824432, 5.9816271534987395, 0,-4.920712932944298, 5.9816061461061185, 0,-4.920717962086201, 5.981601811247217, 0,-4.920717962086201, 5.981601811247217, 0,-4.920721650123596, 5.981596809486926, 0,-4.9207307025790215, 5.981583471459215, 0,-4.920733384788036, 5.981578136248044, 0,-4.920758865773678, 5.9815544612478275, 0,-4.920758865773678, 5.9815544612478275, 0,-4.920765236020088, 5.98155012638852, 0,-4.920779317617416, 5.981533453852421, 0,-4.920796751976013, 5.98151411370991, 0,-4.92080345749855, 5.98150644434285, 0,-4.92080345749855, 5.98150644434285, 0,-4.920814856886864, 5.981494440115947, 0,-4.920818209648132, 5.981488771453146, 0,-4.920818209648132, 5.981488771453146, 0,-4.920823238790035, 5.9814764337750965, 0,-4.920826591551304, 5.9814694313090575, 0,-4.920826591551304, 5.9814694313090575, 0,-4.920831955969334, 5.981464762998297, 0,-4.920837320387363, 5.981460094687524, 0,-4.920842349529266, 5.981454092573589, 0,-4.920842349529266, 5.981454092573589, 0,-4.920850060880184, 5.981450091164257, 0,-4.920850060880184, 5.981450091164257, 0,-4.920873865485191, 5.981429750666424, 0,-4.920873865485191, 5.981429750666424, 0,-4.920880571007729, 5.981421747847402, 0,-4.920897334814072, 5.981398406291221, 0,-4.920901358127594, 5.9813884027668465, 0,-4.920901358127594, 5.9813884027668465, 0,-4.920903369784355, 5.981382400652136, 0,-4.920903369784355, 5.981382400652136, 0,-4.9209114164114, 5.9813670619142245, 0,-4.920918121933937, 5.981361059799284, 0,-4.920918121933937, 5.981361059799284, 0,-4.920925833284855, 5.9813547242334275, 0,-4.920937232673168, 5.981343720355728, 0,-4.92094025015831, 5.981340052396435, 0,-4.92094025015831, 5.981340052396435, 0,-4.920944608747959, 5.981334383732044, 0,-4.920949637889862, 5.981326714362465, 0,-4.920963384211063, 5.981312709426456, 0,-4.920970089733601, 5.981308041114373, 0,-4.920977130532265, 5.981304706605718, 0,-4.920977130532265, 5.981304706605718, 0,-4.920995905995369, 5.981295369981372, 0,-4.921003617346287, 5.981291702021762, 0,-4.921003617346287, 5.981291702021762, 0,-4.921010658144951, 5.9812870337095, 0,-4.921024404466152, 5.9812733622233525, 0,-4.921024404466152, 5.9812733622233525, 0,-4.9210381507873535, 5.981248353406349, 0,-4.9210381507873535, 5.981248353406349, 0,-4.921062625944614, 5.981223011137283, 0,-4.921062625944614, 5.981223011137283, 0,-4.921080060303211, 5.981204337885628, 0,-4.921080060303211, 5.981204337885628, 0,-4.92108341306448, 5.981197668867034, 0,-4.921088442206383, 5.9811846642805335, 0,-4.921090118587017, 5.981179662516412, 0,-4.921090118587017, 5.981179662516412, 0,-4.92108441889286, 5.981168658635176, 0,-4.921081066131592, 5.981165324125669, 0,-4.921077378094196, 5.981162323067105, 0,-4.921073690056801, 5.981156987851825, 0,-4.921073690056801, 5.981156987851825, 0,-4.921070337295532, 5.981151652636494, 0,-4.921070337295532, 5.981151652636494, 0,-4.921065643429756, 5.981145650519175, 0,-4.921065643429756, 5.981145650519175, 0,-4.921053238213062, 5.9811289779707355, 0,-4.9210502207279205, 5.981122642402194, 0,-4.9210502207279205, 5.981122642402194, 0,-4.921043179929256, 5.98111463957867, 0,-4.92103848606348, 5.981112305421801, 0,-4.92103848606348, 5.981112305421801, 0,-4.921024739742279, 5.981105636402074, 0,-4.921024739742279, 5.981105636402074, 0,-4.921020045876503, 5.981101968441191, 0,-4.921015352010727, 5.981097967029289, 0,-4.920996576547623, 5.9810796272243785, 0,-4.9209945648908615, 5.981076292714325, 0,-4.920991882681847, 5.9810719578512375, 0,-4.920981153845787, 5.981060953967838, 0,-4.920981153845787, 5.981060953967838, 0,-4.920981153845787, 5.981060953967838, 0,-4.920978136360645, 5.981054618398508, 0,-4.920970760285854, 5.981039946553476, 0,-4.920966066420078, 5.981034277885968, 0,-4.920962043106556, 5.9810289426694405, 0,-4.9209583550691605, 5.981025941610113, 0,-4.9209583550691605, 5.981025941610113, 0,-4.920955002307892, 5.981021606746619, 0,-4.920955002307892, 5.981021606746619, 0,-4.920951649546623, 5.98101660498101, 0,-4.920942932367325, 5.981001266232845, 0,-4.920942932367325, 5.981001266232845, 0,-4.9209338799119, 5.980976924305526, 0,-4.920932874083519, 5.980972589441638, 0,-4.920928850769997, 5.980967921126654, 0,-4.920922815799713, 5.980964586615925, 0,-4.920922815799713, 5.980964586615925, 0,-4.920916110277176, 5.980960251751948, 0,-4.920916110277176, 5.980960251751948, 0,-4.920910745859146, 5.98095291582821, 0,-4.920910745859146, 5.98095291582821, 0,-4.920902363955975, 5.980936576724976, 0,-4.920902363955975, 5.980936576724976, 0,-4.920898675918579, 5.980929240800934, 0,-4.920898675918579, 5.980929240800934, 0,-4.920895658433437, 5.980921237974584, 0,-4.920895658433437, 5.980921237974584, 0,-4.9208929762244225, 5.9809152358547335, 0,-4.920889958739281, 5.980907566479277, 0,-4.920886941254139, 5.980896229141475, 0,-4.92088258266449, 5.980891560825829, 0,-4.920873194932938, 5.980873221013998, 0,-4.920864477753639, 5.980858882615227, 0,-4.92086011916399, 5.980852547043555, 0,-4.92086011916399, 5.980852547043555, 0,-4.920857772231102, 5.980845878020661, 0,-4.920852743089199, 5.980831206170018, 0,-4.920852743089199, 5.980831206170018, 0,-4.920852743089199, 5.980831206170018, 0,-4.920846372842789, 5.9808091983933345, 0,-4.920842349529266, 5.98079652724877, 0,-4.920842349529266, 5.98079652724877, 0,-4.920843690633774, 5.980791192029915, 0,-4.920843690633774, 5.980791192029915, 0,-4.92084302008152, 5.980785189908639, 0,-4.92084302008152, 5.980785189908639, 0,-4.920840337872505, 5.980777520531376, 0,-4.920837320387363, 5.980770518056381, 0,-4.920837320387363, 5.980770518056381, 0,-4.9208299443125725, 5.980766183190864, 0,-4.920821562409401, 5.980763849032481, 0,-4.920795075595379, 5.980746509569993, 0,-4.920795075595379, 5.980746509569993, 0,-4.9207887053489685, 5.980741841253075, 0,-4.920773953199387, 5.980730170460615, 0,-4.9207692593336105, 5.980727836302092, 0,-4.9207692593336105, 5.980727836302092, 0,-4.920763224363327, 5.980726502497213, 0,-4.920759201049805, 5.980726835948423, 0,-4.920759201049805, 5.980726835948423, 0,-4.920745454728603, 5.980733838423991, 0,-4.920732043683529, 5.980737839838553, 0,-4.920732043683529, 5.980737839838553, 0,-4.920725338160992, 5.980739840545814, 0,-4.920725338160992, 5.980739840545814, 0,-4.920718297362328, 5.980742508155509, 0,-4.920718297362328, 5.980742508155509, 0,-4.92071159183979, 5.980744842313955, 0,-4.92071159183979, 5.980744842313955, 0,-4.920704886317253, 5.980746509569993, 0,-4.920704886317253, 5.980746509569993, 0,-4.920698180794716, 5.980748176826032, 0,-4.920690469443798, 5.980751177886873, 0,-4.920676723122597, 5.980752511691701, 0,-4.9206700176000595, 5.980752511691701, 0,-4.920663312077522, 5.980751177886873, 0,-4.920663312077522, 5.980751177886873, 0,-4.920663312077522, 5.980751177886873, 0,-4.920656606554985, 5.980750844435663, 0,-4.920650236308575, 5.980750844435663, 0,-4.920650236308575, 5.980750844435663, 0,-4.9206435307860374, 5.980751844789281, 0,-4.9206368252635, 5.980754512398899, 0,-4.9206368252635, 5.980754512398899, 0,-4.920630119740963, 5.980755512752517, 0,-4.920630119740963, 5.980755512752517, 0,-4.920630119740963, 5.980755512752517, 0,-4.920623414218426, 5.980757846910926, 0,-4.920615702867508, 5.980761181422901, 0,-4.920615702867508, 5.980761181422901, 0,-4.920606315135956, 5.980764515934876, 0,-4.920596592128277, 5.980767850446826, 0,-4.920596592128277, 5.980767850446826, 0,-4.920596592128277, 5.980767850446826, 0,-4.920588880777359, 5.980769851153986, 0,-4.920588880777359, 5.980769851153986, 0,-4.920588880777359, 5.980769851153986, 0,-4.920581839978695, 5.980772185312343, 0,-4.920581839978695, 5.980772185312343, 0,-4.920576475560665, 5.980775186373057, 0,-4.920576475560665, 5.980775186373057, 0,-4.920568764209747, 5.980778187433746, 0,-4.920568764209747, 5.980778187433746, 0,-4.920561723411083, 5.9807815219456195, 0,-4.920561723411083, 5.9807815219456195, 0,-4.920554012060165, 5.9807848564574675, 0,-4.920554012060165, 5.9807848564574675, 0,-4.920537583529949, 5.980792859285813, 0,-4.920537583529949, 5.980792859285813, 0,-4.920531548559666, 5.98079652724877, 0,-4.920523837208748, 5.980799861760529, 0,-4.920523837208748, 5.980799861760529, 0,-4.920523837208748, 5.980799861760529, 0,-4.920515455305576, 5.98080319627225, 0,-4.92050439119339, 5.980806864235142, 0,-4.92050439119339, 5.980806864235142, 0,-4.92050439119339, 5.980806864235142, 0,-4.92049902677536, 5.980809531844494, 0,-4.92049902677536, 5.980809531844494, 0,-4.920492991805077, 5.980812532905005, 0,-4.920492991805077, 5.980812532905005, 0,-4.920492991805077, 5.980812532905005, 0,-4.920488968491554, 5.980816534318993, 0,-4.920485280454159, 5.980818535025975, 0,-4.920465499162674, 5.980820869184115, 0,-4.920465499162674, 5.980820869184115, 0,-4.920465499162674, 5.980820869184115, 0,-4.92045845836401, 5.980823203342244, 0,-4.92045845836401, 5.980823203342244, 0,-4.920452758669853, 5.9808252040492, 0,-4.920452758669853, 5.9808252040492, 0,-4.9204302951693535, 5.980834540681573, 0,-4.9204302951693535, 5.980834540681573, 0,-4.9204302951693535, 5.980834540681573, 0,-4.920422583818436, 5.980837208290797, 0,-4.920422583818436, 5.980837208290797, 0,-4.920415543019772, 5.980839208997702, 0,-4.920415543019772, 5.980839208997702, 0,-4.920408837497234, 5.980841876606901, 0,-4.920408837497234, 5.980841876606901, 0,-4.920399785041809, 5.980846544922967, 0,-4.920392408967018, 5.980851546690128, 0,-4.920392408967018, 5.980851546690128, 0,-4.920385703444481, 5.980857548810678, 0,-4.920378662645817, 5.980862884028872, 0,-4.920374304056168, 5.980867218893626, 0,-4.920374304056168, 5.980867218893626, 0,-4.9203696101903915, 5.980871887209475, 0,-4.9203696101903915, 5.980871887209475, 0,-4.920363575220108, 5.980875555171897, 0,-4.920363575220108, 5.980875555171897, 0,-4.920357204973698, 5.98088022348767, 0,-4.920357204973698, 5.98088022348767, 0,-4.920357204973698, 5.98088022348767, 0,-4.9203528463840485, 5.980885225254539, 0,-4.9203528463840485, 5.980885225254539, 0,-4.920348823070526, 5.980888559765751, 0,-4.920344464480877, 5.980893561532531, 0,-4.920344464480877, 5.980893561532531, 0,-4.920344464480877, 5.980893561532531, 0,-4.920341446995735, 5.980899897103732, 0,-4.920336753129959, 5.980906232674843, 0,-4.920336753129959, 5.980906232674843, 0,-4.920330718159676, 5.980912901697, 0,-4.920325353741646, 5.980918236914672, 0,-4.920318983495235, 5.9809235721322676, 0,-4.920318983495235, 5.9809235721322676, 0,-4.920311272144318, 5.980928240447634, 0,-4.920311272144318, 5.980928240447634, 0,-4.920311272144318, 5.980928240447634, 0,-4.920305237174034, 5.980931241507508, 0,-4.920305237174034, 5.980931241507508, 0,-4.920305237174034, 5.980931241507508, 0,-4.920298866927624, 5.980935242920618, 0,-4.9202921614050865, 5.980940244686979, 0,-4.920284450054169, 5.98094624680655, 0,-4.920284450054169, 5.98094624680655, 0,-4.920278750360012, 5.98095291582821, 0,-4.920278750360012, 5.98095291582821, 0,-4.92027472704649, 5.980959584849794, 0,-4.92027472704649, 5.980959584849794, 0,-4.92027472704649, 5.980959584849794, 0,-4.920270033180714, 5.9809652535180655, 0,-4.920270033180714, 5.9809652535180655, 0,-4.920265339314938, 5.980970255284158, 0,-4.920265339314938, 5.980970255284158, 0,-4.920260310173035, 5.980975257050187, 0,-4.920253939926624, 5.980981592620434, 0,-4.9202485755085945, 5.9809879281906175, 0,-4.9202485755085945, 5.9809879281906175, 0,-4.9202485755085945, 5.9809879281906175, 0,-4.920244552195072, 5.980994597211769, 0,-4.920244552195072, 5.980994597211769, 0,-4.920240864157677, 5.98099993242864, 0,-4.920239858329296, 5.981006267998594, 0,-4.920239858329296, 5.981006267998594, 0,-4.9202365055680275, 5.981013937372664, 0,-4.9202365055680275, 5.981013937372664, 0,-4.920231476426125, 5.981020939844542, 0,-4.920231476426125, 5.981020939844542, 0,-4.920231476426125, 5.981020939844542, 0,-4.920225441455841, 5.9810289426694405, 0,-4.920225441455841, 5.9810289426694405, 0,-4.920221082866192, 5.981035945141115, 0,-4.920220077037811, 5.981042947612714, 0,-4.920220077037811, 5.981042947612714, 0,-4.920216053724289, 5.981048282829113, 0,-4.920216053724289, 5.981048282829113, 0,-4.920210354030132, 5.9810549518495275, 0,-4.920210354030132, 5.9810549518495275, 0,-4.920210354030132, 5.9810549518495275, 0,-4.920202977955341, 5.981060287065812, 0,-4.920202977955341, 5.981060287065812, 0,-4.920195937156677, 5.981065288831028, 0,-4.920195937156677, 5.981065288831028, 0,-4.920195937156677, 5.981065288831028, 0,-4.920190237462521, 5.981068956792152, 0,-4.920190237462521, 5.981068956792152, 0,-4.920176826417446, 5.981079960675386, 0,-4.920176826417446, 5.981079960675386, 0,-4.920176826417446, 5.981079960675386, 0,-4.920168444514275, 5.9810852958914165, 0,-4.920168444514275, 5.9810852958914165, 0,-4.920160733163357, 5.981089964205408, 0,-4.920160733163357, 5.981089964205408, 0,-4.920160733163357, 5.981089964205408, 0,-4.920156374573708, 5.981094965970356, 0,-4.920152686536312, 5.9810993008332645, 0,-4.920152686536312, 5.9810993008332645, 0,-4.920148327946663, 5.98110396914713, 0,-4.920144639909267, 5.981108637460956, 0,-4.920144639909267, 5.981108637460956, 0,-4.920141622424126, 5.981114973029664, 0,-4.920135587453842, 5.981120308245351, 0,-4.92013156414032, 5.981125310010018, 0,-4.92013156414032, 5.981125310010018, 0,-4.920129217207432, 5.9811326459314405, 0,-4.92012619972229, 5.981138648048887, 0,-4.92012619972229, 5.981138648048887, 0,-4.920121841132641, 5.981145983970143, 0,-4.920121841132641, 5.981145983970143, 0,-4.920121841132641, 5.981145983970143, 0,-4.920118153095245, 5.981151652636494, 0,-4.920118153095245, 5.981151652636494, 0,-4.920113459229469, 5.981156987851825, 0,-4.920113459229469, 5.981156987851825, 0,-4.920113459229469, 5.981156987851825, 0,-4.920107424259186, 5.981160989263282, 0,-4.920107424259186, 5.981160989263282, 0,-4.9201034009456635, 5.981165657576625, 0,-4.9201034009456635, 5.981165657576625, 0,-4.9201034009456635, 5.981165657576625, 0,-4.920098707079887, 5.981171659693715, 0,-4.920098707079887, 5.981171659693715, 0,-4.920094013214111, 5.981177995261697, 0,-4.920094013214111, 5.981177995261697, 0,-4.920094013214111, 5.981177995261697, 0,-4.9200886487960815, 5.9811846642805335, 0,-4.9200886487960815, 5.9811846642805335, 0,-4.9200886487960815, 5.9811846642805335, 0,-4.9200839549303055, 5.981190999848351, 0,-4.9200839549303055, 5.981190999848351, 0,-4.9200839549303055, 5.981190999848351, 0,-4.920078590512276, 5.981197668867034, 0,-4.920073561370373, 5.981205338238406, 0,-4.920073561370373, 5.981205338238406, 0,-4.920073561370373, 5.981205338238406, 0,-4.92006853222847, 5.981211340355077, 0,-4.9200645089149475, 5.981216342118905, 0,-4.9200645089149475, 5.981216342118905, 0,-4.920058809220791, 5.9812226776863655, 0,-4.920058809220791, 5.9812226776863655, 0,-4.920058809220791, 5.9812226776863655, 0,-4.9200524389743805, 5.981229346704642, 0,-4.9200524389743805, 5.981229346704642, 0,-4.920044727623463, 5.981234681919222, 0,-4.920044727623463, 5.981234681919222, 0,-4.920044727623463, 5.981234681919222, 0,-4.920036680996418, 5.981240017133752, 0,-4.920036680996418, 5.981240017133752, 0,-4.920029640197754, 5.9812440185446105, 0,-4.920029640197754, 5.9812440185446105, 0,-4.92002360522747, 5.981248353406349, 0,-4.92002360522747, 5.981248353406349, 0,-4.92002360522747, 5.981248353406349, 0,-4.92001723498106, 5.981254355522523, 0,-4.920013211667538, 5.981261024540443, 0,-4.920013211667538, 5.981261024540443, 0,-4.920009523630142, 5.98126736010737, 0,-4.920009523630142, 5.98126736010737, 0,-4.920007176697254, 5.981273028772461, 0,-4.920007176697254, 5.981273028772461, 0,-4.920002818107605, 5.9812860333568745, 0,-4.920002818107605, 5.9812860333568745, 0,-4.920001141726971, 5.981293035825254, 0,-4.920001141726971, 5.981293035825254, 0,-4.919998459517956, 5.981298704490091, 0,-4.919998459517956, 5.981298704490091, 0,-4.919998459517956, 5.981298704490091, 0,-4.919995106756687, 5.981302705900517, 0,-4.919995106756687, 5.981302705900517, 0,-4.919991418719292, 5.981309374917839, 0,-4.9199847131967545, 5.981315043582485, 0,-4.9199847131967545, 5.981315043582485, 0,-4.91997666656971, 5.981320045345372, 0,-4.91997666656971, 5.981320045345372, 0,-4.91997666656971, 5.981320045345372, 0,-4.919968284666538, 5.9813247136573535, 0,-4.919968284666538, 5.9813247136573535, 0,-4.919968284666538, 5.9813247136573535, 0,-4.919960908591747, 5.981332049576104, 0,-4.919955208897591, 5.98133771824052, 0,-4.919955208897591, 5.98133771824052, 0,-4.9199478328228, 5.9813443872574235, 0,-4.9199478328228, 5.9813443872574235, 0,-4.9199411273002625, 5.981351056274224, 0,-4.9199411273002625, 5.981351056274224, 0,-4.9199411273002625, 5.981351056274224, 0,-4.919935427606106, 5.98135539113511, 0,-4.919935427606106, 5.98135539113511, 0,-4.919931069016457, 5.981360059446787, 0,-4.919931069016457, 5.981360059446787, 0,-4.919931069016457, 5.981360059446787, 0,-4.9199253693223, 5.981364060856768, 0,-4.919918663799763, 5.981369396070025, 0,-4.919918663799763, 5.981369396070025, 0,-4.919913299381733, 5.981374731283231, 0,-4.919913299381733, 5.981374731283231, 0,-4.919913299381733, 5.981374731283231, 0,-4.91990827023983, 5.98138106684886, 0,-4.91990827023983, 5.98138106684886, 0,-4.919902570545673, 5.981387735865215, 0,-4.919895529747009, 5.9813927376274405, 0,-4.91987943649292, 5.981403074602541, 0,-4.919863678514957, 5.981408743266233, 0,-4.91985596716404, 5.9814147453806505, 0,-4.91985596716404, 5.9814147453806505, 0,-4.91985596716404, 5.9814147453806505, 0,-4.919830150902271, 5.981431417920375, 0,-4.9198174104094505, 5.98144275524711, 0,-4.919812381267548, 5.981457093630563, 0,-4.919812381267548, 5.981457093630563, 0,-4.919812381267548, 5.981457093630563, 0,-4.919814057648182, 5.981462095392139, 0,-4.919817745685577, 5.981465763350617, 0,-4.919817745685577, 5.981465763350617, 0,-4.919817745685577, 5.981465763350617, 0,-4.9198271334171295, 5.981473766169002, 0,-4.9198271334171295, 5.981473766169002, 0,-4.919830150902271, 5.981478101028896, 0,-4.919830150902271, 5.981478101028896, 0,-4.9198345094919205, 5.981482102438025, 0,-4.9198345094919205, 5.981482102438025, 0,-4.919839538633823, 5.981485436945598, 0,-4.919839538633823, 5.981485436945598, 0,-4.919844567775726, 5.9814884380024065, 0,-4.919849596917629, 5.981492772862186, 0,-4.919849596917629, 5.981492772862186, 0,-4.919854626059532, 5.981499108426441, 0,-4.919859655201435, 5.9815044436383875, 0,-4.919864684343338, 5.981509445399531, 0,-4.919869378209114, 5.9815171147665405, 0,-4.919869378209114, 5.9815171147665405, 0,-4.919873401522636, 5.981524117231968, 0,-4.919873401522636, 5.981524117231968, 0,-4.919881448149681, 5.981536121458236, 0,-4.919887483119965, 5.981541456669813, 0,-4.919887483119965, 5.981541456669813, 0,-4.919887483119965, 5.981541456669813, 0,-4.919891841709614, 5.981546458430639, 0,-4.919914975762367, 5.981558796107098, 0,-4.919914975762367, 5.981558796107098, 0,-4.919914975762367, 5.981558796107098, 0,-4.919920340180397, 5.981562464064915, 0,-4.919926710426807, 5.98156513167059, 0,-4.919926710426807, 5.98156513167059, 0,-4.919926710426807, 5.98156513167059, 0,-4.919933080673218, 5.9815684661776665, 0,-4.91993710398674, 5.9815728010368225, 0,-4.91993710398674, 5.9815728010368225, 0,-4.919941797852516, 5.981577802797343, 0,-4.919941797852516, 5.981577802797343, 0,-4.9199478328228, 5.981584138360605, 0,-4.919950515031815, 5.981590807374492, 0,-4.919950515031815, 5.981590807374492, 0,-4.919954873621464, 5.981598476740369, 0,-4.919958226382732, 5.981604478852701, 0,-4.919958226382732, 5.981604478852701, 0,-4.920005165040493, 5.981630154554772, 0,-4.920005165040493, 5.981630154554772, 0,-4.920012541115284, 5.981629154202757, 0,-4.920012541115284, 5.981629154202757, 0,-4.9200185760855675, 5.981630154554772, 0,-4.92002259939909, 5.981632822160103, 0,-4.920029640197754, 5.981645159834615, 0,-4.920032322406769, 5.981651161946464, 0,-4.920036345720291, 5.981652829199729, 0,-4.920036345720291, 5.981652829199729, 0,-4.920084625482559, 5.981689842221117, 0,-4.920084625482559, 5.981689842221117, 0,-4.920090660452843, 5.981698511937482, 0,-4.920090660452843, 5.981698511937482, 0,-4.920090660452843, 5.981698511937482, 0,-4.9201057478785515, 5.98174086016541, 0,-4.9201057478785515, 5.98174086016541, 0,-4.9201057478785515, 5.98174086016541, 0,-4.920109435915947, 5.981750530232735, 0,-4.920109435915947, 5.981750530232735, 0,-4.920112453401089, 5.9817581995963724, 0,-4.920112453401089, 5.9817581995963724, 0,-4.920112453401089, 5.9817581995963724, 0,-4.92011446505785, 5.981765202058722, 0,-4.920115135610104, 5.9817732048727175, 0,-4.920115135610104, 5.981780207334876, 0,-4.920115135610104, 5.981780207334876, 0,-4.920118153095245, 5.981795546061185, 0,-4.920121505856514, 5.981802881973625, 0,-4.920122511684895, 5.981812218589319, 0,-4.920122511684895, 5.981812218589319, 0,-4.920123182237148, 5.981819554501517, 0,-4.920124858617783, 5.981827557314724, 0,-4.920124858617783, 5.981827557314724, 0,-4.920125529170036, 5.981838227732156, 0,-4.920125529170036, 5.981838227732156, 0,-4.920126534998417, 5.981848564698834, 0,-4.920126534998417, 5.981848564698834, 0,-4.920130558311939, 5.981856234061085, 0,-4.920136593282223, 5.981862236170593, 0,-4.920141287147999, 5.981869572082142, 0,-4.920141287147999, 5.981869572082142, 0,-4.920145645737648, 5.981875240740987, 0,-4.920152686536312, 5.981880242498746, 0,-4.920152686536312, 5.981880242498746, 0,-4.920152686536312, 5.981880242498746, 0,-4.920159727334976, 5.981885244256455, 0,-4.920174479484558, 5.981897581925294, 0,-4.920174479484558, 5.981897581925294, 0,-4.920180179178715, 5.981903250583845, 0,-4.920180179178715, 5.981903250583845, 0,-4.920186549425125, 5.9819089192423585, 0,-4.920186549425125, 5.9819089192423585, 0,-4.920186549425125, 5.9819089192423585, 0,-4.920193254947662, 5.981914587900784, 0,-4.920193254947662, 5.981914587900784, 0,-4.920198954641819, 5.981921256910651, 0,-4.920198954641819, 5.981921256910651, 0,-4.920203648507595, 5.981927925920416, 0,-4.920203648507595, 5.981927925920416, 0,-4.920203648507595, 5.981927925920416, 0,-4.920207671821117, 5.98193492838059, 0,-4.920218735933304, 5.981949600201628, 0,-4.920230470597744, 5.981982945247948, 0,-4.920230470597744, 5.981982945247948, 0,-4.920230470597744, 5.981992281860551, 0,-4.920230470597744, 5.981992281860551, 0,-4.920230135321617, 5.981999951220791, 0,-4.920230135321617, 5.981999951220791, 0,-4.920228458940983, 5.9820089543826676, 0,-4.920228458940983, 5.9820089543826676, 0,-4.9202267825603485, 5.9820166237426795, 0,-4.9202267825603485, 5.9820166237426795, 0,-4.920222759246826, 5.9820279610572635, 0,-4.920222759246826, 5.9820279610572635, 0,-4.920224100351334, 5.982032962813624, 0,-4.9202267825603485, 5.982050302235324, 0,-4.9202291294932365, 5.982055637441889, 0,-4.920231141149998, 5.982061972999618, 0,-4.920233152806759, 5.982065974404472, 0,-4.920233152806759, 5.982065974404472, 0,-4.920233488082886, 5.982071976511676, 0,-4.920235835015774, 5.98207697826763, 0</coordinates>
                </LinearRing>
            </outerBoundaryIs>
        </Polygon>
    </MultiGeometry>
  </Placemark><Placemark>
	<Style><LineStyle><color>ff0000ff</color></LineStyle><PolyStyle><fill>0</fill></PolyStyle></Style>
	<ExtendedData><SchemaData schemaUrl="#programmeband_1">
		<SimpleData name="N°">22</SimpleData>
		<SimpleData name="Cooperative">COOP CA SCAAB</SimpleData>
		<SimpleData name="Code_CCC">COOP CA SCAAB</SimpleData>
		<SimpleData name="Code_Producteur">SCAAB-TIA-202</SimpleData>
		<SimpleData name="Code_Parcelle">SCAAB-TIA-202-P1</SimpleData>
		<SimpleData name="Section">TIASSALE</SimpleData>
		<SimpleData name="Localite">TIASSALE</SimpleData>
		<SimpleData name="Sous-Prefecture">TIASSALE</SimpleData>
		<SimpleData name="Region ">AGNEBY-TIASSA</SimpleData>
		<SimpleData name="Nom">OUEDRAOGO</SimpleData>
		<SimpleData name="Prenoms">MATHIAS</SimpleData>
		<SimpleData name="Genre">Homme</SimpleData>
		<SimpleData name="Programme">Mondelez</SimpleData>
		<SimpleData name="Departement"></SimpleData>
		<SimpleData name="Statut">Candidat</SimpleData>
	</SchemaData>
    </ExtendedData>
      <MultiGeometry>
        <Polygon>
            <outerBoundaryIs>
                <LinearRing>
                    <coordinates>-4.908310063183308, 5.975338237710113, 0,-4.908310063183308, 5.975338237710113, 0,-4.908310063183308, 5.975338237710113, 0,-4.908310063183308, 5.975338237710113, 0,-4.90827351808548, 5.975314562439893, 0,-4.908255748450756, 5.975306559531409, 0,-4.908255748450756, 5.975306559531409, 0,-4.908247701823711, 5.975299556986391, 0,-4.908247701823711, 5.975299556986391, 0,-4.9082426726818085, 5.975292554441296, 0,-4.9082426726818085, 5.975292554441296, 0,-4.908236302435398, 5.97528755262331, 0,-4.908228255808353, 5.97528388462342, 0,-4.908228255808353, 5.97528388462342, 0,-4.908210150897503, 5.975277882441739, 0,-4.908210150897503, 5.975277882441739, 0,-4.908198416233063, 5.975271213350909, 0,-4.908198416233063, 5.975271213350909, 0,-4.908186681568623, 5.9752672118963615, 0,-4.908151142299175, 5.975252539896131, 0,-4.908145442605019, 5.975250539168793, 0,-4.908145442605019, 5.975250539168793, 0,-4.908135384321213, 5.975249872259681, 0,-4.908135384321213, 5.975249872259681, 0,-4.908098168671131, 5.975247538077775, 0,-4.908087439835072, 5.975245537350412, 0,-4.908076040446758, 5.975243870077619, 0,-4.908026419579983, 5.9752321991678725, 0,-4.908026419579983, 5.9752321991678725, 0,-4.908009320497513, 5.975228531167614, 0,-4.908002279698849, 5.975222862439904, 0,-4.907931201159954, 5.9751941853458455, 0,-4.907931201159954, 5.9751941853458455, 0,-4.90792416036129, 5.975189850436157, 0,-4.90792416036129, 5.975189850436157, 0,-4.907917454838753, 5.975187516253997, 0,-4.907874874770641, 5.975180180252857, 0,-4.907874874770641, 5.975180180252857, 0,-4.9078671634197235, 5.975177179161457, 0,-4.9078671634197235, 5.975177179161457, 0,-4.9078671634197235, 5.975177179161457, 0,-4.907858781516552, 5.975174844979246, 0,-4.907858781516552, 5.975174844979246, 0,-4.907858781516552, 5.975174844979246, 0,-4.907848387956619, 5.975171843887807, 0,-4.907848387956619, 5.975171843887807, 0,-4.907836653292179, 5.975171843887807, 0,-4.907827265560627, 5.975169176250963, 0,-4.907827265560627, 5.975169176250963, 0,-4.907817542552948, 5.975166842068714, 0,-4.907817542552948, 5.975166842068714, 0,-4.907807484269142, 5.975164841341071, 0,-4.907807484269142, 5.975164841341071, 0,-4.907807484269142, 5.975164841341071, 0,-4.907801114022732, 5.975160506431141, 0,-4.907801114022732, 5.975160506431141, 0,-4.907794743776321, 5.9751401656994725, 0,-4.907793067395687, 5.9751304955152955, 0,-4.907791391015053, 5.975122159149508, 0,-4.907791391015053, 5.975122159149508, 0,-4.907788708806038, 5.975112488965012, 0,-4.907778985798359, 5.975072140952021, 0,-4.907778315246105, 5.975059803129269, 0,-4.907780662178993, 5.97503846202981, 0,-4.907783009111881, 5.975027458025067, 0,-4.907783009111881, 5.975027458025067, 0,-4.90778636187315, 5.975013452927816, 0,-4.90778636187315, 5.975013452927816, 0,-4.90778636187315, 5.975013452927816, 0,-4.907792396843433, 5.975002448922564, 0,-4.907792396843433, 5.975002448922564, 0,-4.9077994376420975, 5.974992111826525, 0,-4.9077994376420975, 5.974992111826525, 0,-4.907798767089844, 5.974975772545307, 0,-4.907798767089844, 5.974975772545307, 0,-4.907798767089844, 5.974975772545307, 0,-4.907788038253784, 5.974969436905521, 0,-4.907768256962299, 5.97496243435619, 0,-4.907768256962299, 5.97496243435619, 0,-4.907762221992016, 5.97496243435619, 0,-4.907732717692852, 5.9749744387264085, 0,-4.907713271677494, 5.974989444188816, 0,-4.907713271677494, 5.974989444188816, 0,-4.907713271677494, 5.974989444188816, 0,-4.907704219222069, 5.974992111826525, 0,-4.907704219222069, 5.974992111826525, 0,-4.907704219222069, 5.974992111826525, 0,-4.907693155109882, 5.974993445645386, 0,-4.907681420445442, 5.974997447101931, 0,-4.907672367990017, 5.975002448922564, 0,-4.907672367990017, 5.975002448922564, 0,-4.9076636508107185, 5.975006450379045, 0,-4.907650910317898, 5.975018454748296, 0,-4.907650910317898, 5.975018454748296, 0,-4.907645545899868, 5.97502178929527, 0,-4.907645545899868, 5.97502178929527, 0,-4.90763682872057, 5.97502479038751, 0,-4.90763682872057, 5.97502479038751, 0,-4.907630793750286, 5.975025457296902, 0,-4.907630793750286, 5.975025457296902, 0,-4.907623082399368, 5.975023790023434, 0,-4.907623082399368, 5.975023790023434, 0,-4.907613694667816, 5.975020788931169, 0,-4.907602965831757, 5.975021122385878, 0,-4.907589890062809, 5.9750224562046625, 0,-4.907576814293861, 5.975020455476486, 0,-4.907576814293861, 5.975020455476486, 0,-4.907567426562309, 5.975017120929499, 0,-4.907561056315899, 5.975013786382499, 0,-4.907561056315899, 5.975013786382499, 0,-4.9075546860694885, 5.975011452199588, 0,-4.9075546860694885, 5.975011452199588, 0,-4.907544292509556, 5.975011118744905, 0,-4.907536916434765, 5.975011118744905, 0,-4.907536916434765, 5.975011118744905, 0,-4.907529875636101, 5.975010118380778, 0,-4.907529875636101, 5.975010118380778, 0,-4.907522164285183, 5.975007450743158, 0,-4.907522164285183, 5.975007450743158, 0,-4.907515123486519, 5.975008451107272, 0,-4.907506071031094, 5.975011118744905, 0,-4.907506071031094, 5.975011118744905, 0,-4.907497689127922, 5.975014453291904, 0,-4.907497689127922, 5.975014453291904, 0,-4.90748830139637, 5.97502178929527, 0,-4.90748830139637, 5.97502178929527, 0,-4.9074795842170715, 5.975027458025067, 0,-4.907468855381012, 5.975033793664179, 0,-4.907459802925587, 5.975039128939164, 0,-4.907459802925587, 5.975039128939164, 0,-4.907453767955303, 5.975044464214111, 0,-4.907453767955303, 5.975044464214111, 0,-4.907453767955303, 5.975044464214111, 0,-4.907436333596706, 5.975058802765243, 0,-4.907436333596706, 5.975058802765243, 0,-4.907429963350296, 5.975064138039987, 0,-4.907429963350296, 5.975064138039987, 0,-4.907422251999378, 5.97507080713335, 0,-4.907422251999378, 5.97507080713335, 0,-4.907412864267826, 5.97507614240798, 0,-4.907412864267826, 5.97507614240798, 0,-4.907404147088528, 5.975080143863914, 0,-4.9073974415659904, 5.9750861460477696, 0,-4.9073974415659904, 5.9750861460477696, 0,-4.9073947593569756, 5.9750954827780784, 0,-4.907390736043453, 5.9751068202360935, 0,-4.907390736043453, 5.9751068202360935, 0,-4.90738570690155, 5.975114489692845, 0,-4.90738570690155, 5.975114489692845, 0,-4.907381683588028, 5.975120158421687, 0,-4.90737397223711, 5.97512382642267, 0,-4.907363243401051, 5.975127827878261, 0,-4.907323680818081, 5.975153170429645, 0,-4.907317645847797, 5.975163174068023, 0,-4.907313287258148, 5.9751708435239985, 0,-4.907313957810402, 5.975174178070032, 0,-4.907313957810402, 5.975174178070032, 0,-4.907316975295544, 5.975178846434454, 0,-4.9073223397135735, 5.9751848486172285, 0,-4.9073223397135735, 5.9751848486172285, 0,-4.907327704131603, 5.975191184254522, 0,-4.907327704131603, 5.975191184254522, 0,-4.907331727445126, 5.97519651952798, 0,-4.907331727445126, 5.97519651952798, 0,-4.9073367565870285, 5.975201521346794, 0,-4.9073367565870285, 5.975201521346794, 0,-4.907348491251469, 5.975215859893817, 0,-4.907348491251469, 5.975215859893817, 0,-4.907351844012737, 5.975221195167034, 0,-4.907351844012737, 5.975221195167034, 0,-4.907353855669498, 5.975227530803908, 0,-4.907353855669498, 5.975227530803908, 0,-4.90735687315464, 5.975233866440717, 0,-4.907359890639782, 5.975239535168312, 0,-4.907359890639782, 5.975239535168312, 0,-4.90736223757267, 5.975246871168663, 0,-4.907364919781685, 5.975255207532568, 0,-4.907364919781685, 5.975255207532568, 0,-4.907370284199715, 5.975263543896332, 0,-4.907380677759647, 5.975280216623519, 0,-4.907380677759647, 5.975280216623519, 0,-4.907387048006058, 5.9752885529869015, 0,-4.907387048006058, 5.9752885529869015, 0,-4.9073877185583115, 5.97529922353186, 0,-4.9073877185583115, 5.975310894440182, 0,-4.907386042177677, 5.975322565348249, 0,-4.907386042177677, 5.975322565348249, 0,-4.907386712729931, 5.975333235892546, 0,-4.907388053834438, 5.9753425726186435, 0,-4.907388053834438, 5.9753425726186435, 0,-4.907388389110565, 5.975352242799069, 0,-4.907388389110565, 5.975352242799069, 0,-4.907387048006058, 5.975383920975126, 0,-4.907390736043453, 5.9754075962423565, 0,-4.907392747700214, 5.975419600602804, 0,-4.907392077147961, 5.975431271508556, 0,-4.907392747700214, 5.975442942414054, 0,-4.907394424080849, 5.975454946773738, 0,-4.907392747700214, 5.97546628422431, 0,-4.907392747700214, 5.97546628422431, 0,-4.907392077147961, 5.975476954765808, 0,-4.907392077147961, 5.975476954765808, 0,-4.907390736043453, 5.975485958035034, 0,-4.9073877185583115, 5.975493627486481, 0,-4.9073877185583115, 5.975493627486481, 0,-4.907381013035774, 5.975502630755427, 0,-4.907381013035774, 5.975502630755427, 0,-4.907373636960983, 5.975512300933015, 0,-4.907373636960983, 5.975512300933015, 0,-4.90736860781908, 5.9755363096490886, 0,-4.90736860781908, 5.9755363096490886, 0,-4.907364919781685, 5.975559984909729, 0,-4.907364919781685, 5.975559984909729, 0,-4.907364919781685, 5.975559984909729, 0,-4.907362908124924, 5.9755726561755615, 0,-4.907363578677177, 5.975584660532396, 0,-4.907363578677177, 5.975584660532396, 0,-4.907365590333939, 5.975596331434612, 0,-4.90736860781908, 5.9756053347018785, 0,-4.90736860781908, 5.9756053347018785, 0,-4.907382354140282, 5.975630010322511, 0,-4.907382354140282, 5.975630010322511, 0,-4.907386042177677, 5.975637679771947, 0,-4.907386042177677, 5.975637679771947, 0,-4.907393753528595, 5.975645682675583, 0,-4.9073997884988785, 5.975654685942036, 0,-4.9073997884988785, 5.975654685942036, 0,-4.907403476536274, 5.97566735720568, 0,-4.907398447394371, 5.975726712068313, 0,-4.907398447394371, 5.975726712068313, 0,-4.907395765185356, 5.975739716784554, 0,-4.907395094633102, 5.9757530549547155, 0,-4.907395094633102, 5.9757530549547155, 0,-4.907395094633102, 5.9757530549547155, 0,-4.907396100461483, 5.97576305858214, 0,-4.907398782670498, 5.975805740723743, 0,-4.907404147088528, 5.975823747251229, 0,-4.9074192345142365, 5.975843087594903, 0,-4.9074192345142365, 5.975843087594903, 0,-4.907417222857475, 5.975852424312299, 0,-4.907417222857475, 5.975852424312299, 0,-4.90741454064846, 5.975861427575355, 0,-4.90741454064846, 5.975861427575355, 0,-4.9073974415659904, 5.975876099559263, 0,-4.9073974415659904, 5.975876099559263, 0,-4.90739107131958, 5.975884435913588, 0,-4.90739107131958, 5.975884435913588, 0,-4.907383359968662, 5.975891438451125, 0,-4.907383359968662, 5.975891438451125, 0,-4.907377660274506, 5.975895773355254, 0,-4.907377660274506, 5.975895773355254, 0,-4.907377660274506, 5.975906443888381, 0,-4.907394088804722, 5.975960463459133, 0,-4.907394088804722, 5.975960463459133, 0,-4.907392077147961, 5.975954794738993, 0,-4.907392077147961, 5.975954794738993, 0,-4.907388389110565, 5.975954461284869, 0,-4.907388389110565, 5.975954461284869, 0,-4.907387048006058, 5.9759577958261305, 0,-4.907387048006058, 5.9759577958261305, 0,-4.907387048006058, 5.975976469256851, 0,-4.907387048006058, 5.975976469256851, 0,-4.907396771013737, 5.976028154642109, 0,-4.907396771013737, 5.976028154642109, 0,-4.907396771013737, 5.976028154642109, 0,-4.907396771013737, 5.976028154642109, 0,-4.907396771013737, 5.976028154642109, 0,-4.907396771013737, 5.976028154642109, 0,-4.907396771013737, 5.976028154642109, 0,-4.907396771013737, 5.976028154642109, 0,-4.907396771013737, 5.976028154642109, 0,-4.907396771013737, 5.976028154642109, 0,-4.907396771013737, 5.976028154642109, 0,-4.907396771013737, 5.976028154642109, 0,-4.907414875924587, 5.976061833503431, 0,-4.907414875924587, 5.976061833503431, 0,-4.907414875924587, 5.976061833503431, 0,-4.907424934208393, 5.976070503308992, 0,-4.907424934208393, 5.976070503308992, 0,-4.907436668872833, 5.976080173476542, 0,-4.907436668872833, 5.976080173476542, 0,-4.907448403537273, 5.976091510914163, 0,-4.907448403537273, 5.976091510914163, 0,-4.907460138201714, 5.976096179270761, 0,-4.907460138201714, 5.976096179270761, 0,-4.907471872866154, 5.9761055159838445, 0,-4.90748830139637, 5.976124189409513, 0,-4.90749467164278, 5.97613019158192, 0,-4.907508417963982, 5.976146530828686, 0,-4.907508417963982, 5.976146530828686, 0,-4.907508417963982, 5.976146530828686, 0,-4.9075134471058846, 5.976153533362864, 0,-4.9075134471058846, 5.976153533362864, 0,-4.907522834837437, 5.976159868988949, 0,-4.907522834837437, 5.976159868988949, 0,-4.907522834837437, 5.976159868988949, 0,-4.907527528703213, 5.9761778755047805, 0,-4.907546639442444, 5.976209553633066, 0,-4.907549321651459, 5.976213221626747, 0,-4.907549321651459, 5.976213221626747, 0,-4.907561726868153, 5.976212554718805, 0,-4.907571449875832, 5.976209220179095, 0,-4.907581172883511, 5.9762025510995995, 0,-4.907604642212391, 5.976203218007567, 0,-4.907604642212391, 5.976203218007567, 0,-4.907617382705212, 5.9762065525473025, 0,-4.9076297879219055, 5.976220557614044, 0,-4.907638169825077, 5.9762225583378195, 0,-4.9076418578624725, 5.976226226331424, 0,-4.9076418578624725, 5.976226226331424, 0,-4.907645881175995, 5.9762282270551985, 0,-4.907660633325577, 5.976233562318543, 0,-4.907660633325577, 5.976233562318543, 0,-4.907670021057129, 5.976237563766017, 0,-4.907670021057129, 5.976237563766017, 0,-4.907693155109882, 5.976236896858113, 0,-4.907716289162636, 5.976225225969537, 0,-4.907720312476158, 5.976220224160074, 0,-4.907721318304539, 5.97621422198866, 0,-4.907721318304539, 5.97621422198866, 0,-4.907724671065807, 5.976200550375736, 0,-4.907724671065807, 5.976200550375736, 0,-4.907724671065807, 5.976200550375736, 0,-4.9077290296554565, 5.976194881658089, 0,-4.907734394073486, 5.9761695391549345, 0,-4.907742440700531, 5.976142195926529, 0,-4.90774679929018, 5.976138194478355, 0,-4.90774679929018, 5.976138194478355, 0,-4.907751493155956, 5.976132192306051, 0,-4.907759875059128, 5.9761188541451125, 0,-4.907759875059128, 5.9761188541451125, 0,-4.907763227820396, 5.97611218506451, 0,-4.907763227820396, 5.97611218506451, 0,-4.907768256962299, 5.976085842195384, 0,-4.907768256962299, 5.976085842195384, 0,-4.907764568924904, 5.976024153193109, 0,-4.9077679216861725, 5.976009481213158, 0,-4.9077679216861725, 5.976009481213158, 0,-4.90777462720871, 5.976001811768937, 0,-4.907779656350613, 5.976001144860754, 0,-4.907779656350613, 5.976001144860754, 0,-4.9077873677015305, 5.976000811406642, 0,-4.9077873677015305, 5.976000811406642, 0,-4.9077873677015305, 5.976000811406642, 0,-4.907794743776321, 5.976000144498446, 0,-4.907812178134918, 5.976002812131244, 0,-4.907812178134918, 5.976002812131244, 0,-4.907822906970978, 5.976002145223048, 0,-4.907822906970978, 5.976002145223048, 0,-4.907832965254784, 5.976000811406642, 0,-4.907843358814716, 5.975997810319746, 0,-4.907848723232746, 5.975993141962308, 0,-4.907848723232746, 5.975993141962308, 0,-4.907852075994015, 5.975985139063748, 0,-4.907852075994015, 5.975985139063748, 0,-4.907852075994015, 5.975985139063748, 0,-4.907855428755283, 5.975976469256851, 0,-4.907855428755283, 5.975976469256851, 0,-4.907855428755283, 5.975976469256851, 0,-4.907856099307537, 5.975967799449815, 0,-4.907852411270142, 5.975957128917884, 0,-4.907852411270142, 5.975957128917884, 0,-4.907852411270142, 5.975957128917884, 0,-4.907846041023731, 5.975946458385749, 0,-4.907846041023731, 5.975946458385749, 0,-4.90783866494894, 5.975937788578242, 0,-4.90783866494894, 5.975937788578242, 0,-4.90783866494894, 5.975937788578242, 0,-4.9078309535980225, 5.975929452224719, 0,-4.9078309535980225, 5.975929452224719, 0,-4.907829277217388, 5.975922116233527, 0,-4.907829277217388, 5.975922116233527, 0,-4.907829947769642, 5.975914780242236, 0,-4.907829947769642, 5.975914780242236, 0,-4.907830618321896, 5.975909111521637, 0,-4.907830618321896, 5.975909111521637, 0,-4.907830618321896, 5.975909111521637, 0,-4.907831959426403, 5.9759027758926395, 0,-4.907833635807037, 5.975896440263578, 0,-4.907833635807037, 5.975896440263578, 0,-4.907833635807037, 5.975896440263578, 0,-4.907836653292179, 5.9758884373636185, 0,-4.907842352986336, 5.9758817682802166, 0,-4.907842352986336, 5.9758817682802166, 0,-4.907849058508873, 5.975872765017492, 0,-4.907849058508873, 5.975872765017492, 0,-4.907849058508873, 5.975872765017492, 0,-4.907856434583664, 5.975862094483716, 0,-4.907856434583664, 5.975862094483716, 0,-4.9078624695539474, 5.975852090858112, 0,-4.9078624695539474, 5.975852090858112, 0,-4.907868169248104, 5.975848089407814, 0,-4.907875880599022, 5.97584375450329, 0,-4.907881580293179, 5.975838752690342, 0,-4.907881580293179, 5.975838752690342, 0,-4.907881580293179, 5.975838752690342, 0,-4.907887950539589, 5.975832417060542, 0,-4.907887950539589, 5.975832417060542, 0,-4.907894320785999, 5.975824414159641, 0,-4.907894320785999, 5.975824414159641, 0,-4.907894320785999, 5.975824414159641, 0,-4.9079010263085365, 5.9758160778044, 0,-4.9079010263085365, 5.9758160778044, 0,-4.90790706127882, 5.975815410895975, 0,-4.90790706127882, 5.975815410895975, 0,-4.90790706127882, 5.975815410895975, 0,-4.907914772629738, 5.975813743624924, 0,-4.907914772629738, 5.975813743624924, 0,-4.90792416036129, 5.975809075265908, 0,-4.90792416036129, 5.975809075265908, 0,-4.90792416036129, 5.975809075265908, 0,-4.907933883368969, 5.975802072727315, 0,-4.907933883368969, 5.975802072727315, 0,-4.9079422652721405, 5.975794403280194, 0,-4.9079519882798195, 5.97579006837525, 0,-4.9079519882798195, 5.97579006837525, 0,-4.907963387668133, 5.9757884011041105, 0,-4.907963387668133, 5.9757884011041105, 0,-4.907972775399685, 5.975785733470282, 0,-4.907989539206028, 5.975781065111025, 0,-4.907995909452438, 5.975782732382189, 0,-4.908006973564625, 5.9757894014668, 0,-4.908006973564625, 5.9757894014668, 0,-4.9080247431993484, 5.975794736734419, 0,-4.9080247431993484, 5.975794736734419, 0,-4.9080317839980125, 5.97579173564639, 0,-4.9080317839980125, 5.97579173564639, 0,-4.908049218356609, 5.975785400016057, 0,-4.908049218356609, 5.975785400016057, 0,-4.908049218356609, 5.975785400016057, 0,-4.908059947192669, 5.975786066924507, 0,-4.908059947192669, 5.975786066924507, 0,-4.908059947192669, 5.975786066924507, 0,-4.908071011304855, 5.975785400016057, 0,-4.908071011304855, 5.975785400016057, 0,-4.908071011304855, 5.975785400016057, 0,-4.908088445663452, 5.975780398202561, 0,-4.908088445663452, 5.975780398202561, 0,-4.9080948159098625, 5.9757733956636105, 0,-4.9080948159098625, 5.9757733956636105, 0,-4.908099845051765, 5.975768060395775, 0,-4.908099845051765, 5.975768060395775, 0,-4.908103533089161, 5.975760724402422, 0,-4.908103533089161, 5.975760724402422, 0,-4.908109232783318, 5.975752388046214, 0,-4.908109232783318, 5.975752388046214, 0,-4.908121973276138, 5.9757387164217635, 0,-4.908139072358608, 5.975733381153597, 0,-4.908139072358608, 5.975733381153597, 0,-4.908155165612698, 5.975715041168858, 0,-4.908155165612698, 5.975715041168858, 0,-4.908155165612698, 5.975715041168858, 0,-4.908155165612698, 5.975715041168858, 0,-4.908155165612698, 5.975715041168858, 0,-4.908171929419041, 5.975708038629069, 0,-4.908171929419041, 5.975708038629069, 0,-4.90817628800869, 5.975704037177715, 0,-4.90817628800869, 5.975704037177715, 0,-4.90818165242672, 5.975694033549234, 0,-4.90818165242672, 5.975694033549234, 0,-4.90818165242672, 5.975694033549234, 0,-4.908184669911861, 5.975688698280623, 0,-4.908184669911861, 5.975688698280623, 0,-4.908196069300175, 5.975680028469032, 0,-4.9082014337182045, 5.975673692837388, 0,-4.9082014337182045, 5.975673692837388, 0,-4.908207803964615, 5.975664356116939, 0,-4.908214509487152, 5.9756573535765005, 0,-4.908214509487152, 5.9756573535765005, 0,-4.908221215009689, 5.975650351035973, 0,-4.908229261636734, 5.975643681949683, 0,-4.908232279121876, 5.975638680134903, 0,-4.908234961330891, 5.975630343776838, 0,-4.908234961330891, 5.975630343776838, 0,-4.908234961330891, 5.975630343776838, 0,-4.908237978816032, 5.975623341235966, 0,-4.908239990472794, 5.975614004514665, 0,-4.908241666853428, 5.9756053347018785, 0,-4.908241666853428, 5.9756053347018785, 0,-4.908241666853428, 5.9756053347018785, 0,-4.908248037099838, 5.9755873281672045, 0,-4.908248037099838, 5.9755873281672045, 0,-4.908250048756599, 5.975577324536575, 0,-4.90825641900301, 5.975541978373554, 0,-4.90825641900301, 5.975541978373554, 0,-4.908231608569622, 5.975517969657747, 0,-4.908231608569622, 5.975517969657747, 0,-4.908193722367287, 5.97550196384662, 0,-4.908189028501511, 5.975495294758511, 0,-4.908177629113197, 5.975478955492306, 0,-4.908172599971294, 5.975467284587585, 0,-4.908172599971294, 5.975467284587585, 0,-4.908172599971294, 5.975467284587585, 0,-4.90816455334425, 5.975446943867316, 0,-4.908158853650093, 5.975433939144115, 0,-4.908158853650093, 5.975433939144115, 0,-4.908150136470795, 5.975425269328491, 0,-4.90813571959734, 5.975409263514654, 0,-4.90813571959734, 5.975409263514654, 0,-4.90816555917263, 5.975356244252979, 0,-4.90816555917263, 5.975356244252979, 0,-4.908172599971294, 5.975345907163633, 0,-4.908172599971294, 5.975345907163633, 0,-4.9081819877028465, 5.9753385711646185, 0,-4.9081819877028465, 5.9753385711646185, 0,-4.908192045986652, 5.975330568256491, 0,-4.908212833106518, 5.975319230803107, 0</coordinates>
                </LinearRing>
            </outerBoundaryIs>
        </Polygon>
    </MultiGeometry>
  </Placemark><Placemark>
	<Style><LineStyle><color>ff0000ff</color></LineStyle><PolyStyle><fill>0</fill></PolyStyle></Style>
	<ExtendedData><SchemaData schemaUrl="#programmeband_1">
		<SimpleData name="N°">23</SimpleData>
		<SimpleData name="Cooperative">COOP CA SCAAB</SimpleData>
		<SimpleData name="Code_CCC">COOP CA SCAAB</SimpleData>
		<SimpleData name="Code_Producteur">SCAAB-TIA-188</SimpleData>
		<SimpleData name="Code_Parcelle">SCAAB-TIA-188-P1</SimpleData>
		<SimpleData name="Section">TIASSALE</SimpleData>
		<SimpleData name="Localite">TIASSALE</SimpleData>
		<SimpleData name="Sous-Prefecture">TIASSALE</SimpleData>
		<SimpleData name="Region ">AGNEBY-TIASSA</SimpleData>
		<SimpleData name="Nom">ILBOUDO</SimpleData>
		<SimpleData name="Prenoms">SALIF</SimpleData>
		<SimpleData name="Genre">Homme</SimpleData>
		<SimpleData name="Programme">Mondelez</SimpleData>
		<SimpleData name="Departement"></SimpleData>
		<SimpleData name="Statut">Candidat</SimpleData>
	</SchemaData>
    </ExtendedData>
      <MultiGeometry>
        <Polygon>
            <outerBoundaryIs>
                <LinearRing>
                    <coordinates>-4.878329671919346, 5.8744630105514695, 0,-4.878332018852234, 5.8744620100051606, 0,-4.8783377185463905, 5.874461676489728, 0,-4.878353141248226, 5.874467679767543, 0,-4.878372587263584, 5.874478018745871, 0,-4.878380969166756, 5.874485022569766, 0,-4.878384657204151, 5.874493360455274, 0,-4.87838800996542, 5.87450703458721, 0,-4.878396391868591, 5.874520375203422, 0,-4.878412149846554, 5.874543721281003, 0,-4.878416508436203, 5.874556728380943, 0,-4.8784178495407104, 5.874577739849444, 0,-4.878415837883949, 5.8745897464025285, 0,-4.878415837883949, 5.8745897464025285, 0,-4.8784128203988075, 5.874599418347869, 0,-4.878414161503315, 5.8746094238083995, 0,-4.878414832055569, 5.874625432544861, 0,-4.8784248903393745, 5.874641441280865, 0,-4.878429584205151, 5.874652780801927, 0,-4.878429584205151, 5.874652780801927, 0,-4.878438971936703, 5.874674459297426, 0,-4.878438971936703, 5.874674459297426, 0,-4.878446012735367, 5.874690134516713, 0,-4.878449030220509, 5.874710145434325, 0,-4.87845104187727, 5.874739161263577, 0,-4.87845104187727, 5.874739161263577, 0,-4.87845104187727, 5.874732824473409, 0,-4.878453388810158, 5.874727488229004, 0,-4.878457076847553, 5.8747218184692676, 0,-4.878462441265583, 5.874718816831728, 0,-4.878472834825516, 5.8747164822247475, 0,-4.878472834825516, 5.8747164822247475, 0,-4.878476858139038, 5.874717482770598, 0,-4.878483563661575, 5.8747218184692676, 0,-4.8785120621323586, 5.874720150892858, 0,-4.8785150796175, 5.8747164822247475, 0,-4.878521449863911, 5.874713147071903, 0,-4.8785217851400375, 5.874713147071903, 0,-4.8785217851400375, 5.874713147071903, 0,-4.878546930849552, 5.874704142159119, 0,-4.8785750940442085, 5.874705142704995, 0,-4.878587834537029, 5.874695804276779, 0,-4.878590852022171, 5.874683797725985, 0,-4.8785968869924545, 5.874676460389267, 0,-4.878603592514992, 5.874673125236181, 0,-4.878611974418163, 5.874672458205558, 0,-4.878619015216827, 5.874672124690254, 0,-4.8786260560154915, 5.874671791174949, 0,-4.878633767366409, 5.874673458751499, 0,-4.878633767366409, 5.874673458751499, 0,-4.878643490374088, 5.874676793904585, 0,-4.878667965531349, 5.874683464210693, 0,-4.878694787621498, 5.8746884669402135, 0,-4.878706522285938, 5.874688800455505, 0,-4.8787155747413635, 5.874690134516713, 0,-4.878730997443199, 5.874705476220287, 0,-4.878776930272579, 5.874744163992615, 0,-4.878776930272579, 5.874744163992615, 0,-4.878786988556385, 5.874749500236855, 0,-4.878798387944698, 5.87475316890475, 0,-4.878798387944698, 5.87475316890475, 0,-4.878815487027168, 5.874747165630001, 0,-4.878825880587101, 5.874745498053681, 0,-4.878832921385765, 5.874751501328429, 0,-4.878844320774078, 5.874759505694688, 0,-4.878848679363728, 5.874761506786224, 0,-4.878852367401123, 5.87475450296579, 0,-4.878856725990772, 5.874750500782642, 0,-4.878861419856548, 5.874747165630001, 0,-4.878878854215145, 5.874732824473409, 0,-4.8788828775286674, 5.874730156351212, 0,-4.878900647163391, 5.874726821198445, 0,-4.87889863550663, 5.874723819560944, 0,-4.878898300230503, 5.874723152530385, 0,-4.878898300230503, 5.874723152530385, 0,-4.878931827843189, 5.874701807552074, 0,-4.878939539194107, 5.874699472945017, 0,-4.878964014351368, 5.874694470215585, 0,-4.878968372941017, 5.874697471853252, 0,-4.878974407911301, 5.87470114052149, 0,-4.878977425396442, 5.874702141067367, 0,-4.878980442881584, 5.87470480918969, 0,-4.879001900553703, 5.874716815740026, 0,-4.87902469933033, 5.874739161263577, 0,-4.879079684615135, 5.874780517155531, 0,-4.879087060689926, 5.8747845193384505, 0,-4.879111535847187, 5.874802862676525, 0,-4.879120253026485, 5.874809199465891, 0,-4.879125952720642, 5.874813535163848, 0,-4.8791393637657166, 5.874829210379216, 0,-4.879151098430157, 5.874840549896449, 0,-4.87915713340044, 5.874846219654989, 0,-4.879162833094597, 5.874853556989468, 0,-4.8791759088635445, 5.874862561899848, 0,-4.879183955490589, 5.874863562445419, 0,-4.879192002117634, 5.874863562445419, 0,-4.8792241886258125, 5.874861561354239, 0,-4.879234246909618, 5.874859893778262, 0,-4.8792362585663795, 5.874859226747868, 0,-4.879240617156029, 5.874859560263059, 0,-4.879254698753357, 5.874864896506205, 0,-4.879263415932655, 5.874867564627766, 0,-4.879280850291252, 5.874873234386013, 0,-4.879286549985409, 5.874872567355633, 0,-4.8792895674705505, 5.874871233294871, 0,-4.8792895674705505, 5.874871233294871, 0,-4.879293590784073, 5.874870232749288, 0,-4.879299625754356, 5.874864896506205, 0,-4.87930566072464, 5.874859226747868, 0,-4.87931102514267, 5.874850221837438, 0,-4.879325106739998, 5.874823874135739, 0,-4.879336841404438, 5.874812201102934, 0,-4.879344552755356, 5.8748041967374505, 0,-4.879344552755356, 5.8748041967374505, 0,-4.879352264106274, 5.874796192371841, 0,-4.879355616867542, 5.874790189097563, 0,-4.87935796380043, 5.874772846304832, 0,-4.87936332821846, 5.874762840847239, 0,-4.879370369017124, 5.874754169450524, 0,-4.879370369017124, 5.874754169450524, 0,-4.879377409815788, 5.874748166175801, 0,-4.879377409815788, 5.874748166175801, 0,-4.8794059082865715, 5.874710145434325, 0,-4.879411943256855, 5.874709144888461, 0,-4.8794203251600266, 5.87470681028143, 0,-4.8794203251600266, 5.87470681028143, 0,-4.879428707063198, 5.874701474036782, 0,-4.879428707063198, 5.874701474036782, 0,-4.87943708896637, 5.874696137792071, 0,-4.879446476697922, 5.874690134516713, 0,-4.879446476697922, 5.874690134516713, 0,-4.879454858601093, 5.8746831306953755, 0,-4.879469610750675, 5.87466912305246, 0,-4.879469610750675, 5.87466912305246, 0,-4.879498444497585, 5.8746557824398105, 0,-4.879499785602093, 5.8746561159551405, 0,-4.879497773945332, 5.8746594511083154, 0,-4.879498444497585, 5.8746661214146405, 0,-4.879502132534981, 5.874669790083069, 0,-4.879521913826466, 5.8746807960882546, 0,-4.879578240215778, 5.874708477857878, 0,-4.879590310156345, 5.874702141067367, 0,-4.8796094208955765, 5.8746928026391, 0,-4.879612773656845, 5.874688800455505, 0,-4.87961545586586, 5.874683797725985, 0,-4.879623502492905, 5.874674125782108, 0,-4.879623502492905, 5.874674125782108, 0,-4.879625514149666, 5.874665120868688, 0,-4.879629872739315, 5.874647778072063, 0,-4.879631549119949, 5.874640774250205, 0,-4.879631549119949, 5.874640774250205, 0,-4.879631884396076, 5.874632769882253, 0,-4.879631884396076, 5.874623431452829, 0,-4.879631884396076, 5.874616761145995, 0,-4.879634231328964, 5.8746087567777, 0,-4.879634231328964, 5.8746087567777, 0,-4.8796335607767105, 5.874596083194325, 0,-4.879634566605091, 5.874592081010044, 0,-4.879635237157345, 5.874586077733553, 0,-4.879636242985725, 5.874579740941655, 0,-4.879636242985725, 5.874579740941655, 0,-4.879639260470867, 5.8745720700881945, 0,-4.879642613232136, 5.87456539978075, 0,-4.879643619060516, 5.874555060804051, 0,-4.879643619060516, 5.874555060804051, 0,-4.879643619060516, 5.874548390496402, 0,-4.879643619060516, 5.874543054250241, 0,-4.879643619060516, 5.874543054250241, 0,-4.8796432837843895, 5.874534382850078, 0,-4.87964428961277, 5.874526044965206, 0,-4.879643619060516, 5.874518707626401, 0,-4.8796432837843895, 5.8745120373183335, 0,-4.8796432837843895, 5.8745120373183335, 0,-4.879641942679882, 5.874502698886873, 0,-4.879641607403755, 5.874496695609441, 0,-4.879641942679882, 5.874490025301093, 0,-4.879643619060516, 5.874476351168725, 0,-4.879641942679882, 5.874461676489728, 0,-4.879641607403755, 5.874448335872118, 0,-4.8796312138438225, 5.874433661192372, 0,-4.879612103104591, 5.874424322759601, 0,-4.879604056477547, 5.874419987058628, 0,-4.879598021507263, 5.874414317295763, 0,-4.879593998193741, 5.874407646986423, 0,-4.8795923218131065, 5.874400309646067, 0,-4.879591315984726, 5.874385968480543, 0,-4.879593662917614, 5.874379298170873, 0,-4.879594333469868, 5.87436962622169, 0,-4.879585951566696, 5.874347614198827, 0,-4.8795802518725395, 5.874339943342173, 0,-4.879574552178383, 5.874334273578481, 0,-4.879569187760353, 5.874325602175098, 0,-4.879560135304928, 5.874321599988871, 0,-4.879560135304928, 5.874321599988871, 0,-4.879560135304928, 5.874321599988871, 0,-4.879560135304928, 5.874321599988871, 0,-4.879554435610771, 5.874298920933044, 0,-4.879549741744995, 5.874282912187193, 0,-4.879549741744995, 5.874282912187193, 0,-4.879543706774712, 5.874272906720786, 0,-4.879537671804428, 5.874262901254225, 0,-4.879534654319286, 5.874253562818605, 0,-4.879531636834145, 5.874246892507331, 0,-4.879521243274212, 5.874239555164863, 0,-4.87951822578907, 5.874235886493584, 0,-4.879515208303928, 5.874231217275564, 0,-4.879510849714279, 5.8742285491509625, 0,-4.879482351243496, 5.874209538762814, 0,-4.879471622407436, 5.874185525640005, 0,-4.8794712871313095, 5.874164847672318, 0,-4.87946055829525, 5.874148838922625, 0,-4.87944982945919, 5.8741238252502885, 0,-4.879450835287571, 5.87411982306261, 0,-4.879436083137989, 5.874089806654112, 0,-4.879419654607773, 5.874075131964913, 0,-4.879395179450512, 5.874053453446095, 0,-4.879393167793751, 5.874051452351989, 0,-4.879383109509945, 5.874038778755942, 0,-4.879382103681564, 5.874032441957798, 0,-4.8793767392635345, 5.874016099688589, 0,-4.879377074539661, 5.873957400921743, 0,-4.879365339875221, 5.873929719114781, 0,-4.879368357360363, 5.8739200471577995, 0,-4.879367351531982, 5.873914043874082, 0,-4.879366680979729, 5.873908040590289, 0,-4.879360646009445, 5.873902370822206, 0,-4.879349917173386, 5.873897701601387, 0,-4.879327453672886, 5.873889030191199, 0,-4.8792992904782295, 5.873885695033393, 0,-4.879290238022804, 5.873886362064956, 0,-4.8792580515146255, 5.873879358233518, 0,-4.879252351820469, 5.873880025265082, 0,-4.879244975745678, 5.8738816928440105, 0,-4.879228211939335, 5.873887362612296, 0,-4.8792194947600365, 5.873889697222762, 0,-4.879174567759037, 5.8739200471577995, 0,-4.879166856408119, 5.873925049894191, 0,-4.879159815609455, 5.873928718567518, 0,-4.8791393637657166, 5.873932053725056, 0,-4.879127964377403, 5.873932720756569, 0,-4.879116229712963, 5.873932720756569, 0,-4.87910583615303, 5.873930719662043, 0,-4.879095442593098, 5.873929052083268, 0,-4.879083372652531, 5.873928051535992, 0,-4.879046827554703, 5.8739273845044915, 0,-4.879038110375404, 5.873926717472979, 0,-4.879029728472233, 5.873923715831152, 0,-4.879003241658211, 5.873904705432597, 0,-4.878992512822151, 5.873901370274893, 0,-4.878982454538345, 5.873898035117163, 0,-4.8789723962545395, 5.873893365896306, 0,-4.878962337970734, 5.873889697222762, 0,-4.878912046551704, 5.873879358233518, 0,-4.878895953297615, 5.87389303238053, 0,-4.878883212804794, 5.873914043874082, 0,-4.878883212804794, 5.873921047705088, 0,-4.878879860043526, 5.873929052083268, 0,-4.878875836730003, 5.873936055914083, 0,-4.878872483968735, 5.873943059744809, 0,-4.878871142864227, 5.873949730059707, 0,-4.878864772617817, 5.873958067953218, 0,-4.878861419856548, 5.873962403657803, 0,-4.878854714334011, 5.8739774118656785, 0,-4.878838621079922, 5.873997756324613, 0,-4.878823198378086, 5.874003092576016, 0,-4.878801070153713, 5.8740137650786695, 0,-4.878780283033848, 5.874024104065407, 0,-4.878759831190109, 5.8740261051596026, 0,-4.878741055727005, 5.874038778755942, 0,-4.87873200327158, 5.874043781491264, 0,-4.878724291920662, 5.874047783679489, 0,-4.878715239465237, 5.874047783679489, 0,-4.8786988109350204, 5.874052786414735, 0,-4.878672994673252, 5.8740624583694006, 0,-4.878654889762402, 5.874094809388963, 0,-4.878647513687611, 5.874114486812327, 0,-4.878645166754723, 5.874120156578246, 0,-4.87864013761282, 5.874136832360037, 0,-4.878645166754723, 5.874150840016349, 0,-4.8786525428295135, 5.874165181187941, 0,-4.878650866448879, 5.874181856968383, 0,-4.878636449575424, 5.87423922164929, 0,-4.878629744052887, 5.874264902347555, 0,-4.878627061843872, 5.874278242969555, 0,-4.878626726567745, 5.874292584137864, 0,-4.878626726567745, 5.874300254995167, 0,-4.878626726567745, 5.874309593430011, 0,-4.87862404435873, 5.874316263740509, 0,-4.878620021045208, 5.874321599988871, 0,-4.87861230969429, 5.874335274125018, 0,-4.878609627485275, 5.8743412774042065, 0,-4.878603927791119, 5.874343945528273, 0,-4.8785921931266785, 5.874344279043769, 0,-4.878586493432522, 5.874343945528273, 0,-4.878574088215828, 5.874336274671556, 0,-4.878564365208149, 5.874327936783708, 0,-4.878558665513992, 5.874327603268199, 0,-4.8785509541630745, 5.874325602175098, 0,-4.8785338550806046, 5.874319265380223, 0,-4.878464452922344, 5.8743349406095104, 0,-4.878457076847553, 5.874334607094002, 0,-4.8784466832876205, 5.874333940062972, 0,-4.8784339427948, 5.874332606000913, 0,-4.878419525921345, 5.874333273031943, 0,-4.878333695232868, 5.874396974491327, 0,-4.87833671271801, 5.874404645347204, 0,-4.878340065479279, 5.874412649718438, 0,-4.878341071307659, 5.874419653543171, 0</coordinates>
                </LinearRing>
            </outerBoundaryIs>
        </Polygon>
    </MultiGeometry>
  </Placemark><Placemark>
	<Style><LineStyle><color>ff0000ff</color></LineStyle><PolyStyle><fill>0</fill></PolyStyle></Style>
	<ExtendedData><SchemaData schemaUrl="#programmeband_1">
		<SimpleData name="N°">24</SimpleData>
		<SimpleData name="Cooperative">COOP CA SCAAB</SimpleData>
		<SimpleData name="Code_CCC">COOP CA SCAAB</SimpleData>
		<SimpleData name="Code_Producteur">SCAAB-TIA-186</SimpleData>
		<SimpleData name="Code_Parcelle">SCAAB-TIA-186-P1</SimpleData>
		<SimpleData name="Section">TIASSALE</SimpleData>
		<SimpleData name="Localite">TIASSALE</SimpleData>
		<SimpleData name="Sous-Prefecture">TIASSALE</SimpleData>
		<SimpleData name="Region ">AGNEBY-TIASSA</SimpleData>
		<SimpleData name="Nom">KOUANDA</SimpleData>
		<SimpleData name="Prenoms">SOULEYMANE</SimpleData>
		<SimpleData name="Genre">Homme</SimpleData>
		<SimpleData name="Programme">Mondelez</SimpleData>
		<SimpleData name="Departement"></SimpleData>
		<SimpleData name="Statut">Candidat</SimpleData>
	</SchemaData>
    </ExtendedData>
      <MultiGeometry>
        <Polygon>
            <outerBoundaryIs>
                <LinearRing>
                    <coordinates>-4.860529862344265, 5.822103302263698, 0,-4.860529862344265, 5.822103302263698, 0,-4.860529862344265, 5.822103302263698, 0,-4.860529862344265, 5.822103302263698, 0,-4.860529862344265, 5.822103302263698, 0,-4.860529862344265, 5.822103302263698, 0,-4.860529862344265, 5.822103302263698, 0,-4.86055064946413, 5.822115643489796, 0,-4.8605650663375854, 5.822128651808907, 0,-4.8605650663375854, 5.822128651808907, 0,-4.86057847738266, 5.822133655008501, 0,-4.860583171248436, 5.822136656928219, 0,-4.860592894256115, 5.8221413265810975, 0,-4.860592894256115, 5.8221413265810975, 0,-4.86059557646513, 5.822144662047417, 0,-4.860599935054779, 5.822149331700231, 0,-4.860599935054779, 5.822149331700231, 0,-4.860603287816048, 5.822153334259742, 0,-4.8606133460998535, 5.822158337459107, 0,-4.860622733831406, 5.822161339378698, 0,-4.860622733831406, 5.822161339378698, 0,-4.86062441021204, 5.822161005832084, 0,-4.86062441021204, 5.822161005832084, 0,-4.860625751316547, 5.822159671645589, 0,-4.860632456839085, 5.822160005192216, 0,-4.860632456839085, 5.822160005192216, 0,-4.860637821257114, 5.822161339378698, 0,-4.860642850399017, 5.822164341298276, 0,-4.860650226473808, 5.822166342577987, 0,-4.860650226473808, 5.822166342577987, 0,-4.860658273100853, 5.82216801031107, 0,-4.860658273100853, 5.82216801031107, 0,-4.8606643080711365, 5.82217101223061, 0,-4.8606643080711365, 5.82217101223061, 0,-4.860684089362621, 5.822182019268801, 0,-4.8606907948851585, 5.822186021828095, 0,-4.860701188445091, 5.822186688921298, 0,-4.86070990562439, 5.822186688921298, 0,-4.86070990562439, 5.822186688921298, 0,-4.8607199639081955, 5.822188356654318, 0,-4.8607199639081955, 5.822188356654318, 0,-4.860730022192001, 5.822191358573757, 0,-4.860739074647427, 5.8221946940397835, 0,-4.860739074647427, 5.8221946940397835, 0,-4.860739074647427, 5.8221946940397835, 0,-4.860747456550598, 5.822199363692166, 0,-4.860757179558277, 5.8222016985183505, 0,-4.860767237842083, 5.822204700437712, 0,-4.860767237842083, 5.822204700437712, 0,-4.8607829958200455, 5.822207035263885, 0,-4.8607829958200455, 5.822207035263885, 0,-4.860792383551598, 5.822207035263885, 0,-4.860792383551598, 5.822207035263885, 0,-4.860798753798008, 5.822206701717295, 0,-4.860805124044418, 5.822207368810473, 0,-4.860805124044418, 5.822207368810473, 0,-4.860810488462448, 5.822206368170694, 0,-4.860810488462448, 5.822206368170694, 0,-4.860816188156605, 5.822198696598975, 0,-4.860816188156605, 5.822198696598975, 0,-4.860817864537239, 5.8221923592135605, 0,-4.860817864537239, 5.8221923592135605, 0,-4.860820211470127, 5.82218435409505, 0,-4.860820211470127, 5.82218435409505, 0,-4.860823228955269, 5.8221773496162665, 0,-4.8608265817165375, 5.822167343217842, 0,-4.860829934477806, 5.822154334899622, 0,-4.860834293067455, 5.822146996873831, 0,-4.860834293067455, 5.822146996873831, 0,-4.860837981104851, 5.822139658847925, 0,-4.860837981104851, 5.822139658847925, 0,-4.860843680799007, 5.822137324021486, 0,-4.860851727426052, 5.8221339885551275, 0,-4.860851727426052, 5.8221339885551275, 0,-4.860854744911194, 5.822133321461848, 0,-4.860854744911194, 5.822133321461848, 0,-4.8608604446053505, 5.8221329879152215, 0,-4.86086580902338, 5.822134655648407, 0,-4.86086580902338, 5.822134655648407, 0,-4.860871843993664, 5.822136323381592, 0,-4.860871843993664, 5.822136323381592, 0,-4.860878549516201, 5.822139325301298, 0,-4.860893972218037, 5.822140325941191, 0,-4.860923141241074, 5.822129985995478, 0,-4.860926829278469, 5.822125649889137, 0,-4.860929176211357, 5.822122314422716, 0,-4.860933534801006, 5.822120313142852, 0,-4.860942251980305, 5.82211664412974, 0,-4.860955327749252, 5.822116310583088, 0,-4.860961027443409, 5.822116310583088, 0,-4.86097477376461, 5.822113308663255, 0,-4.8609791323542595, 5.822112975116603, 0,-4.860983155667782, 5.8221143093032, 0,-4.860986843705177, 5.822116310583088, 0,-4.860992208123207, 5.822114642849852, 0,-4.860999919474125, 5.822111307383354, 0,-4.861004613339901, 5.822107971916843, 0,-4.861004613339901, 5.822107971916843, 0,-4.861009307205677, 5.82210363581035, 0,-4.861009307205677, 5.82210363581035, 0,-4.861013665795326, 5.822093962957267, 0,-4.861013665795326, 5.822093962957267, 0,-4.861014671623707, 5.8220922952239675, 0,-4.861015006899834, 5.822091961677303, 0,-4.861015006899834, 5.82209162813065, 0,-4.861015006899834, 5.82209162813065, 0,-4.861015006899834, 5.82209162813065, 0,-4.861015006899834, 5.82209162813065, 0,-4.86101970076561, 5.822075617890638, 0,-4.86102607101202, 5.822068946957159, 0,-4.86102607101202, 5.822068946957159, 0,-4.861035458743572, 5.822070281143858, 0,-4.861035458743572, 5.822070281143858, 0,-4.861041828989983, 5.822073950157275, 0,-4.8610495403409, 5.822075617890638, 0,-4.8610495403409, 5.822075617890638, 0,-4.861061275005341, 5.822076952077324, 0,-4.86107099801302, 5.822073950157275, 0,-4.86107099801302, 5.822073950157275, 0,-4.861079715192318, 5.8220732830639195, 0,-4.861079715192318, 5.8220732830639195, 0,-4.8610880970954895, 5.8220732830639195, 0,-4.8610954731702805, 5.82207428370394, 0,-4.8610954731702805, 5.82207428370394, 0,-4.861104860901833, 5.822076952077324, 0,-4.861104860901833, 5.822076952077324, 0,-4.8611122369766235, 5.822080287544026, 0,-4.8611122369766235, 5.822080287544026, 0,-4.8611196130514145, 5.822084623650684, 0,-4.86112866550684, 5.822086958477352, 0,-4.86113503575325, 5.822088959757342, 0,-4.86113503575325, 5.822088959757342, 0,-4.861140735447407, 5.822090293943989, 0,-4.86114677041769, 5.822091961677303, 0,-4.861151464283466, 5.822088959757342, 0,-4.861151464283466, 5.822088959757342, 0,-4.8611558228731155, 5.822084290104032, 0,-4.8611558228731155, 5.822084290104032, 0,-4.861162528395653, 5.822079286904017, 0,-4.861168228089809, 5.8220732830639195, 0,-4.861168228089809, 5.8220732830639195, 0,-4.8611756041646, 5.822066612130428, 0,-4.861183315515518, 5.822059941196846, 0,-4.861202761530876, 5.822047933516204, 0,-4.861210472881794, 5.822044264502622, 0,-4.861210472881794, 5.822044264502622, 0,-4.861219860613346, 5.822039261302252, 0,-4.861219860613346, 5.822039261302252, 0,-4.8612285777926445, 5.822036926475393, 0,-4.8612359538674355, 5.8220325903683525, 0,-4.861242659389973, 5.822026252981067, 0,-4.861242659389973, 5.822026252981067, 0,-4.86124936491251, 5.822015913033242, 0,-4.86125472933054, 5.822007907912212, 0,-4.86125472933054, 5.822007907912212, 0,-4.861260764300823, 5.822000903431229, 0,-4.861267134547234, 5.821992898309982, 0,-4.861273840069771, 5.821983559001732, 0,-4.86127819865942, 5.821972551959648, 0,-4.86127819865942, 5.821972551959648, 0,-4.8612818866968155, 5.821959877183666, 0,-4.861282221972942, 5.8219575423564764, 0,-4.861286915838718, 5.821947869500887, 0,-4.861286915838718, 5.821947869500887, 0,-4.861286915838718, 5.821947869500887, 0,-4.861293621361256, 5.821935861817853, 0,-4.861293621361256, 5.821935861817853, 0,-4.861302338540554, 5.8219278566956785, 0,-4.861302338540554, 5.8219278566956785, 0,-4.8613134026527405, 5.821920518666922, 0,-4.8613134026527405, 5.821920518666922, 0,-4.861321784555912, 5.8219138477316115, 0,-4.861321784555912, 5.8219138477316115, 0,-4.861321784555912, 5.8219138477316115, 0,-4.861330166459084, 5.821908177436537, 0,-4.8613375425338745, 5.821901840047853, 0,-4.8613375425338745, 5.821901840047853, 0,-4.8613375425338745, 5.821901840047853, 0,-4.861344248056412, 5.821894168471987, 0,-4.861344248056412, 5.821894168471987, 0,-4.86135195940733, 5.821887163989578, 0,-4.86135195940733, 5.821887163989578, 0,-4.86135195940733, 5.821887163989578, 0,-4.861357994377613, 5.821879158866715, 0,-4.861357994377613, 5.821879158866715, 0,-4.861364364624023, 5.8218708201969465, 0,-4.861364364624023, 5.8218708201969465, 0,-4.861369729042053, 5.821861147339856, 0,-4.861374422907829, 5.8218511409358085, 0,-4.861374422907829, 5.8218511409358085, 0,-4.861379452049732, 5.821845804186903, 0,-4.861384481191635, 5.821837465516638, 0,-4.86138716340065, 5.821826792018522, 0,-4.86138716340065, 5.821826792018522, 0,-4.8613931983709335, 5.821807779849504, 0,-4.8613931983709335, 5.821807779849504, 0,-4.861397556960583, 5.821797106350815, 0,-4.861397556960583, 5.821797106350815, 0,-4.861397556960583, 5.821797106350815, 0,-4.861404597759247, 5.8217867663987795, 0,-4.861405938863754, 5.821785432211406, 0,-4.861411638557911, 5.821776759993395, 0,-4.861411638557911, 5.821776759993395, 0,-4.861417002975941, 5.821768087775256, 0,-4.8614200204610825, 5.8217584149164106, 0,-4.861423373222351, 5.821750743338572, 0,-4.861429408192635, 5.821730063432604, 0,-4.861429408192635, 5.821730063432604, 0,-4.861435107886791, 5.8217223918543715, 0,-4.861435107886791, 5.8217223918543715, 0,-4.861441478133202, 5.821712051900961, 0,-4.861441478133202, 5.821712051900961, 0,-4.861441478133202, 5.821712051900961, 0,-4.861446171998978, 5.82170171194736, 0,-4.861446171998978, 5.82170171194736, 0,-4.861446171998978, 5.82170171194736, 0,-4.861448518931866, 5.821694040368758, 0,-4.861454889178276, 5.8216860352431485, 0,-4.861454889178276, 5.8216860352431485, 0,-4.861466623842716, 5.821664354694042, 0,-4.861471988260746, 5.821656016021093, 0,-4.861471988260746, 5.821656016021093, 0,-4.861476346850395, 5.821647677348016, 0,-4.861476346850395, 5.821647677348016, 0,-4.861481040716171, 5.821639338674813, 0,-4.861481040716171, 5.821639338674813, 0,-4.861485064029694, 5.821632334189223, 0,-4.861485064029694, 5.821632334189223, 0,-4.86149076372385, 5.821628998719863, 0,-4.861518256366253, 5.821619659405557, 0,-4.861518256366253, 5.821619659405557, 0,-4.861523285508156, 5.821621660687214, 0,-4.861523285508156, 5.821621660687214, 0,-4.861523285508156, 5.821621660687214, 0,-4.861532002687454, 5.821618658764722, 0,-4.861532002687454, 5.821618658764722, 0,-4.861541390419006, 5.8216159903891755, 0,-4.861551113426685, 5.821613655560561, 0,-4.861558824777603, 5.821610987184989, 0,-4.861558824777603, 5.821610987184989, 0,-4.861565865576267, 5.821610320091098, 0,-4.8615725710988045, 5.821610320091098, 0,-4.86158162355423, 5.821609319450251, 0,-4.86158162355423, 5.821609319450251, 0,-4.861591346561909, 5.8216076517155, 0,-4.8615990579128265, 5.821604649792958, 0,-4.861617162823677, 5.82159464338433, 0,-4.861623197793961, 5.821590640820838, 0,-4.861623197793961, 5.821590640820838, 0,-4.861634597182274, 5.821585637616422, 0,-4.861634597182274, 5.821585637616422, 0,-4.861644990742207, 5.821579633771069, 0,-4.861654043197632, 5.82157563120745, 0,-4.861672148108482, 5.8215766318483615, 0,-4.8616815358400345, 5.82158296924071, 0,-4.861690253019333, 5.821591307914753, 0,-4.861690253019333, 5.821591307914753, 0,-4.861694946885109, 5.8216003136825725, 0,-4.861698970198631, 5.8216079852624585, 0,-4.861704334616661, 5.8216159903891755, 0,-4.861704334616661, 5.8216159903891755, 0,-4.861708357930183, 5.821622994874968, 0,-4.861708357930183, 5.821622994874968, 0,-4.861714392900467, 5.821629665813727, 0,-4.861720763146877, 5.821634001923885, 0,-4.8617274686694145, 5.821637337393219, 0,-4.8617274686694145, 5.821637337393219, 0,-4.861734174191952, 5.821639672221745, 0,-4.861734174191952, 5.821639672221745, 0,-4.861743561923504, 5.821641006409461, 0,-4.861743561923504, 5.821641006409461, 0,-4.861750937998295, 5.82164367478488, 0,-4.861750937998295, 5.82164367478488, 0,-4.8617589846253395, 5.821647010254152, 0,-4.861767366528511, 5.82165101281725, 0,-4.861767366528511, 5.82165101281725, 0,-4.861775748431683, 5.821654681833402, 0,-4.861781783401966, 5.8216570166618515, 0,-4.8617881536483765, 5.821660018584127, 0,-4.861795864999294, 5.821662019865631, 0,-4.861795864999294, 5.821662019865631, 0,-4.861804246902466, 5.821665021787881, 0,-4.861804246902466, 5.821665021787881, 0,-4.8618122935295105, 5.821668357257012, 0,-4.861813634634018, 5.821668690803932, 0,-4.8618196696043015, 5.821670358538504, 0,-4.8618196696043015, 5.821670358538504, 0,-4.861827716231346, 5.821672026273051, 0,-4.86183475703001, 5.82167369400761, 0,-4.86183475703001, 5.82167369400761, 0,-4.861841797828674, 5.821674027554517, 0,-4.861856549978256, 5.8216786972112375, 0,-4.861861914396286, 5.821682699774106, 0,-4.861861914396286, 5.821682699774106, 0,-4.861869290471077, 5.821686702336949, 0,-4.861869290471077, 5.821686702336949, 0,-4.861874654889107, 5.821691371993568, 0,-4.861874654889107, 5.821691371993568, 0,-4.861881025135517, 5.821698376478419, 0,-4.8618873953819275, 5.821704046775605, 0,-4.861898794770241, 5.821710384166528, 0,-4.861910194158554, 5.8217183892917825, 0,-4.861919581890106, 5.821728729245091, 0,-4.861919581890106, 5.821728729245091, 0,-4.861925952136517, 5.8217367343700905, 0,-4.861925952136517, 5.8217367343700905, 0,-4.861931651830673, 5.821742738213777, 0,-4.8619504272937775, 5.821757080728961, 0,-4.861953780055046, 5.821760749744414, 0,-4.861962161958218, 5.821773090978044, 0,-4.861973896622658, 5.821780095461878, 0,-4.861979596316814, 5.821785432211406, 0,-4.861979596316814, 5.821785432211406, 0,-4.861979596316814, 5.821785432211406, 0,-4.861992336809635, 5.821800775366014, 0,-4.86200038343668, 5.821807779849504, 0,-4.86200038343668, 5.821807779849504, 0,-4.862010106444359, 5.821823123003501, 0,-4.862011447548866, 5.821837465516638, 0,-4.862012453377247, 5.821846471280512, 0,-4.862016141414642, 5.821860813793064, 0,-4.862020835280418, 5.821866484088609, 0,-4.862025864422321, 5.821872821477701, 0,-4.862025864422321, 5.821872821477701, 0,-4.862032234668732, 5.821879158866715, 0,-4.862038940191269, 5.82188449561529, 0,-4.862071797251701, 5.821914514825145, 0,-4.8620738089084625, 5.821914181278379, 0,-4.8620738089084625, 5.821914181278379, 0,-4.862076826393604, 5.8219138477316115, 0,-4.862076826393604, 5.8219138477316115, 0,-4.862082526087761, 5.821915849012212, 0,-4.862082526087761, 5.821915849012212, 0,-4.862091243267059, 5.8219231870410315, 0,-4.86209861934185, 5.82192919088272, 0,-4.862108342349529, 5.821931859256779, 0,-4.862108342349529, 5.821931859256779, 0,-4.862116053700447, 5.821934527630824, 0,-4.862116053700447, 5.821934527630824, 0,-4.862116053700447, 5.821934527630824, 0,-4.862126111984253, 5.821937863098378, 0,-4.862142875790596, 5.821946868860637, 0,-4.862142875790596, 5.821946868860637, 0,-4.862149581313133, 5.821953873342308, 0,-4.862153939902782, 5.821960877823877, 0,-4.8621562868356705, 5.821968882945582, 0,-4.862159974873066, 5.8220005698845, 0,-4.862156622111797, 5.8220129111128625, 0,-4.862156622111797, 5.8220129111128625, 0,-4.862153939902782, 5.822024585247552, 0,-4.862153939902782, 5.822024585247552, 0,-4.862150587141514, 5.822036259381999, 0,-4.862143881618977, 5.822056272183352, 0,-4.862143881618977, 5.822056272183352, 0,-4.862141534686089, 5.822065945037072, 0,-4.8621512576937675, 5.822079286904017, 0,-4.8621512576937675, 5.822079286904017, 0,-4.862160310149193, 5.8220856242906915, 0,-4.862167686223984, 5.822088292664012, 0,-4.86217238008976, 5.822088626210677, 0,-4.862176068127155, 5.822091294583985, 0,-4.862179085612297, 5.822095964237232, 0,-4.862188808619976, 5.8221053035436245, 0,-4.862194508314133, 5.822110640290062, 0,-4.86220121383667, 5.822116977676393, 0,-4.86220121383667, 5.822116977676393, 0,-4.862209931015968, 5.822124982795858, 0,-4.862209931015968, 5.822124982795858, 0,-4.862219654023647, 5.822129652448825, 0,-4.862229041755199, 5.822133321461848, 0,-4.862229041755199, 5.822133321461848, 0,-4.862244799733162, 5.822143994954151, 0,-4.862253852188587, 5.822150999433366, 0,-4.862253852188587, 5.822150999433366, 0,-4.862264916300774, 5.822159004552348, 0,-4.862273968756199, 5.82216600903136, 0,-4.862273968756199, 5.82216600903136, 0,-4.862283021211624, 5.822170345137382, 0,-4.8622917383909225, 5.82217334705691, 0,-4.8622917383909225, 5.82217334705691, 0,-4.8623014613986015, 5.822174681243366, 0,-4.8623014613986015, 5.822174681243366, 0,-4.862312525510788, 5.822179017349325, 0,-4.862312525510788, 5.822179017349325, 0,-4.862323589622974, 5.822186688921298, 0,-4.8623353242874146, 5.822193693399966, 0,-4.8623353242874146, 5.822193693399966, 0,-4.862346053123474, 5.8222000307853685, 0,-4.862355105578899, 5.8222057010774915, 0,-4.862364828586578, 5.822208702996841, 0,-4.862372204661369, 5.82220970363662, 0,-4.862372204661369, 5.82220970363662, 0,-4.862379245460033, 5.822212038462766, 0,-4.862384274601936, 5.822211704916165, 0,-4.862392321228981, 5.822212372009342, 0,-4.862392321228981, 5.822212372009342, 0,-4.862400032579899, 5.822213372649121, 0,-4.862407073378563, 5.82221637456842, 0,-4.862412437796593, 5.822219042941129, 0,-4.862412437796593, 5.822219042941129, 0,-4.862419478595257, 5.822223045500143, 0,-4.862419478595257, 5.822223045500143, 0,-4.8624419420957565, 5.822241390561976, 0,-4.8624419420957565, 5.822241390561976, 0,-4.8624516651034355, 5.822246060213963, 0,-4.8624516651034355, 5.822246060213963, 0,-4.862460382282734, 5.822248395039957, 0,-4.862474463880062, 5.822259068530071, 0,-4.862474463880062, 5.822259068530071, 0,-4.862483516335487, 5.822264405275045, 0,-4.862483516335487, 5.822264405275045, 0,-4.862492233514786, 5.822269408473431, 0,-4.862492233514786, 5.822269408473431, 0,-4.862510338425636, 5.822276412951056, 0,-4.8625606298446655, 5.8222877535337245, 0,-4.8625606298446655, 5.8222877535337245, 0,-4.862569011747837, 5.822291756092268, 0,-4.862577058374882, 5.822299427662701, 0,-4.862577058374882, 5.822299427662701, 0,-4.8625921458005905, 5.822319440454678, 0,-4.862604886293411, 5.822326778478231, 0,-4.862611927092075, 5.822327445571268, 0,-4.862615279853344, 5.822331781676032, 0,-4.862616956233978, 5.822338119059869, 0,-4.862623997032642, 5.822356464117948, 0,-4.862627349793911, 5.822363802140992, 0,-4.862627349793911, 5.822363802140992, 0,-4.8626333847641945, 5.822371807256959, 0,-4.8626333847641945, 5.822371807256959, 0,-4.862638749182224, 5.822381146558758, 0,-4.862642772495747, 5.822388818127983, 0,-4.862644448876381, 5.822404161266116, 0,-4.862644448876381, 5.822404161266116, 0,-4.862646125257015, 5.822411165742074, 0,-4.862646795809269, 5.8224191708573665, 0,-4.862647131085396, 5.8224275095189935, 0,-4.862647131085396, 5.8224275095189935, 0,-4.862643443048, 5.822435848180505, 0,-4.862633049488068, 5.822446855213493, 0,-4.862621650099754, 5.822459196432047, 0,-4.862612597644329, 5.822464866721575, 0,-4.862605221569538, 5.822469869918153, 0,-4.862592816352844, 5.822482211136224, 0,-4.862582758069038, 5.822500889735994, 0,-4.862579070031643, 5.822511229674901, 0,-4.862576723098755, 5.822521236067194, 0,-4.862576052546501, 5.8225302418201155, 0,-4.862576052546501, 5.8225302418201155, 0,-4.862573370337486, 5.822538580480088, 0,-4.862569011747837, 5.822547252686356, 0,-4.862569011747837, 5.822547252686356, 0,-4.862564317882061, 5.822554924253304, 0,-4.862564317882061, 5.822554924253304, 0,-4.8625582829117775, 5.822564597098449, 0,-4.8625582829117775, 5.822564597098449, 0,-4.862548895180225, 5.822581941510006, 0,-4.862548895180225, 5.822581941510006, 0,-4.86254520714283, 5.82259161435468, 0,-4.862537160515785, 5.822609292311771, 0,-4.862526431679726, 5.822625636082914, 0,-4.862526431679726, 5.822625636082914, 0,-4.862523749470711, 5.82264231339992, 0,-4.86252274364233, 5.822648650780247, 0,-4.862520396709442, 5.822654988160521, 0,-4.862520731985569, 5.822661659087029, 0,-4.862518720328808, 5.822669330652425, 0,-4.8625146970152855, 5.822677335764028, 0,-4.862512014806271, 5.822685674421825, 0,-4.862512014806271, 5.822685674421825, 0,-4.862510003149509, 5.8226940130795075, 0,-4.862507991492748, 5.822703352375951, 0,-4.862507991492748, 5.822703352375951, 0,-4.862503968179226, 5.822715360042586, 0,-4.862499609589577, 5.822723698699823, 0,-4.862494245171547, 5.822728701894099, 0,-4.862494245171547, 5.822728701894099, 0,-4.862487204372883, 5.8227320373569205, 0,-4.862487204372883, 5.8227320373569205, 0,-4.862469434738159, 5.8227363734585795, 0,-4.862460717558861, 5.822742043745295, 0,-4.862460717558861, 5.822742043745295, 0,-4.862460717558861, 5.822742043745295, 0,-4.862440936267376, 5.8227563862349845, 0,-4.862432554364204, 5.822762390067767, 0,-4.8624251782894135, 5.822766726169184, 0,-4.8624251782894135, 5.822766726169184, 0,-4.862418137490749, 5.822770061631776, 0,-4.862418137490749, 5.822770061631776, 0,-4.862411767244339, 5.8227747312794005, 0,-4.862405061721802, 5.8227820692969985, 0,-4.862405061721802, 5.8227820692969985, 0,-4.862397350370884, 5.822786738944508, 0,-4.862370863556862, 5.822803416256732, 0,-4.862370863556862, 5.822803416256732, 0,-4.86236147582531, 5.822811754912658, 0,-4.862353429198265, 5.822822761938292, 0,-4.862346388399601, 5.822832101232599, 0,-4.862346388399601, 5.822832101232599, 0,-4.862329289317131, 5.822842774711632, 0,-4.862329289317131, 5.822842774711632, 0,-4.862317554652691, 5.8228484449972795, 0,-4.862307831645012, 5.822858117837347, 0,-4.862300455570221, 5.822860452660797, 0,-4.862300455570221, 5.822860452660797, 0,-4.862280003726482, 5.82286979195448, 0,-4.862272962927818, 5.82287679642465, 0,-4.862262569367886, 5.822881799617565, 0,-4.86225351691246, 5.822888470541388, 0,-4.862232394516468, 5.8228978098346005, 0,-4.862222000956535, 5.822898143380782, 0,-4.862222000956535, 5.822898143380782, 0,-4.86221294850111, 5.822896475649874, 0,-4.86221294850111, 5.822896475649874, 0,-4.8621948435902596, 5.82288980472614, 0,-4.8621948435902596, 5.82288980472614, 0,-4.862188808619976, 5.822884801533289, 0,-4.862182438373566, 5.822879464794204, 0,-4.862182438373566, 5.822879464794204, 0,-4.862182438373566, 5.822879464794204, 0,-4.862176738679409, 5.822873460962681, 0,-4.862171374261379, 5.822869124862091, 0,-4.862171374261379, 5.822869124862091, 0,-4.862165004014969, 5.822864788761463, 0,-4.862165004014969, 5.822864788761463, 0,-4.862155951559544, 5.822860786207004, 0,-4.862149581313133, 5.822855783013911, 0,-4.862149581313133, 5.822855783013911, 0,-4.862142540514469, 5.822850112728327, 0,-4.862142540514469, 5.822850112728327, 0,-4.862126111984253, 5.822840106341887, 0,-4.862106330692768, 5.822831434140159, 0,-4.862089902162552, 5.822830099955268, 0,-4.862079843878746, 5.822830433501488, 0,-4.862055033445358, 5.822830433501488, 0,-4.862038269639015, 5.822822761938292, 0,-4.862038269639015, 5.822822761938292, 0,-4.862026870250702, 5.82282042711469, 0,-4.862007424235344, 5.822827098039239, 0,-4.861989989876747, 5.822827431585472, 0,-4.861989989876747, 5.822827431585472, 0,-4.861982949078083, 5.822825096761882, 0,-4.861982949078083, 5.822825096761882, 0,-4.861978925764561, 5.822819426476006, 0,-4.861975573003292, 5.822814756828763, 0,-4.861973561346531, 5.82280775235783, 0,-4.861973561346531, 5.82280775235783, 0,-4.861971884965897, 5.8228027491642536, 0,-4.8619671911001205, 5.82279941370184, 0,-4.861962161958218, 5.822798413063117, 0,-4.861962161958218, 5.822798413063117, 0,-4.861962161958218, 5.822798413063117, 0,-4.861953444778919, 5.822798746609362, 0,-4.861953444778919, 5.822798746609362, 0,-4.861945062875748, 5.822799080155607, 0,-4.861915893852711, 5.822800080794317, 0,-4.861873984336853, 5.822779400926961, 0,-4.86186359077692, 5.822773397094369, 0,-4.86186359077692, 5.822773397094369, 0,-4.8618535324931145, 5.822769060993003, 0,-4.8618535324931145, 5.822769060993003, 0,-4.861842133104801, 5.82276439134534, 0,-4.8618317395448685, 5.822761389428968, 0,-4.861823692917824, 5.822759721697653, 0,-4.86181765794754, 5.822761389428968, 0,-4.861808940768242, 5.822758721058854, 0,-4.861808940768242, 5.822758721058854, 0,-4.861801564693451, 5.822754718503644, 0,-4.861801564693451, 5.822754718503644, 0,-4.861801564693451, 5.822754718503644, 0,-4.861792512238026, 5.8227520501334915, 0,-4.861784130334854, 5.822750048855867, 0,-4.861774407327175, 5.822747046939418, 0,-4.861766025424004, 5.822744045022945, 0,-4.861750937998295, 5.822733371542054, 0,-4.861744232475758, 5.82272503288497, 0,-4.861738532781601, 5.822718695505496, 0,-4.861730821430683, 5.822713692311118, 0,-4.8617247864604, 5.82271135748707, 0,-4.8617247864604, 5.82271135748707, 0,-4.861723780632019, 5.822711023940775, 0,-4.861721768975258, 5.8227096897556025, 0,-4.861710369586945, 5.822700350459248, 0,-4.861710369586945, 5.822700350459248, 0,-4.861703664064407, 5.822694346625803, 0,-4.86169695854187, 5.822687675699678, 0,-4.861688241362572, 5.822678669949288, 0,-4.861688241362572, 5.822678669949288, 0,-4.861673824489117, 5.822660991994386, 0,-4.861668460071087, 5.822653653975197, 0,-4.861660078167915, 5.822645648863263, 0,-4.861650355160236, 5.822638977936565, 0,-4.861642308533192, 5.822633307648806, 0,-4.861622862517834, 5.822593282086505, 0,-4.861620515584946, 5.8225746034898, 0,-4.8616111278533936, 5.822558259717169, 0,-4.861586652696133, 5.822532910191324, 0,-4.8615531250834465, 5.8225045587466, 0,-4.8615531250834465, 5.8225045587466, 0,-4.8615531250834465, 5.822496553632542, 0,-4.861549772322178, 5.822487881425497, 0,-4.861549772322178, 5.822487881425497, 0,-4.861548766493797, 5.8224805434040565, 0,-4.861548766493797, 5.8224805434040565, 0,-4.861542731523514, 5.822474873114694, 0,-4.861542731523514, 5.822474873114694, 0,-4.8615336790680885, 5.822470870557474, 0,-4.8615336790680885, 5.822470870557474, 0,-4.861512556672096, 5.8224618648036115, 0,-4.861512556672096, 5.8224618648036115, 0,-4.861498475074768, 5.822458195792726, 0,-4.861498475074768, 5.822458195792726, 0,-4.861486069858074, 5.822452859049596, 0,-4.861486069858074, 5.822452859049596, 0,-4.861473999917507, 5.82244785585284, 0,-4.8614659532904625, 5.82244185201671, 0,-4.86145656555891, 5.822438183005698, 0,-4.86145656555891, 5.822438183005698, 0,-4.861445166170597, 5.822435848180505, 0,-4.861433766782284, 5.822439183645069, 0,-4.861433766782284, 5.822439183645069, 0,-4.861422032117844, 5.822439517191518, 0,-4.861411303281784, 5.8224371823663255, 0,-4.861411303281784, 5.8224371823663255, 0,-4.861402250826359, 5.8224341804482105, 0,-4.861391521990299, 5.822430844983608, 0,-4.861369393765926, 5.822424174054353, 0,-4.86135195940733, 5.8224155018462005, 0,-4.861343577504158, 5.822413500567394, 0,-4.861331842839718, 5.8224104986491385, 0,-4.861321114003658, 5.822407163184396, 0,-4.8613110557198524, 5.822408497370293, 0,-4.8613110557198524, 5.822408497370293, 0,-4.86126646399498, 5.82240182644077, 0,-4.86126646399498, 5.82240182644077, 0,-4.861256740987301, 5.822397823883029, 0,-4.861256740987301, 5.822397823883029, 0,-4.861246012151241, 5.822397490336542, 0,-4.861210137605667, 5.822399491615426, 0,-4.86117459833622, 5.8223998251619, 0,-4.86116286367178, 5.8223998251619, 0,-4.861154817044735, 5.822397156790068, 0,-4.861148111522198, 5.82239215359284, 0,-4.86114040017128, 5.822385482663114, 0,-4.86114040017128, 5.822385482663114, 0,-4.86114040017128, 5.822385482663114, 0,-4.861133359372616, 5.822382814291205, 0,-4.861133359372616, 5.822382814291205, 0,-4.861123971641064, 5.8223801459192845, 0,-4.861118942499161, 5.822374809175417, 0,-4.861118942499161, 5.822374809175417, 0,-4.8610944673419, 5.822361133768994, 0,-4.8610944673419, 5.822361133768994, 0,-4.8610880970954895, 5.822357464757447, 0,-4.8610736802220345, 5.822355463478424, 0,-4.861066974699497, 5.8223561305714355, 0,-4.86104853451252, 5.822358465396959, 0,-4.86104853451252, 5.822358465396959, 0,-4.861040823161602, 5.822357464757447, 0,-4.861017353832722, 5.822357798303947, 0,-4.861010313034058, 5.822360466675982, 0,-4.861010313034058, 5.822360466675982, 0,-4.861006960272789, 5.822362467954993, 0,-4.861003942787647, 5.8223618008619935, 0,-4.861003942787647, 5.8223618008619935, 0,-4.860994555056095, 5.822361133768994, 0,-4.860979467630386, 5.822364802780504, 0,-4.860976114869118, 5.822367471152501, 0,-4.860976114869118, 5.822367471152501, 0,-4.860974103212357, 5.822372140803445, 0,-4.86097376793623, 5.822376810454377, 0,-4.860970079898834, 5.822383481384179, 0,-4.860950633883476, 5.822383481384179, 0,-4.8609402403235435, 5.822379145279811, 0,-4.860921129584312, 5.822367137606001, 0,-4.8609137535095215, 5.822361133768994, 0,-4.860904365777969, 5.822349459641303, 0,-4.86089464277029, 5.822337118420319, 0,-4.860883578658104, 5.8223344500481815, 0,-4.860876873135567, 5.822334116501669, 0,-4.860863462090492, 5.822336784873806, 0,-4.860856756567955, 5.8223417880715305, 0,-4.8608530685305595, 5.822349459641303, 0,-4.860849715769291, 5.822354462838912, 0,-4.860842674970627, 5.822357464757447, 0,-4.860842674970627, 5.822357464757447, 0,-4.86083697527647, 5.822358798943471, 0,-4.86083161085844, 5.822361467315494, 0,-4.860822893679142, 5.822366804059501, 0,-4.860814847052097, 5.822382480744719, 0,-4.860812835395336, 5.822390819406892, 0,-4.860812835395336, 5.822390819406892, 0,-4.86080814152956, 5.822407163184396, 0,-4.860806465148926, 5.822415835392675, 0,-4.860806465148926, 5.822415835392675, 0,-4.860807470977306, 5.822424174054353, 0,-4.860807470977306, 5.822424174054353, 0,-4.860807806253433, 5.8224338469017365, 0,-4.860805794596672, 5.822444853934788, 0,-4.860805794596672, 5.822444853934788, 0,-4.860805794596672, 5.822444853934788, 0,-4.860802441835403, 5.822455193874712, 0,-4.860802441835403, 5.822455193874712, 0,-4.860799089074135, 5.822465533814459, 0,-4.860799089074135, 5.822465533814459, 0,-4.860796742141247, 5.822474206021835, 0,-4.8607974126935005, 5.822483878868366, 0,-4.860796742141247, 5.822491550436179, 0,-4.860793389379978, 5.8224988884574795, 0,-4.860793389379978, 5.8224988884574795, 0,-4.860790371894836, 5.822507894210757, 0,-4.860790371894836, 5.822507894210757, 0,-4.860789701342583, 5.822517233510305, 0,-4.860786013305187, 5.822526239263277, 0,-4.86078467220068, 5.822536912748111, 0,-4.86078467220068, 5.822536912748111, 0,-4.86077930778265, 5.822554590706919, 0,-4.86077930778265, 5.822554590706919, 0,-4.860775955021381, 5.822564263552064, 0,-4.860771596431732, 5.822574937036173, 0,-4.860769249498844, 5.822581941510006, 0,-4.860769249498844, 5.822581941510006, 0,-4.860766232013702, 5.82258861243738, 0,-4.860765226185322, 5.82259661755014, 0,-4.860765226185322, 5.82259661755014, 0,-4.860762543976307, 5.822604622662773, 0,-4.8607612028717995, 5.82262797090733, 0,-4.860757179558277, 5.8226383108438835, 0,-4.860746450722218, 5.822648650780247, 0,-4.86073974519968, 5.822651652697229, 0,-4.860732369124889, 5.822653653975197, 0,-4.860732369124889, 5.822653653975197, 0,-4.860723987221718, 5.822653653975197, 0,-4.8607055470347404, 5.822656655892154, 0,-4.860684759914875, 5.822659991355408, 0,-4.860681742429733, 5.822658323623788, 0,-4.860681742429733, 5.822658323623788, 0,-4.860671348869801, 5.822655988799498, 0,-4.860671348869801, 5.822655988799498, 0,-4.860667660832405, 5.822662326179672, 0,-4.86066497862339, 5.822664994550257, 0,-4.86066497862339, 5.822661992633351, 0,-4.86066497862339, 5.822661659087029, 0,-4.86066497862339, 5.822661659087029, 0,-4.86066497862339, 5.822661659087029, 0,-4.860643185675144, 5.822654654614187, 0,-4.860618710517883, 5.822637310204868, 0,-4.860611669719219, 5.822634641834169, 0,-4.860599264502525, 5.822626636721955, 0,-4.860595241189003, 5.822621967073109, 0,-4.860592894256115, 5.822615629692466, 0,-4.860592894256115, 5.822615629692466, 0,-4.860589876770973, 5.822609959404478, 0,-4.860587865114212, 5.822604956209133, 0,-4.86058484762907, 5.822598618828324, 0,-4.86058484762907, 5.822598618828324, 0,-4.860571436583996, 5.822593949179237, 0,-4.860564060509205, 5.82259194790104, 0,-4.860557354986668, 5.822584943427346, 0,-4.860548302531242, 5.82257693831442, 0,-4.860536567866802, 5.82257060093328, 0,-4.86053254455328, 5.822565931283977, 0,-4.860527850687504, 5.8225632629129205, 0,-4.86051544547081, 5.822566264830349, 0,-4.86050371080637, 5.8225609280882376, 0,-4.86049834638834, 5.822556258438845, 0,-4.8604946583509445, 5.822549587511091, 0,-4.860490635037422, 5.822542583036849, 0,-4.860483258962631, 5.8225302418201155, 0,-4.860479906201363, 5.8225252386240705, 0,-4.860470183193684, 5.82251456513902, 0,-4.860470183193684, 5.82251456513902, 0,-4.860465489327908, 5.822507560664346, 0,-4.8604631423950195, 5.822500556189583, 0,-4.8604607954621315, 5.822496553632542, 0,-4.860457442700863, 5.822494218807578, 0,-4.860444031655788, 5.822491550436179, 0,-4.8604172095656395, 5.822474539568258, 0,-4.860403463244438, 5.822456194514059, 0,-4.860392063856125, 5.822432512715915, 0,-4.860392399132252, 5.822428176611916, 0,-4.860392734408379, 5.822426842426057, 0,-4.86039575189352, 5.822421505682622, 0,-4.86039575189352, 5.822421505682622, 0,-4.860398098826408, 5.822415835392675, 0,-4.860398434102535, 5.82241516829974, 0,-4.860398434102535, 5.822414834753265, 0,-4.860390387475491, 5.822387817488522, 0,-4.860393740236759, 5.822381480105258, 0,-4.860398769378662, 5.822374809175417, 0,-4.860398769378662, 5.822374809175417, 0,-4.860407821834087, 5.822361467315494, 0,-4.860409498214722, 5.8223504602808145, 0,-4.860409498214722, 5.8223504602808145, 0,-4.8604148626327515, 5.822333115862106, 0,-4.860414192080498, 5.822325777838656, 0,-4.860416539013386, 5.822315437896339, 0,-4.860420897603035, 5.822307099233046, 0,-4.860432632267475, 5.822285418707908, 0,-4.8604416847229, 5.822265739461286, 0,-4.860454089939594, 5.822258067890381, 0,-4.860454089939594, 5.822258067890381, 0,-4.860454760491848, 5.8222547324247484, 0,-4.860457107424736, 5.822251396959078, 0,-4.860458113253117, 5.822250396319375, 0,-4.860458113253117, 5.822250396319375, 0,-4.860458113253117, 5.822250062772812, 0,-4.860458113253117, 5.822250062772812, 0,-4.8604584485292435, 5.822250062772812, 0,-4.8604584485292435, 5.822250062772812, 0,-4.8604641482234, 5.822229382885202, 0,-4.8604705184698105, 5.822206368170694, 0,-4.8604705184698105, 5.822206368170694, 0,-4.860471524298191, 5.822196361772778, 0,-4.860476888716221, 5.822170345137382, 0,-4.8604802414774895, 5.822156002632731, 0,-4.86048761755228, 5.822140659487831, 0,-4.860499352216721, 5.8221246492492185, 0,-4.860499352216721, 5.8221246492492185, 0,-4.860508739948273, 5.822112308023311, 0</coordinates>
                </LinearRing>
            </outerBoundaryIs>
        </Polygon>
    </MultiGeometry>
  </Placemark><Placemark>
	<Style><LineStyle><color>ff0000ff</color></LineStyle><PolyStyle><fill>0</fill></PolyStyle></Style>
	<ExtendedData><SchemaData schemaUrl="#programmeband_1">
		<SimpleData name="N°">25</SimpleData>
		<SimpleData name="Cooperative">COOP CA SCAAB</SimpleData>
		<SimpleData name="Code_CCC">COOP CA SCAAB</SimpleData>
		<SimpleData name="Code_Producteur">SCAAB-TIA-160</SimpleData>
		<SimpleData name="Code_Parcelle">SCAAB-TIA-160-P1</SimpleData>
		<SimpleData name="Section">TIASSALE</SimpleData>
		<SimpleData name="Localite">TIASSALE</SimpleData>
		<SimpleData name="Sous-Prefecture">TIASSALE</SimpleData>
		<SimpleData name="Region ">AGNEBY-TIASSA</SimpleData>
		<SimpleData name="Nom">TIA BI</SimpleData>
		<SimpleData name="Prenoms">BERENGER</SimpleData>
		<SimpleData name="Genre">Homme</SimpleData>
		<SimpleData name="Programme">Mondelez</SimpleData>
		<SimpleData name="Departement"></SimpleData>
		<SimpleData name="Statut">Candidat</SimpleData>
	</SchemaData>
    </ExtendedData>
      <MultiGeometry>
        <Polygon>
            <outerBoundaryIs>
                <LinearRing>
                    <coordinates>-4.861182309687138, 5.825017158286929, 0,-4.861196056008339, 5.8250151570173845, 0,-4.861196056008339, 5.8250151570173845, 0,-4.861201755702496, 5.825013489292748, 0,-4.8612044379115105, 5.825011488023165, 0,-4.8612044379115105, 5.825011488023165, 0,-4.8612044379115105, 5.825003149399896, 0,-4.861207120120525, 5.824991141782178, 0,-4.861207120120525, 5.824991141782178, 0,-4.861207120120525, 5.824983136703538, 0,-4.861207120120525, 5.824983136703538, 0,-4.861206114292145, 5.824974464534889, 0,-4.861206114292145, 5.824974464534889, 0,-4.861201755702496, 5.824967460090889, 0,-4.861196391284466, 5.824960455646799, 0,-4.861196391284466, 5.824960455646799, 0,-4.861193373799324, 5.82495245056774, 0,-4.861191362142563, 5.824939108769036, 0,-4.861190691590309, 5.824935439774333, 0,-4.861191362142563, 5.824929769509754, 0,-4.861191026866436, 5.824923432155153, 0,-4.861190021038055, 5.824917761890446, 0,-4.861190021038055, 5.824917761890446, 0,-4.8611873388290405, 5.824912758715673, 0,-4.861185327172279, 5.824907755540836, 0,-4.861184656620026, 5.824901751730991, 0,-4.861184656620026, 5.824901751730991, 0,-4.861189685761929, 5.824897749191048, 0,-4.861189685761929, 5.824897749191048, 0,-4.861196391284466, 5.8248944137410765, 0,-4.86120343208313, 5.82488874347609, 0,-4.861212819814682, 5.824885074481056, 0,-4.861212819814682, 5.824885074481056, 0,-4.86122153699398, 5.824883073211027, 0,-4.861227907240391, 5.824880071305991, 0,-4.861231930553913, 5.824875401675873, 0,-4.861231930553913, 5.824868730775649, 0,-4.861231930553913, 5.824868730775649, 0,-4.861233606934547, 5.82486105924029, 0,-4.861233606934547, 5.82486105924029, 0,-4.861232936382294, 5.8248550554299365, 0,-4.861232936382294, 5.8248550554299365, 0,-4.861232936382294, 5.8248473838943875, 0,-4.861232936382294, 5.8248473838943875, 0,-4.861231595277786, 5.82484171362893, 0,-4.861243665218353, 5.824828038282557, 0,-4.86124936491251, 5.824822368016896, 0,-4.861257076263428, 5.824816030661085, 0,-4.861257076263428, 5.824816030661085, 0,-4.8612795397639275, 5.824787345786512, 0,-4.8612795397639275, 5.824787345786512, 0,-4.861282557249069, 5.82478100843032, 0,-4.861282557249069, 5.82478100843032, 0,-4.8612865805625916, 5.8247753381641765, 0,-4.861297979950905, 5.824768000172607, 0,-4.861306697130203, 5.824761329271112, 0,-4.861306697130203, 5.824760328635888, 0,-4.861306697130203, 5.824760328635888, 0,-4.861306697130203, 5.824759995090813, 0,-4.861306697130203, 5.824759995090813, 0,-4.861306697130203, 5.824759995090813, 0,-4.861306697130203, 5.824759995090813, 0,-4.861306697130203, 5.824759995090813, 0,-4.861306697130203, 5.824759995090813, 0,-4.861306697130203, 5.824759995090813, 0,-4.861333183944225, 5.824736646934866, 0,-4.861339554190636, 5.824727974762413, 0,-4.861345253884792, 5.824720636770246, 0,-4.861347936093807, 5.824712631687752, 0,-4.8613496124744415, 5.824704960150268, 0,-4.8613496124744415, 5.824704960150268, 0,-4.861353971064091, 5.824698622793135, 0,-4.861359000205994, 5.824692952526164, 0,-4.861359000205994, 5.824692952526164, 0,-4.8613667115569115, 5.824679944266428, 0,-4.861372075974941, 5.824672939818751, 0,-4.861376099288464, 5.8246686037320545, 0,-4.8613811284303665, 5.8246639341001805, 0,-4.8613834753632545, 5.82465893092313, 0,-4.861386492848396, 5.824653594200903, 0,-4.861386492848396, 5.824653594200903, 0,-4.861389510333538, 5.824648591023764, 0,-4.861391521990299, 5.824642253665994, 0,-4.861391521990299, 5.824642253665994, 0,-4.8613931983709335, 5.824636916943614, 0,-4.861396215856075, 5.824632580856638, 0,-4.861403256654739, 5.824622574501939, 0,-4.861403256654739, 5.824622574501939, 0,-4.861408621072769, 5.824615903598713, 0,-4.861408621072769, 5.824615903598713, 0,-4.861416667699814, 5.8246085656050575, 0,-4.861425049602985, 5.824602895337184, 0,-4.861442148685455, 5.824595557343375, 0,-4.8614636063575745, 5.82459755861441, 0,-4.8614636063575745, 5.82459755861441, 0,-4.861470982432365, 5.824598559249939, 0,-4.86147902905941, 5.824601561156503, 0,-4.861486069858074, 5.824603562427524, 0,-4.861486069858074, 5.824603562427524, 0,-4.861493110656738, 5.824606564334049, 0,-4.861493110656738, 5.824606564334049, 0,-4.8614998161792755, 5.824606230788873, 0,-4.861505515873432, 5.8246032288823475, 0,-4.861512891948223, 5.824600894066149, 0,-4.861512891948223, 5.824600894066149, 0,-4.861523285508156, 5.824598892795116, 0,-4.861533343791962, 5.824596891524069, 0,-4.8615410551428795, 5.824596557978905, 0,-4.8615410551428795, 5.824596557978905, 0,-4.861547090113163, 5.824598225704762, 0,-4.861547090113163, 5.824598225704762, 0,-4.861552454531193, 5.824600226975797, 0,-4.861557483673096, 5.824600560520985, 0,-4.861557483673096, 5.824600560520985, 0,-4.861565865576267, 5.824598892795116, 0,-4.861565865576267, 5.824598892795116, 0,-4.86157089471817, 5.824598225704762, 0,-4.861575588583946, 5.8245922218915975, 0,-4.86158262938261, 5.824586218078381, 0,-4.86158262938261, 5.824586218078381, 0,-4.861590340733528, 5.824579547174722, 0,-4.861597046256065, 5.824572542725786, 0,-4.861603751778603, 5.824565871821962, 0,-4.861603751778603, 5.824565871821962, 0,-4.861609116196632, 5.824558867372873, 0,-4.86161682754755, 5.824553530649692, 0,-4.86161682754755, 5.824553530649692, 0,-4.861625209450722, 5.824547193290841, 0,-4.861631244421005, 5.824539521751094, 0,-4.861636944115162, 5.824532850846888, 0,-4.861640632152557, 5.824524512216507, 0,-4.861643649637699, 5.824515840040772, 0,-4.861643649637699, 5.824515840040772, 0,-4.861649349331856, 5.824508835591046, 0,-4.861656054854393, 5.824503165322167, 0,-4.86166276037693, 5.8244981621436915, 0,-4.861667454242706, 5.824490824148509, 0,-4.861667454242706, 5.824490824148509, 0,-4.861666783690453, 5.824481151336532, 0,-4.861668460071087, 5.8244734797958815, 0,-4.861672148108482, 5.824464140528864, 0,-4.861675836145878, 5.8244554683522125, 0,-4.8616815358400345, 5.824449464537521, 0,-4.861689917743206, 5.824445795539612, 0,-4.861694946885109, 5.8244414594511715, 0,-4.861705340445042, 5.8244274505497735, 0,-4.86170869320631, 5.824417444191424, 0,-4.8617130517959595, 5.824409439104617, 0,-4.861716739833355, 5.824401100472416, 0,-4.861720092594624, 5.824393762475962, 0,-4.861723445355892, 5.824385757388824, 0,-4.861727803945541, 5.824377752301559, 0,-4.861730486154556, 5.824370747850116, 0,-4.8617348447442055, 5.824367412397015, 0,-4.8617348447442055, 5.824367412397015, 0,-4.8617348447442055, 5.824367412397015, 0,-4.861740209162235, 5.8243624092173185, 0,-4.861746244132519, 5.8243560718563305, 0,-4.86175362020731, 5.824349067404607, 0,-4.86175362020731, 5.824349067404607, 0,-4.861760661005974, 5.824341062316833, 0,-4.861763343214989, 5.824332723683603, 0,-4.861767366528511, 5.824322050232902, 0,-4.861774742603302, 5.824313044508708, 0,-4.861779771745205, 5.8243080413285275, 0,-4.861779771745205, 5.8243080413285275, 0,-4.861786141991615, 5.824303371693651, 0,-4.861796535551548, 5.8243023710576125, 0,-4.861806929111481, 5.824303705239019, 0,-4.861816987395287, 5.824308708419224, 0,-4.861816987395287, 5.824308708419224, 0,-4.8618243634700775, 5.824313044508708, 0,-4.8618243634700775, 5.824313044508708, 0,-4.861832745373249, 5.8243190483248375, 0,-4.861840792000294, 5.824323050868915, 0,-4.861840792000294, 5.824323050868915, 0,-4.861847832798958, 5.824325385686258, 0,-4.861851185560226, 5.824327053412942, 0,-4.861851185560226, 5.824327053412942, 0,-4.861856885254383, 5.8243300553209565, 0,-4.8618632555007935, 5.824332056592944, 0,-4.8618632555007935, 5.824332056592944, 0,-4.861870966851711, 5.824334724955591, 0,-4.861880354583263, 5.824338060408883, 0,-4.861889071762562, 5.824341062316833, 0,-4.861906170845032, 5.824348066768645, 0,-4.861906170845032, 5.824348066768645, 0,-4.861920587718487, 5.824362075672014, 0,-4.861932657659054, 5.82437541748442, 0,-4.861941039562225, 5.824383756117002, 0,-4.861941039562225, 5.824383756117002, 0,-4.861970208585262, 5.824396764383607, 0,-4.861970208585262, 5.824396764383607, 0,-4.861982278525829, 5.824398765655366, 0,-4.861990995705128, 5.824402434653568, 0,-4.861990995705128, 5.824402434653568, 0,-4.861995689570904, 5.824408772014047, 0,-4.86200038343668, 5.824413108102754, 0,-4.862004071474075, 5.824418111281981, 0,-4.862004071474075, 5.824418111281981, 0,-4.862008765339851, 5.824422113825346, 0,-4.862008765339851, 5.824422113825346, 0,-4.862014800310135, 5.824426449913951, 0,-4.862021170556545, 5.824432787274151, 0,-4.862021170556545, 5.824432787274151, 0,-4.862026199698448, 5.824440792360627, 0,-4.862034916877747, 5.82444879744699, 0,-4.862034916877747, 5.82444879744699, 0,-4.862043634057045, 5.824456135442718, 0,-4.862043634057045, 5.824456135442718, 0,-4.862051010131836, 5.824462472802587, 0,-4.862057380378246, 5.824472145614882, 0,-4.862057380378246, 5.824472145614882, 0,-4.862064756453037, 5.824482151972266, 0,-4.862064756453037, 5.824482151972266, 0,-4.862073138356209, 5.824492158329457, 0,-4.862073138356209, 5.824492158329457, 0,-4.862079508602619, 5.824501164050777, 0,-4.862079508602619, 5.824501164050777, 0,-4.862083196640015, 5.824508835591046, 0,-4.862083867192268, 5.824519509038223, 0,-4.862083867192268, 5.824519509038223, 0,-4.862086549401283, 5.824528514759097, 0,-4.862086549401283, 5.824528514759097, 0,-4.862090572714806, 5.82453551920858, 0,-4.862096942961216, 5.824543857838796, 0,-4.862101972103119, 5.824552530014086, 0,-4.862113706767559, 5.824566538912354, 0,-4.862113706767559, 5.824566538912354, 0,-4.862124435603619, 5.8245808813554545, 0,-4.862124435603619, 5.8245808813554545, 0,-4.862131141126156, 5.824588886439819, 0,-4.862140193581581, 5.824598559249939, 0,-4.862148575484753, 5.824607231424389, 0,-4.862157292664051, 5.824614235872881, 0,-4.862157292664051, 5.824614235872881, 0,-4.86216701567173, 5.824618238414835, 0,-4.862199537456036, 5.824647256843197, 0,-4.862208254635334, 5.824657263197438, 0,-4.862216971814632, 5.8246592644682815, 0,-4.862216971814632, 5.8246592644682815, 0,-4.862223342061043, 5.824661599284237, 0,-4.862239435315132, 5.824671605638236, 0,-4.8622481524944305, 5.824674273999267, 0,-4.862256869673729, 5.824675608179782, 0,-4.862273633480072, 5.8246759417248954, 0,-4.86228235065937, 5.824673273363877, 0,-4.8622893914580345, 5.8246686037320545, 0,-4.862294755876064, 5.824662266374501, 0,-4.862294755876064, 5.824662266374501, 0,-4.862296096980572, 5.82465893092313, 0,-4.8622967675328255, 5.824653594200903, 0,-4.862298779189587, 5.824650592294632, 0,-4.862301126122475, 5.824646256207757, 0,-4.862304478883743, 5.824642587211145, 0,-4.862305819988251, 5.824635916308162, 0,-4.862313866615295, 5.824620906776132, 0,-4.862318895757198, 5.824614235872881, 0,-4.8623282834887505, 5.824585550988015, 0,-4.862329959869385, 5.824577545903613, 0,-4.8623329773545265, 5.8245692072738935, 0,-4.862337671220303, 5.824560868644046, 0,-4.862337671220303, 5.824560868644046, 0,-4.8623427003622055, 5.824553864194881, 0,-4.8623450472950935, 5.824543190748379, 0,-4.8623450472950935, 5.824531850211231, 0,-4.8623450472950935, 5.824531850211231, 0,-4.862343706190586, 5.824521176764322, 0,-4.862348064780235, 5.824502498231712, 0,-4.862348064780235, 5.824502498231712, 0,-4.862348064780235, 5.824489489967549, 0,-4.862348064780235, 5.824489489967549, 0,-4.862347058951855, 5.824482151972266, 0,-4.862348064780235, 5.824474480431627, 0,-4.862348400056362, 5.824465141164622, 0,-4.862348400056362, 5.824465141164622, 0,-4.862353429198265, 5.824453133535378, 0,-4.862356446683407, 5.8244424600869555, 0,-4.862361811101437, 5.8244241150970035, 0,-4.862364828586578, 5.8244157764650195, 0,-4.862364828586578, 5.8244157764650195, 0,-4.862368516623974, 5.824407437832896, 0,-4.862374551594257, 5.824401434017695, 0,-4.862374551594257, 5.824401434017695, 0,-4.862381257116795, 5.824397765019493, 0,-4.862381257116795, 5.824397765019493, 0,-4.862386956810951, 5.824389759932406, 0,-4.862386956810951, 5.824389759932406, 0,-4.862397685647011, 5.824383756117002, 0,-4.862397685647011, 5.824383756117002, 0,-4.862407073378563, 5.82437541748442, 0,-4.862407073378563, 5.82437541748442, 0,-4.862415790557861, 5.824370080759496, 0,-4.86241914331913, 5.824362742762648, 0,-4.862421490252018, 5.824355404765697, 0,-4.862421490252018, 5.824355404765697, 0,-4.8624251782894135, 5.824348733859291, 0,-4.862428866326809, 5.824342062952808, 0,-4.862436577677727, 5.824334391410249, 0,-4.86244261264801, 5.824325052140916, 0,-4.86244261264801, 5.824325052140916, 0,-4.8624493181705475, 5.82431738059814, 0,-4.862456023693085, 5.824310709691301, 0,-4.8624637350440025, 5.82430403878436, 0,-4.8624637350440025, 5.82430403878436, 0,-4.862470775842667, 5.824297367877343, 0,-4.862476475536823, 5.824291697606327, 0,-4.862476475536823, 5.824291697606327, 0,-4.862483851611614, 5.824286360880602, 0,-4.862491227686405, 5.8242816912455595, 0,-4.862494580447674, 5.8242743532475405, 0,-4.862497262656689, 5.824264680431848, 0,-4.862497262656689, 5.824264680431848, 0,-4.862499609589577, 5.8242446677091815, 0,-4.86249390989542, 5.824231659439052, 0,-4.8624929040670395, 5.824228991075909, 0,-4.862493239343166, 5.824223320804193, 0,-4.862493239343166, 5.824223320804193, 0,-4.8624952509999275, 5.8242169834416275, 0,-4.862493574619293, 5.824208978351971, 0,-4.862486533820629, 5.824203641625456, 0,-4.862477816641331, 5.82420330808005, 0,-4.862468093633652, 5.824202640989239, 0,-4.862459376454353, 5.824197971353498, 0,-4.862437918782234, 5.824187631445646, 0,-4.862427860498428, 5.824175957355904, 0,-4.86239667981863, 5.824157278811806, 0,-4.86239667981863, 5.824157278811806, 0,-4.862386621534824, 5.82415094144849, 0,-4.8623765632510185, 5.824144937630542, 0,-4.86236784607172, 5.8241389338125416, 0,-4.862356781959534, 5.824132262903565, 0,-4.862349405884743, 5.8241229236308865, 0,-4.862349405884743, 5.8241229236308865, 0,-4.862341359257698, 5.824114251448956, 0,-4.8623306304216385, 5.824106913448748, 0,-4.86232191324234, 5.824102243812218, 0,-4.862316884100437, 5.824100576084873, 0,-4.862316884100437, 5.824100576084873, 0,-4.862302802503109, 5.824096239993761, 0,-4.862295091152191, 5.8240905697206955, 0,-4.8622870445251465, 5.82408389881116, 0,-4.862280339002609, 5.824075560174112, 0,-4.862273633480072, 5.824068555718903, 0,-4.862266927957535, 5.824060884172616, 0,-4.862258546054363, 5.824055547444702, 0,-4.862258546054363, 5.824055547444702, 0,-4.8622434586286545, 5.824046541716234, 0,-4.8622434586286545, 5.824046541716234, 0,-4.862231723964214, 5.8240365353511026, 0,-4.862231723964214, 5.8240365353511026, 0,-4.86222367733717, 5.8240338669870315, 0,-4.8622166365385056, 5.824030197986425, 0,-4.86220758408308, 5.824024527712699, 0,-4.862193502485752, 5.824013520710613, 0,-4.862188473343849, 5.824008183982242, 0,-4.862181097269058, 5.82400451498147, 0,-4.862174056470394, 5.8240015130717255, 0,-4.862174056470394, 5.8240015130717255, 0,-4.862167350947857, 5.823999178253022, 0,-4.8621512576937675, 5.82399017252365, 0,-4.8621512576937675, 5.82399017252365, 0,-4.862134158611298, 5.823978164884253, 0,-4.862134158611298, 5.823978164884253, 0,-4.8621247708797455, 5.823972161064472, 0,-4.862097948789597, 5.823955483786943, 0,-4.862080849707127, 5.823948479330233, 0,-4.862071126699448, 5.8239454774201835, 0,-4.86205268651247, 5.823934470416546, 0,-4.86205268651247, 5.823934470416546, 0,-4.862035252153873, 5.823919794411361, 0,-4.862027540802956, 5.823912456408622, 0,-4.8620205000042915, 5.823904451314626, 0,-4.862015135586262, 5.823898447494044, 0,-4.862015135586262, 5.823898447494044, 0,-4.862004406750202, 5.823890775945442, 0,-4.861994348466396, 5.823881436668731, 0,-4.861994348466396, 5.823881436668731, 0,-4.861993677914143, 5.823874765756701, 0,-4.861993342638016, 5.82386909548141, 0,-4.861993342638016, 5.82386909548141, 0,-4.861985631287098, 5.823858755567501, 0,-4.861981607973576, 5.82385341883768, 0,-4.861981607973576, 5.82385341883768, 0,-4.861977249383926, 5.823848082107781, 0,-4.8619745671749115, 5.8238420782866, 0,-4.8619745671749115, 5.8238420782866, 0,-4.861967526376247, 5.8238380757391255, 0,-4.861962832510471, 5.823836074465357, 0,-4.861962832510471, 5.823836074465357, 0,-4.861952103674412, 5.823827735824633, 0,-4.861929640173912, 5.823806722449465, 0,-4.861929640173912, 5.823806722449465, 0,-4.861919246613979, 5.823798383808309, 0,-4.861910194158554, 5.823792379986593, 0,-4.861902818083763, 5.823786042619168, 0,-4.861893095076084, 5.823772367247096, 0,-4.861888401210308, 5.823769365336117, 0,-4.861888401210308, 5.823769365336117, 0,-4.861883372068405, 5.823768364699112, 0,-4.861874990165234, 5.823773367884089, 0,-4.861874990165234, 5.823773367884089, 0,-4.861865937709808, 5.8237780375233665, 0,-4.861860573291779, 5.823782707162594, 0,-4.861855544149876, 5.82378871098441, 0,-4.861855544149876, 5.82378871098441, 0,-4.861845821142197, 5.82379504835181, 0,-4.86183475703001, 5.82379938444525, 0,-4.86183475703001, 5.82379938444525, 0,-4.861824028193951, 5.823802052810429, 0,-4.861815646290779, 5.823801719264794, 0,-4.8618099465966225, 5.823798383808309, 0,-4.8618099465966225, 5.823798383808309, 0,-4.861792512238026, 5.823794381260516, 0,-4.861792512238026, 5.823794381260516, 0,-4.861784130334854, 5.823793714169208, 0,-4.861763343214989, 5.82379137934964, 0,-4.861763343214989, 5.82379137934964, 0,-4.861753955483437, 5.823791712895299, 0,-4.861745573580265, 5.823790378712685, 0,-4.8617348447442055, 5.823790045167025, 0,-4.861723445355892, 5.823790045167025, 0,-4.8617130517959595, 5.8237877103474425, 0,-4.861706346273422, 5.823785375527861, 0,-4.861697629094124, 5.823783040708253, 0,-4.861697629094124, 5.823783040708253, 0,-4.861673153936863, 5.823778371069014, 0,-4.861655719578266, 5.823777703977706, 0,-4.861641637980938, 5.823776036249393, 0,-4.861634932458401, 5.823772033701435, 0,-4.861617162823677, 5.823749019050119, 0,-4.861610792577267, 5.823742348136513, 0,-4.861603751778603, 5.823730006946126, 0,-4.861603751778603, 5.823730006946126, 0,-4.861603081226349, 5.823723336032302, 0,-4.861613474786282, 5.8237023226532285, 0,-4.861617833375931, 5.823691649190543, 0,-4.861618839204311, 5.82367930799905, 0,-4.861618839204311, 5.82367930799905, 0,-4.861615151166916, 5.823659628801255, 0,-4.861615151166916, 5.823659628801255, 0,-4.861610122025013, 5.823643618605937, 0,-4.861610122025013, 5.823643618605937, 0,-4.861607439815998, 5.823633278687868, 0,-4.861607439815998, 5.823633278687868, 0,-4.861602075397968, 5.823622938769622, 0,-4.861602075397968, 5.823622938769622, 0,-4.8615967109799385, 5.823614266579981, 0,-4.861590340733528, 5.823605594390201, 0,-4.861587323248386, 5.823596255108757, 0,-4.861582964658737, 5.823588583556006, 0,-4.861578941345215, 5.823582913277828, 0,-4.861578941345215, 5.823582913277828, 0,-4.861576594412327, 5.823578910728508, 0,-4.861576594412327, 5.823578910728508, 0,-4.861571565270424, 5.823571906267103, 0,-4.861562512814999, 5.823556563160853, 0,-4.8615605011582375, 5.823548558061781, 0,-4.861547760665417, 5.823543554874807, 0,-4.861535020172596, 5.823538551687783, 0,-4.861523285508156, 5.823530546588445, 0,-4.861518256366253, 5.823527878221968, 0,-4.861510545015335, 5.823518872485052, 0,-4.861498475074768, 5.823497192006669, 0,-4.861491434276104, 5.823491188181736, 0,-4.861491434276104, 5.823491188181736, 0,-4.86148439347744, 5.8234848508109005, 0,-4.861475341022015, 5.823470841885662, 0,-4.86146192997694, 5.8234598348727244, 0,-4.861454218626022, 5.823457833597619, 0,-4.861443489789963, 5.823455165230812, 0,-4.8614270612597466, 5.82344716013029, 0,-4.86141063272953, 5.8234391550296545, 0,-4.86141063272953, 5.8234391550296545, 0,-4.861394539475441, 5.8234301492913, 0,-4.861394539475441, 5.8234301492913, 0,-4.861394539475441, 5.8234301492913, 0,-4.861380122601986, 5.823417474548193, 0,-4.861375093460083, 5.823411804268296, 0,-4.861375093460083, 5.823411804268296, 0,-4.86137006431818, 5.8234054668965705, 0,-4.861362688243389, 5.823400130162435, 0,-4.861355647444725, 5.8233937927905695, 0,-4.861348941922188, 5.82338745541864, 0,-4.861344583332539, 5.823380450954844, 0,-4.8613398894667625, 5.823376114858172, 0,-4.8613398894667625, 5.823376114858172, 0,-4.861334525048733, 5.823374113582762, 0,-4.861328154802322, 5.823371778761463, 0,-4.861321449279785, 5.823368776848334, 0,-4.861313737928867, 5.82336544138928, 0,-4.861305691301823, 5.823362105930224, 0,-4.86129529774189, 5.823357436287485, 0,-4.861285239458084, 5.823344427996822, 0,-4.861282892525196, 5.823334755165113, 0,-4.8612721636891365, 5.823322747511709, 0,-4.861264117062092, 5.823316743684918, 0,-4.8612577468156815, 5.823312741133678, 0,-4.861251041293144, 5.823307404398665, 0,-4.861246682703495, 5.823300733479816, 0,-4.861242659389973, 5.823291394193296, 0,-4.861237965524197, 5.8232840561823505, 0,-4.861231930553913, 5.823274716895563, 0,-4.861223213374615, 5.82326804597632, 0,-4.861204773187637, 5.8232600408731265, 0,-4.861190021038055, 5.823253369953731, 0,-4.861177280545235, 5.823254370591653, 0,-4.861172251403332, 5.823256705413435, 0,-4.86114677041769, 5.823255371229561, 0,-4.861099496483803, 5.823276384625352, 0,-4.861095137894154, 5.823283055544493, 0,-4.8610904440283775, 5.823289392917593, 0,-4.861087761819363, 5.823295063198736, 0,-4.861084744334221, 5.823296730928474, 0,-4.861078709363937, 5.823295730290629, 0,-4.861073009669781, 5.8232970644744135, 0,-4.86106563359499, 5.823298732204151, 0,-4.861048869788647, 5.823295730290629, 0,-4.861027412116528, 5.823296063836581, 0,-4.861027412116528, 5.823296063836581, 0,-4.861027412116528, 5.823296063836581, 0,-4.861019365489483, 5.823299399296044, 0,-4.861012659966946, 5.823304402485193, 0,-4.860977791249752, 5.823321079782048, 0,-4.860968068242073, 5.8233247487872974, 0,-4.860952310264111, 5.8233270836088, 0,-4.860952310264111, 5.8233270836088, 0,-4.860943593084812, 5.823326750062873, 0,-4.8609355464577675, 5.823328084246581, 0,-4.860910400748253, 5.823334088073246, 0,-4.860905706882477, 5.823339091262102, 0,-4.860899336636066, 5.823344761542736, 0,-4.860895648598671, 5.823346762818236, 0,-4.860889948904514, 5.823347429910077, 0,-4.8608822375535965, 5.82335043182332, 0,-4.860861450433731, 5.823379116771263, 0,-4.860861115157604, 5.823386121235072, 0,-4.860860109329224, 5.823395126974126, 0,-4.860857762396336, 5.82340379916715, 0,-4.860856086015701, 5.823415806818811, 0,-4.860858432948589, 5.823423811919791, 0,-4.860858768224716, 5.823436153116882, 0,-4.860854744911194, 5.82345049558885, 0,-4.860854409635067, 5.8234701747939726, 0,-4.860852062702179, 5.823476512164973, 0,-4.860845021903515, 5.823484517265075, 0,-4.860837310552597, 5.823488853360907, 0,-4.86083697527647, 5.8234945236400275, 0,-4.860839322209358, 5.8235075319272305, 0,-4.860839992761612, 5.823516537664338, 0,-4.860834628343582, 5.823533882046507, 0,-4.860831946134567, 5.823541887145796, 0,-4.860831946134567, 5.823541887145796, 0,-4.860825575888157, 5.823554561886104, 0,-4.860825911164284, 5.823554895431891, 0,-4.860823228955269, 5.823559898618763, 0,-4.860819876194, 5.82356490180561, 0,-4.860816523432732, 5.823569904992393, 0,-4.860811829566956, 5.823573573996014, 0,-4.86080814152956, 5.823580578457393, 0,-4.860789366066456, 5.82361393303422, 0,-4.860788024961948, 5.823616934946037, 0,-4.860786683857441, 5.823627274864386, 0,-4.860786683857441, 5.823627274864386, 0,-4.8607853427529335, 5.823630276776139, 0,-4.860780648887157, 5.823633612233618, 0,-4.860774278640747, 5.82363694769107, 0,-4.860766232013702, 5.823640950239995, 0,-4.860756509006023, 5.8236442856974096, 0,-4.860748797655106, 5.8236476211548105, 0,-4.860747791826725, 5.823647954700534, 0,-4.860731698572636, 5.823652957886592, 0,-4.860701858997345, 5.823655292706734, 0,-4.860701858997345, 5.823655292706734, 0,-4.860701858997345, 5.823655292706734, 0,-4.860677719116211, 5.823674304813246, 0,-4.860677719116211, 5.823674304813246, 0,-4.860663637518883, 5.823683644093394, 0,-4.860657267272472, 5.823687313096264, 0,-4.860639497637749, 5.823690982099109, 0,-4.860639497637749, 5.823690982099109, 0,-4.8606230691075325, 5.823684644730538, 0,-4.8606133460998535, 5.823681642819077, 0,-4.860599264502525, 5.823671302901734, 0,-4.860594235360622, 5.823667633898749, 0,-4.8605902120471, 5.8236629642585545, 0,-4.860578142106533, 5.823652957886592, 0,-4.860568754374981, 5.823650956612174, 0,-4.860553666949272, 5.823646286971853, 0,-4.860545955598354, 5.823643618605937, 0,-4.860536232590675, 5.823641950877216, 0,-4.860526509582996, 5.823640283148509, 0,-4.860526509582996, 5.823640283148509, 0,-4.860508069396019, 5.823641283785731, 0,-4.860500693321228, 5.823642617968715, 0,-4.860500693321228, 5.823642617968715, 0,-4.860482923686504, 5.823633945779367, 0,-4.860476888716221, 5.823632945142119, 0,-4.860471524298191, 5.82363261159637, 0,-4.860457442700863, 5.823634946416601, 0,-4.860449060797691, 5.823636280599584, 0,-4.860442019999027, 5.823636614145333, 0,-4.860428608953953, 5.823633612233618, 0,-4.860421903431416, 5.823634279325115, 0,-4.860416539013386, 5.823633612233618, 0,-4.860413856804371, 5.823632278050634, 0,-4.8604098334908485, 5.82362994323039, 0,-4.8604074865579605, 5.823625273589891, 0,-4.860396757721901, 5.823615600763003, 0,-4.860380664467812, 5.823606595027486, 0,-4.860370941460133, 5.823602258932557, 0,-4.860364235937595, 5.823597589291816, 0,-4.860353171825409, 5.823594587379909, 0,-4.860318303108215, 5.823591251922189, 0,-4.860292822122574, 5.823592586105275, 0,-4.86028678715229, 5.82358958419333, 0,-4.860273711383343, 5.82358658228136, 0,-4.860265664756298, 5.823585248098274, 0,-4.860258959233761, 5.8235849145524865, 0,-4.860251918435097, 5.823583580369389, 0,-4.860246554017067, 5.823584581006725, 0,-4.860240183770657, 5.823586248735585, 0,-4.860233813524246, 5.8235882500102445, 0,-4.860227443277836, 5.82358791646447, 0,-4.860219396650791, 5.823587249372909, 0,-4.860202968120575, 5.823589917739104, 0,-4.860202968120575, 5.823589917739104, 0,-4.860195927321911, 5.823592919651049, 0,-4.860189221799374, 5.823596255108757, 0,-4.860178157687187, 5.8236069285732475, 0,-4.860175140202045, 5.82361359948847, 0,-4.8601701110601425, 5.823619936857843, 0,-4.860165752470493, 5.82362560713564, 0,-4.86016072332859, 5.823630943867638, 0,-4.86015435308218, 5.823634946416601, 0,-4.860146306455135, 5.823641283785731, 0,-4.860140606760979, 5.823645619880367, 0,-4.860140606760979, 5.823645619880367, 0,-4.860130548477173, 5.823650289520701, 0,-4.8601047322154045, 5.82367297063034, 0,-4.86009668558836, 5.823677306724734, 0,-4.8600829392671585, 5.823688980824844, 0,-4.8600829392671585, 5.823688980824844, 0,-4.860064834356308, 5.823695318193363, 0,-4.86005611717701, 5.823697986559038, 0,-4.860047735273838, 5.823702989744651, 0,-4.860039688646793, 5.823706992293104, 0,-4.860029965639114, 5.82371066129581, 0,-4.860022254288197, 5.823713663207119, 0,-4.860014207661152, 5.82371666511839, 0,-4.859998449683189, 5.823724336669384, 0,-4.859996438026428, 5.823729673400453, 0,-4.859997108578682, 5.823742681682185, 0,-4.859996102750301, 5.823750686778496, 0,-4.859994761645794, 5.823759025420364, 0,-4.859994761645794, 5.823759025420364, 0,-4.859992749989033, 5.823768364699112, 0,-4.859989732503891, 5.823786376164828, 0,-4.859989732503891, 5.823796382534412, 0,-4.859987385571003, 5.823805054721254, 0,-4.859985373914242, 5.823816061727423, 0,-4.859985038638115, 5.823826068096485, 0,-4.859985709190369, 5.8238374086478695, 0,-4.859985709190369, 5.8238374086478695, 0,-4.859983362257481, 5.823848082107781, 0,-4.859984032809734, 5.823863091660446, 0,-4.8599836975336075, 5.823872097391866, 0,-4.859984703361988, 5.823885439215912, 0,-4.859985038638115, 5.823890442399845, 0,-4.859985373914242, 5.823893110764591, 0,-4.8599836975336075, 5.823892777219007, 0,-4.859978668391705, 5.823890775945442, 0,-4.859973639249802, 5.823891443036622, 0,-4.859973639249802, 5.823891443036622, 0,-4.859967604279518, 5.8238954455837275, 0,-4.85995888710022, 5.823902450041112, 0,-4.859946146607399, 5.823918793774635, 0,-4.859928712248802, 5.8239408077823045, 0,-4.85990222543478, 5.823962154698019, 0,-4.859888143837452, 5.823983835158451, 0,-4.859888143837452, 5.823983835158451, 0,-4.8598844558000565, 5.823990839614715, 0,-4.8598844558000565, 5.823990839614715, 0,-4.859881103038788, 5.823997844070903, 0,-4.859878085553646, 5.8240058491635756, 0,-4.859873726963997, 5.824014187801653, 0,-4.8598697036504745, 5.824022526439604, 0,-4.859863668680191, 5.824026195440261, 0,-4.859859310090542, 5.824030531531933, 0,-4.859838858246803, 5.824047208807223, 0,-4.859838858246803, 5.824047208807223, 0,-4.859832488000393, 5.824053546171722, 0,-4.859830811619759, 5.8240578822631655, 0,-4.859829470515251, 5.824061884809088, 0,-4.859828129410744, 5.824066220900467, 0,-4.859827794134617, 5.824071224082797, 0,-4.859828129410744, 5.824077227901522, 0,-4.859829135239124, 5.824084899447593, 0,-4.8598311468958855, 5.824091903902611, 0,-4.85983818769455, 5.824101910266749, 0,-4.85983818769455, 5.824101910266749, 0,-4.859843887388706, 5.8241099153579325, 0,-4.8598479107022285, 5.8241192546308405, 0,-4.8598479107022285, 5.8241192546308405, 0,-4.859851934015751, 5.824136265448966, 0,-4.8598576337099075, 5.824142602812448, 0,-4.859859310090542, 5.824147272448648, 0,-4.859860651195049, 5.824159613629849, 0,-4.859860651195049, 5.824159613629849, 0,-4.859878085553646, 5.82420164035301, 0,-4.859882108867168, 5.824205642897902, 0,-4.859882108867168, 5.824205642897902, 0,-4.859885796904564, 5.824208978351971, 0,-4.85989049077034, 5.824214648623826, 0,-4.859895519912243, 5.824220985986417, 0,-4.859899207949638, 5.824228657530517, 0,-4.859899207949638, 5.824228657530517, 0,-4.859902895987034, 5.824247669617615, 0,-4.859902895987034, 5.824247669617615, 0,-4.8599062487483025, 5.824284359608448, 0,-4.859924018383026, 5.824303705239019, 0,-4.859933741390705, 5.824310376145947, 0,-4.85994279384613, 5.824317047052799, 0,-4.859951175749302, 5.82432171668756, 0,-4.859957210719585, 5.8243277205036135, 0,-4.859963916242123, 5.824338060408883, 0,-4.859963580965996, 5.8243387274995415, 0,-4.85996525734663, 5.824345398406062, 0,-4.859970957040787, 5.824362075672014, 0,-4.859994761645794, 5.824377085210951, 0,-4.8600054904818535, 5.824384423207622, 0,-4.860014542937279, 5.824391427658886, 0,-4.860014542937279, 5.824391427658886, 0,-4.860049746930599, 5.824431786638342, 0,-4.860063157975674, 5.824439458179552, 0,-4.8600685223937035, 5.824439458179552, 0,-4.860074892640114, 5.824441792996437, 0,-4.860077910125256, 5.824444127813296, 0,-4.860081933438778, 5.824444794903827, 0,-4.860088974237442, 5.824444127813296, 0,-4.860098361968994, 5.824445128449081, 0,-4.860098361968994, 5.824445128449081, 0,-4.8601070791482925, 5.824447796811205, 0,-4.860115461051464, 5.824452132899594, 0,-4.860123507678509, 5.82445713607849, 0,-4.860133230686188, 5.8244634734383585, 0,-4.860140606760979, 5.824470144343403, 0,-4.860140606760979, 5.824470144343403, 0,-4.860148653388023, 5.824478149429333, 0,-4.860157035291195, 5.824480484246039, 0,-4.860157035291195, 5.824480484246039, 0,-4.8601677641272545, 5.824484153243719, 0,-4.860193245112896, 5.8245078349553765, 0,-4.860193245112896, 5.8245078349553765, 0,-4.86020028591156, 5.82451417231466, 0,-4.860207326710224, 5.82452050967388, 0,-4.86022274941206, 5.8245368533894135, 0,-4.86022274941206, 5.8245368533894135, 0,-4.860236495733261, 5.824540855931939, 0,-4.860238842666149, 5.824541523022344, 0,-4.860246554017067, 5.824547860381258, 0,-4.860246554017067, 5.824547860381258, 0,-4.860252924263477, 5.824554197740096, 0,-4.8602623119950294, 5.824560535098845, 0,-4.860288463532925, 5.824567539547934, 0,-4.860288463532925, 5.824567539547934, 0,-4.860320650041103, 5.824574877542111, 0,-4.8603276908397675, 5.824576878813234, 0,-4.8603518307209015, 5.824586218078381, 0,-4.8603518307209015, 5.824586218078381, 0,-4.860358536243439, 5.824589553530185, 0,-4.860358536243439, 5.824589553530185, 0,-4.860370270907879, 5.824595890888539, 0,-4.860391393303871, 5.824609899785738, 0,-4.860391393303871, 5.824609899785738, 0,-4.860399104654789, 5.824618238414835, 0,-4.860405474901199, 5.824623908682568, 0,-4.860413186252117, 5.824630246040554, 0,-4.860413186252117, 5.824630246040554, 0,-4.860422909259796, 5.824636583398451, 0,-4.860433302819729, 5.824641586575705, 0,-4.860442355275154, 5.824647590388336, 0,-4.8604510724544525, 5.824653927746041, 0,-4.860477559268475, 5.82466993791257, 0,-4.860486276447773, 5.824675608179782, 0,-4.860500358045101, 5.824681278446919, 0,-4.8605141043663025, 5.824686281623778, 0,-4.860539920628071, 5.8246919518908005, 0,-4.860552996397018, 5.824697622157797, 0,-4.860552996397018, 5.824697622157797, 0,-4.8605677485466, 5.824701291154039, 0,-4.8605677485466, 5.824701291154039, 0,-4.860576801002026, 5.824705960785607, 0,-4.86059557646513, 5.824714632958392, 0,-4.860618710517883, 5.824720303225146, 0,-4.860634803771973, 5.824732977938853, 0,-4.860634803771973, 5.824732977938853, 0,-4.860647544264793, 5.824750655828541, 0,-4.860647544264793, 5.824750655828541, 0,-4.860662296414375, 5.824764331176798, 0,-4.860670007765293, 5.8247736704388275, 0,-4.860670007765293, 5.8247736704388275, 0,-4.860677048563957, 5.824781675520445, 0,-4.860677048563957, 5.824781675520445, 0,-4.860684759914875, 5.824791014782182, 0,-4.860697835683823, 5.824806357854706, 0,-4.860702194273472, 5.824816364206122, 0,-4.860702194273472, 5.824816364206122, 0,-4.860715940594673, 5.824832707913069, 0,-4.860730692744255, 5.824846383259316, 0,-4.8607417568564415, 5.82486105924029, 0,-4.8607417568564415, 5.82486105924029, 0,-4.860748797655106, 5.82486706305058, 0,-4.86075684428215, 5.824875735220884, 0,-4.86075684428215, 5.824875735220884, 0,-4.860767237842083, 5.824883073211027, 0,-4.860767237842083, 5.824883073211027, 0,-4.860776625573635, 5.824889744111085, 0,-4.860776625573635, 5.824889744111085, 0,-4.860784001648426, 5.824896081466068, 0,-4.860784001648426, 5.824896081466068, 0,-4.860791712999344, 5.82490542072591, 0,-4.860798753798008, 5.824912758715673, 0,-4.860809817910194, 5.824923432155153, 0,-4.860809817910194, 5.824923432155153, 0,-4.860814176499844, 5.824930103054727, 0,-4.860814176499844, 5.824930103054727, 0,-4.860817864537239, 5.824937107499198, 0,-4.860822223126888, 5.82494411194358, 0,-4.860828258097172, 5.824951783477807, 0,-4.860828258097172, 5.824951783477807, 0,-4.860834963619709, 5.824961122736707, 0,-4.860834963619709, 5.824961122736707, 0,-4.860843010246754, 5.824970461995467, 0,-4.860849045217037, 5.82497913416418, 0,-4.860849045217037, 5.82497913416418, 0,-4.860857762396336, 5.8249851379732105, 0,-4.8608678206801414, 5.824990141147348, 0,-4.8608678206801414, 5.824990141147348, 0,-4.860877878963947, 5.8249954778663815, 0,-4.860900677740574, 5.825005484214427, 0,-4.860910065472126, 5.825012155113021, 0,-4.860921800136566, 5.825018158921709, 0,-4.860941246151924, 5.825030166538854, 0,-4.860952310264111, 5.825034836167687, 0,-4.860962703824043, 5.825037170982078, 0,-4.860975444316864, 5.825037170982078, 0,-4.860996566712856, 5.82503917225156, 0,-4.861006624996662, 5.825038838706638, 0,-4.861006624996662, 5.825038838706638, 0,-4.861016683280468, 5.825036837437168, 0,-4.861016683280468, 5.825036837437168, 0,-4.861028753221035, 5.82503783807191, 0,-4.861039482057095, 5.825041507065926, 0,-4.861050881445408, 5.825044842515032, 0,-4.861050881445408, 5.825044842515032, 0,-4.861062616109848, 5.825044842515032, 0,-4.861074350774288, 5.825046843784476, 0,-4.861074350774288, 5.825046843784476, 0,-4.861085079610348, 5.825046843784476, 0,-4.861096143722534, 5.825046843784476, 0,-4.861106537282467, 5.825042841245576, 0,-4.861132353544235, 5.825034502622765, 0,-4.861150458455086, 5.825027164634593, 0,-4.861158840358257, 5.8250274981795025, 0,-4.861158840358257, 5.8250274981795025, 0,-4.861176609992981, 5.825023495640475, 0</coordinates>
                </LinearRing>
            </outerBoundaryIs>
        </Polygon>
    </MultiGeometry>
  </Placemark><Placemark>
	<Style><LineStyle><color>ff0000ff</color></LineStyle><PolyStyle><fill>0</fill></PolyStyle></Style>
	<ExtendedData><SchemaData schemaUrl="#programmeband_1">
		<SimpleData name="N°">26</SimpleData>
		<SimpleData name="Cooperative">COOP CA SCAAB</SimpleData>
		<SimpleData name="Code_CCC">COOP CA SCAAB</SimpleData>
		<SimpleData name="Code_Producteur">SCAAB-TIA-159</SimpleData>
		<SimpleData name="Code_Parcelle">SCAAB-TIA-159-P1</SimpleData>
		<SimpleData name="Section">TIASSALE</SimpleData>
		<SimpleData name="Localite">TIASSALE</SimpleData>
		<SimpleData name="Sous-Prefecture">TIASSALE</SimpleData>
		<SimpleData name="Region ">AGNEBY-TIASSA</SimpleData>
		<SimpleData name="Nom">BICABA</SimpleData>
		<SimpleData name="Prenoms">YAYA</SimpleData>
		<SimpleData name="Genre">Homme</SimpleData>
		<SimpleData name="Programme">Mondelez</SimpleData>
		<SimpleData name="Departement"></SimpleData>
		<SimpleData name="Statut">Candidat</SimpleData>
	</SchemaData>
    </ExtendedData>
      <MultiGeometry>
        <Polygon>
            <outerBoundaryIs>
                <LinearRing>
                    <coordinates>-4.86027404665947, 5.826060152299168, 0,-4.860274717211723, 5.826063821286518, 0,-4.86027505248785, 5.826067156729543, 0,-4.860273711383343, 5.82607215989405, 0,-4.860273711383343, 5.82607215989405, 0,-4.860273376107216, 5.826078497235687, 0,-4.860273376107216, 5.826078497235687, 0,-4.860272035002708, 5.826086502298704, 0,-4.860271699726582, 5.826097175715882, 0,-4.8602693527936935, 5.826105180778631, 0,-4.860267341136932, 5.826113519385539, 0,-4.860266670584679, 5.82612185799232, 0,-4.860263988375664, 5.826131864320303, 0,-4.860261976718903, 5.826140536471077, 0,-4.860261976718903, 5.826140536471077, 0,-4.860261306166649, 5.826149208621711, 0,-4.860260970890522, 5.826157547227958, 0,-4.860256947577, 5.826174891528578, 0,-4.8602475598454475, 5.826185564944076, 0,-4.860242195427418, 5.826191568740207, 0,-4.860239513218403, 5.826198239624718, 0,-4.860236831009388, 5.826204910509141, 0,-4.860236831009388, 5.826204910509141, 0,-4.860230460762978, 5.826208579495561, 0,-4.860222414135933, 5.8262129155703635, 0,-4.860222414135933, 5.8262129155703635, 0,-4.860216714441776, 5.826216584556721, 0,-4.860216714441776, 5.826216584556721, 0,-4.860206320881844, 5.826234929488113, 0,-4.860203638672829, 5.826240266195314, 0,-4.860205985605717, 5.826246603535056, 0,-4.860205985605717, 5.826246603535056, 0,-4.860210344195366, 5.826253941507288, 0,-4.860210344195366, 5.826253941507288, 0,-4.860210344195366, 5.826253941507288, 0,-4.860217049717903, 5.826262280111995, 0,-4.860217049717903, 5.826262280111995, 0,-4.860224090516567, 5.826270618716575, 0,-4.860231466591358, 5.826276288967618, 0,-4.860237166285515, 5.826279957953555, 0,-4.860241860151291, 5.826287629469538, 0,-4.860246889293194, 5.826295968073723, 0,-4.860246889293194, 5.826295968073723, 0,-4.860251918435097, 5.826304306677807, 0,-4.860266000032425, 5.82631998325313, 0,-4.860282093286514, 5.8263343256514615, 0,-4.860282093286514, 5.8263343256514615, 0,-4.860289804637432, 5.826339995901855, 0,-4.860296845436096, 5.826345332608052, 0,-4.860296845436096, 5.826345332608052, 0,-4.860302209854126, 5.826351669946611, 0,-4.860308580100536, 5.826356006020319, 0,-4.860308580100536, 5.826356006020319, 0,-4.860317632555962, 5.8263616762704835, 0,-4.86032634973526, 5.826366679432369, 0,-4.86032634973526, 5.826366679432369, 0,-4.860335066914558, 5.826369681329467, 0,-4.860335066914558, 5.826369681329467, 0,-4.86034344881773, 5.826371349050071, 0,-4.860353171825409, 5.826374350947156, 0,-4.860353171825409, 5.826374350947156, 0,-4.8603615537285805, 5.826377686388336, 0,-4.860377311706543, 5.826382689550069, 0,-4.860381670296192, 5.826382689550069, 0,-4.860395081341267, 5.8263840237265265, 0,-4.860403127968311, 5.826383690182419, 0,-4.860412180423737, 5.8263860249912, 0,-4.860422238707542, 5.826389360432317, 0,-4.860433302819729, 5.82639036106464, 0,-4.860444031655788, 5.826387692711764, 0,-4.860450737178326, 5.826383023094177, 0,-4.860458113253117, 5.826377352844216, 0,-4.8604631423950195, 5.826372016138312, 0,-4.860467836260796, 5.826369347785347, 0,-4.86048124730587, 5.826364344623499, 0,-4.86048124730587, 5.826364344623499, 0,-4.860488623380661, 5.826364344623499, 0,-4.860495328903198, 5.826359341461601, 0,-4.860502369701862, 5.826352337034877, 0,-4.860502369701862, 5.826352337034877, 0,-4.860510751605034, 5.826349335137677, 0,-4.8605187982320786, 5.826345332608052, 0,-4.860524833202362, 5.826342997799106, 0,-4.860531538724899, 5.826342664254972, 0,-4.860539250075817, 5.826341663622547, 0,-4.860546290874481, 5.826341330078401, 0,-4.860546290874481, 5.826341330078401, 0,-4.860551990568638, 5.826345332608052, 0,-4.860559366643429, 5.8263500022259445, 0,-4.8605674132704735, 5.826355005387931, 0,-4.8605674132704735, 5.826355005387931, 0,-4.860574789345264, 5.826356673108573, 0,-4.860582835972309, 5.826358007285093, 0,-4.860590882599354, 5.826362676902871, 0,-4.860590882599354, 5.826362676902871, 0,-4.860597252845764, 5.826370681961842, 0,-4.860597252845764, 5.826370681961842, 0,-4.8606036230921745, 5.826380354741263, 0,-4.86061368137598, 5.826400033843731, 0,-4.86061368137598, 5.826400033843731, 0,-4.860617034137249, 5.8264080389021675, 0,-4.860617369413376, 5.8264153768722995, 0,-4.860622398555279, 5.8264230483864115, 0,-4.860622398555279, 5.8264230483864115, 0,-4.860626757144928, 5.8264313869886, 0,-4.860626757144928, 5.8264313869886, 0,-4.860628768801689, 5.8264397255906735, 0,-4.8606327921152115, 5.826447063560386, 0,-4.860636480152607, 5.826453400897787, 0,-4.860654249787331, 5.826466742660525, 0,-4.860656261444092, 5.826470078101146, 0,-4.860656261444092, 5.826470078101146, 0,-4.860653579235077, 5.826519109076125, 0,-4.860645867884159, 5.826538788173746, 0,-4.860645867884159, 5.826538788173746, 0,-4.860648214817047, 5.82654946158231, 0,-4.860651232302189, 5.826557466638622, 0,-4.860651232302189, 5.826557466638622, 0,-4.860657267272472, 5.826565805238813, 0,-4.8606643080711365, 5.826576145102876, 0,-4.8606643080711365, 5.826576145102876, 0,-4.860671013593674, 5.826598492550369, 0,-4.860671684145927, 5.826608165325885, 0,-4.8606666550040245, 5.826643520986653, 0,-4.860662296414375, 5.82665052540975, 0,-4.860657937824726, 5.826658196920657, 0,-4.8606545850634575, 5.8266675361511995, 0,-4.86065324395895, 5.826677542469449, 0,-4.860652573406696, 5.826687548787533, 0,-4.860651567578316, 5.826695220297931, 0,-4.860650561749935, 5.826705560159614, 0,-4.860654249787331, 5.826728241145872, 0,-4.860656596720219, 5.826738914550849, 0,-4.860662296414375, 5.82674925441173, 0,-4.860667660832405, 5.826755925289613, 0,-4.860667660832405, 5.826755925289613, 0,-4.860671348869801, 5.826764930974637, 0,-4.86067570745945, 5.826774603747264, 0,-4.86067570745945, 5.826774603747264, 0,-4.860680736601353, 5.826784610063618, 0,-4.860680736601353, 5.826784610063618, 0,-4.860686436295509, 5.826793282204304, 0,-4.860686436295509, 5.826793282204304, 0,-4.860693141818047, 5.826810292941428, 0,-4.860693141818047, 5.826810292941428, 0,-4.860693141818047, 5.826810292941428, 0,-4.860695153474808, 5.826819965713292, 0,-4.860698841512203, 5.826829304941125, 0,-4.860701858997345, 5.826838310624964, 0,-4.860701858997345, 5.826838310624964, 0,-4.860712252557278, 5.8268529865538925, 0,-4.8607125878334045, 5.826878002340929, 0,-4.860709235072136, 5.826886674480164, 0,-4.860705882310867, 5.826903685214464, 0,-4.860702194273472, 5.826912690897108, 0,-4.8607028648257256, 5.826920362404438, 0,-4.86070454120636, 5.826929368086815, 0,-4.860705211758614, 5.8269370395939175, 0,-4.860706552863121, 5.826943710469575, 0,-4.860705882310867, 5.826952716151582, 0,-4.860705882310867, 5.826952716151582, 0,-4.8607028648257256, 5.826961388289685, 0,-4.8606981709599495, 5.826970727515165, 0,-4.8606981709599495, 5.826970727515165, 0,-4.860695153474808, 5.8269807338280195, 0,-4.860695153474808, 5.8269807338280195, 0,-4.860692135989666, 5.826989405965677, 0,-4.86068744212389, 5.826996410384463, 0,-4.860684759914875, 5.827005416065617, 0,-4.860684759914875, 5.827005416065617, 0,-4.860684759914875, 5.827005416065617, 0,-4.860681742429733, 5.827014088202894, 0,-4.860678389668465, 5.827022426796317, 0,-4.860678389668465, 5.827022426796317, 0,-4.860671348869801, 5.827030765389599, 0,-4.860671348869801, 5.827030765389599, 0,-4.8606643080711365, 5.82703643563297, 0,-4.860656261444092, 5.827040104613934, 0,-4.860650226473808, 5.827043440051158, 0,-4.8606448620557785, 5.827047776119535, 0,-4.8606448620557785, 5.827047776119535, 0,-4.8606425151228905, 5.827055447625009, 0,-4.860633462667465, 5.82707179126678, 0,-4.860630109906197, 5.827080463403038, 0,-4.8606254160404205, 5.827090136170221, 0,-4.86061904579401, 5.827101143112015, 0,-4.8606126755476, 5.827108147529414, 0,-4.860606640577316, 5.82711315068462, 0,-4.860606640577316, 5.82711315068462, 0,-4.860597588121891, 5.827130494955725, 0,-4.860591217875481, 5.8271448373333445, 0,-4.860591217875481, 5.8271448373333445, 0,-4.860587194561958, 5.82715150820652, 0,-4.860583171248436, 5.827155844274058, 0,-4.860583171248436, 5.827155844274058, 0,-4.860577471554279, 5.827162848690757, 0,-4.860572442412376, 5.827169519563729, 0,-4.860572442412376, 5.827169519563729, 0,-4.860568754374981, 5.827176523980262, 0,-4.860561043024063, 5.827193868249408, 0,-4.860557354986668, 5.82720120620926, 0,-4.860557354986668, 5.82720120620926, 0,-4.860551320016384, 5.827208210625412, 0,-4.8605432733893394, 5.827214547954212, 0,-4.860536903142929, 5.82721955110849, 0,-4.860529191792011, 5.827222553001033, 0,-4.86052080988884, 5.827224220719105, 0,-4.8605020344257355, 5.827229223873293, 0,-4.8605020344257355, 5.827229223873293, 0,-4.860496670007706, 5.827235561201865, 0,-4.86049298197031, 5.827241231443163, 0,-4.86049298197031, 5.827241231443163, 0,-4.860488623380661, 5.8272469016844095, 0,-4.86048761755228, 5.827262244689824, 0,-4.860486947000027, 5.827271917453902, 0,-4.860485270619392, 5.8272805895870565, 0,-4.860483929514885, 5.827289261720083, 0,-4.860482253134251, 5.827297266765836, 0,-4.860482923686504, 5.82730460472434, 0,-4.860481917858124, 5.827312609769889, 0,-4.860481917858124, 5.827312609769889, 0,-4.860483929514885, 5.827318613553959, 0,-4.8604849353432655, 5.827325951512182, 0,-4.8604899644851685, 5.827332955926769, 0,-4.8604899644851685, 5.827332955926769, 0,-4.860494323074818, 5.827338626167087, 0,-4.860494323074818, 5.827338626167087, 0,-4.860498011112213, 5.827343629320257, 0,-4.860503040254116, 5.827348298929842, 0,-4.860503040254116, 5.827348298929842, 0,-4.860508069396019, 5.827353302082911, 0,-4.860508069396019, 5.827353302082911, 0,-4.86051544547081, 5.827359305866561, 0,-4.860521145164967, 5.827364642563089, 0,-4.8605261743068695, 5.827368645085437, 0,-4.8605261743068695, 5.827368645085437, 0,-4.860534220933914, 5.827373314694806, 0,-4.860540926456451, 5.827377984304149, 0,-4.860540926456451, 5.827377984304149, 0,-4.860548637807369, 5.827380652652329, 0,-4.860563389956951, 5.827391659588412, 0,-4.860570430755615, 5.827396662741112, 0,-4.8605794832110405, 5.827403000067789, 0,-4.860588200390339, 5.827408336763897, 0,-4.860588200390339, 5.827408336763897, 0,-4.86060194671154, 5.827416341807945, 0,-4.86060194671154, 5.827416341807945, 0,-4.860609322786331, 5.827426014569377, 0,-4.860621392726898, 5.8274446930047255, 0,-4.860621392726898, 5.8274446930047255, 0,-4.860626421868801, 5.827455699939561, 0,-4.860640838742256, 5.827473044200081, 0,-4.860640838742256, 5.827473044200081, 0,-4.860646203160286, 5.827481716330131, 0,-4.860659949481487, 5.827500061220201, 0,-4.860665984451771, 5.827507399176058, 0,-4.860671684145927, 5.827513402958054, 0,-4.860674701631069, 5.827518072566214, 0,-4.860674701631069, 5.827518072566214, 0,-4.860680066049099, 5.827523075717794, 0,-4.860684089362621, 5.827528078869324, 0,-4.86068744212389, 5.827532081390502, 0,-4.860691465437412, 5.827538085172231, 0,-4.860696494579315, 5.827544422497329, 0,-4.8607005178928375, 5.8275487585618135, 0,-4.860707558691502, 5.827552093996022, 0,-4.86071091145277, 5.827557430690693, 0,-4.860713928937912, 5.827562433841917, 0,-4.860717281699181, 5.827567770536511, 0,-4.86072164028883, 5.827574107861267, 0,-4.86072164028883, 5.827574107861267, 0,-4.860734716057777, 5.8275894508577375, 0,-4.8607417568564415, 5.827596788812424, 0,-4.8607417568564415, 5.827596788812424, 0,-4.860752150416374, 5.827602459050071, 0,-4.860758855938911, 5.827610130547975, 0,-4.860777631402016, 5.827638148191602, 0,-4.860781654715538, 5.827644485515556, 0,-4.860784336924553, 5.827659161423403, 0,-4.860784336924553, 5.827659161423403, 0,-4.860788360238075, 5.827663831030354, 0,-4.860792048275471, 5.82766850063728, 0,-4.860795401036739, 5.827674504417545, 0,-4.860795401036739, 5.827674504417545, 0,-4.8607997596263885, 5.827682509457815, 0,-4.860803112387657, 5.82769184867131, 0,-4.860803112387657, 5.82769184867131, 0,-4.860808476805687, 5.827699186624661, 0,-4.860812835395336, 5.827706191034578, 0,-4.860817529261112, 5.82771519670436, 0,-4.860817529261112, 5.82771519670436, 0,-4.860827587544918, 5.827734875760035, 0,-4.8608312755823135, 5.827744882059265, 0,-4.8608312755823135, 5.827744882059265, 0,-4.860844686627388, 5.827763560484016, 0,-4.860856756567955, 5.827781905364862, 0,-4.860867150127888, 5.827792245206545, 0,-4.860875532031059, 5.8277885762304935, 0,-4.860887937247753, 5.827780904735019, 0,-4.860895648598671, 5.827777235758903, 0,-4.860905036330223, 5.827773233239456, 0,-4.8609137535095215, 5.827767229460246, 0,-4.860920459032059, 5.827761559224253, 0,-4.860920459032059, 5.827761559224253, 0,-4.860928505659103, 5.827756222531517, 0,-4.860928505659103, 5.827756222531517, 0,-4.860934875905514, 5.827754221271716, 0,-4.860941916704178, 5.8277522200119165, 0,-4.860950633883476, 5.827749551665516, 0,-4.860950633883476, 5.827749551665516, 0,-4.860958009958267, 5.827742880799439, 0,-4.860963374376297, 5.8277358763899665, 0,-4.860963374376297, 5.8277358763899665, 0,-4.860970750451088, 5.827718198594257, 0,-4.860975444316864, 5.827709192924527, 0,-4.860981144011021, 5.8277021885146345, 0,-4.860987849533558, 5.827697852451333, 0,-4.860987849533558, 5.827697852451333, 0,-4.860992208123207, 5.82769184867131, 0,-4.860993213951588, 5.827684177174512, 0,-4.860993213951588, 5.827684177174512, 0,-4.860991537570953, 5.8276755050475915, 0,-4.8609908670187, 5.827664831660426, 0,-4.8609908670187, 5.827664831660426, 0,-4.860987849533558, 5.827654491816402, 0,-4.860986843705177, 5.827636814018122, 0,-4.860990531742573, 5.827629809607339, 0,-4.860993884503841, 5.827620803936184, 0,-4.860993884503841, 5.827620803936184, 0,-4.860999248921871, 5.827611464721518, 0,-4.861001931130886, 5.827599123616167, 0,-4.86100360751152, 5.827588116684143, 0,-4.86100360751152, 5.827588116684143, 0,-4.861004948616028, 5.827576442665099, 0,-4.861004948616028, 5.827576442665099, 0,-4.861006289720535, 5.8275647686458125, 0,-4.861009307205677, 5.8275567636038765, 0,-4.861012659966946, 5.827549759192089, 0,-4.861015006899834, 5.827541754149924, 0,-4.861016348004341, 5.8275347497379455, 0,-4.861016348004341, 5.8275347497379455, 0,-4.861016683280468, 5.827526744695577, 0,-4.861020036041737, 5.827511401697389, 0,-4.8610227182507515, 5.827503730198136, 0,-4.86102607101202, 5.827494390981512, 0,-4.861032105982304, 5.827488053655865, 0,-4.861032105982304, 5.827488053655865, 0,-4.861039146780968, 5.82748305050398, 0,-4.8610445111989975, 5.827476713178194, 0,-4.861049875617027, 5.827470042308873, 0,-4.861049875617027, 5.827470042308873, 0,-4.861053563654423, 5.8274633714394755, 0,-4.861059598624706, 5.827455699939561, 0,-4.861059598624706, 5.827455699939561, 0,-4.861064963042736, 5.827448028439558, 0,-4.861067309975624, 5.8274393563089735, 0,-4.861070327460766, 5.827430684178261, 0,-4.861073344945908, 5.82742234559092, 0,-4.861073344945908, 5.82742234559092, 0,-4.861077703535557, 5.827402332980782, 0,-4.861083067953587, 5.827381319739362, 0,-4.861084744334221, 5.827373648238341, 0,-4.861088432371616, 5.827366643824263, 0,-4.861088432371616, 5.827366643824263, 0,-4.861094802618027, 5.827360306497154, 0,-4.861100502312183, 5.8273536356264595, 0,-4.861111231148243, 5.827338959710635, 0,-4.861111231148243, 5.827338959710635, 0,-4.861114583909512, 5.827329620491263, 0,-4.861116595566273, 5.827322282533089, 0,-4.8611172661185265, 5.827313943944132, 0,-4.8611172661185265, 5.827313943944132, 0,-4.861114583909512, 5.82730460472434, 0,-4.861116260290146, 5.827287260458642, 0,-4.861118607223034, 5.827277921238404, 0,-4.861121624708176, 5.827267914930854, 0,-4.861121624708176, 5.827267914930854, 0,-4.861127659678459, 5.827248235858819, 0,-4.861130341887474, 5.8272365618327004, 0,-4.8611340299248695, 5.827225888437177, 0,-4.86113503575325, 5.827215548585073, 0,-4.8611390590667725, 5.8272055422764035, 0,-4.8611390590667725, 5.8272055422764035, 0,-4.861138723790646, 5.8271942017930325, 0,-4.861138723790646, 5.8271942017930325, 0,-4.861139729619026, 5.827176190436625, 0,-4.861139729619026, 5.827176190436625, 0,-4.861141070723534, 5.8271678518455055, 0,-4.861140735447407, 5.827159846797907, 0,-4.861140735447407, 5.827159846797907, 0,-4.861146435141563, 5.827142502527706, 0,-4.861146435141563, 5.827142502527706, 0,-4.861148111522198, 5.827133830392415, 0,-4.861149787902832, 5.827124157625957, 0,-4.861149787902832, 5.827124157625957, 0,-4.861151799559593, 5.827115485490386, 0,-4.861154481768608, 5.827104812092572, 0,-4.861154481768608, 5.827104812092572, 0,-4.86115850508213, 5.827094138694541, 0,-4.861159846186638, 5.827085466558499, 0,-4.861159846186638, 5.827085466558499, 0,-4.861160181462765, 5.827074459616411, 0,-4.861160181462765, 5.827074459616411, 0,-4.861156493425369, 5.827067788742307, 0,-4.8611534759402275, 5.827060117236986, 0,-4.8611558228731155, 5.827048443206962, 0,-4.8611558228731155, 5.827048443206962, 0,-4.861154481768608, 5.82703643563297, 0,-4.861156158149242, 5.827026095777382, 0,-4.86115850508213, 5.827017090096544, 0,-4.86115850508213, 5.827017090096544, 0,-4.861161187291145, 5.82700641669686, 0,-4.861161187291145, 5.82700641669686, 0,-4.86116286367178, 5.826996076840711, 0,-4.861164540052414, 5.826988071790671, 0,-4.861168228089809, 5.826980400284268, 0,-4.861168563365936, 5.826980066740504, 0,-4.861170910298824, 5.826972061690222, 0,-4.861170910298824, 5.826972061690222, 0,-4.861172586679459, 5.8269627224647556, 0,-4.861177951097488, 5.826954050326678, 0,-4.861177951097488, 5.826954050326678, 0,-4.861185662448406, 5.826944377557129, 0,-4.861185662448406, 5.826944377557129, 0,-4.861190356314182, 5.826935705418784, 0,-4.861199073493481, 5.826927700367866, 0,-4.861206449568272, 5.826921696579624, 0,-4.861206449568272, 5.826921696579624, 0,-4.861212819814682, 5.826912690897108, 0,-4.861219190061092, 5.826908354827699, 0,-4.861223548650742, 5.826902351039241, 0,-4.861225225031376, 5.8268933453564316, 0,-4.861226566135883, 5.826883672585827, 0,-4.861226566135883, 5.826883672585827, 0,-4.861227571964264, 5.826873666271241, 0,-4.861228913068771, 5.826864660587974, 0,-4.861228913068771, 5.826864660587974, 0,-4.861229583621025, 5.826854987816886, 0,-4.861228913068771, 5.826843980870282, 0,-4.861228242516518, 5.826833641011143, 0,-4.861231260001659, 5.826816296730866, 0,-4.861231260001659, 5.826816296730866, 0,-4.861231930553913, 5.826806623958951, 0,-4.861231930553913, 5.826806290415084, 0,-4.86123763024807, 5.826785944239121, 0,-4.86123763024807, 5.826785944239121, 0,-4.861245006322861, 5.826759594272409, 0,-4.861246347427368, 5.8267475866922345, 0,-4.86125472933054, 5.826728241145872, 0,-4.86125472933054, 5.826728241145872, 0,-4.8612577468156815, 5.826719569004181, 0,-4.861263781785965, 5.826710229774504, 0,-4.861263781785965, 5.826710229774504, 0,-4.861265458166599, 5.826697888649356, 0,-4.86126646399498, 5.826673206398222, 0,-4.8612624406814575, 5.826648857689974, 0,-4.8612624406814575, 5.826648857689974, 0,-4.861258752644062, 5.8266401855470615, 0,-4.861258752644062, 5.8266401855470615, 0,-4.861255064606667, 5.826627177332426, 0,-4.861249029636383, 5.826618505189171, 0,-4.861249029636383, 5.826618505189171, 0,-4.861243665218353, 5.826611500765666, 0,-4.861242659389973, 5.826604162798104, 0,-4.8612429946660995, 5.826604162798104, 0,-4.861239977180958, 5.826597825462407, 0,-4.861239977180958, 5.826597825462407, 0,-4.861237965524197, 5.826590153950674, 0,-4.861237965524197, 5.826590153950674, 0,-4.86123863607645, 5.826580814718847, 0,-4.86123863607645, 5.826580814718847, 0,-4.861238971352577, 5.826570808398867, 0,-4.861239306628704, 5.826562136254746, 0,-4.861239306628704, 5.826562136254746, 0,-4.861239977180958, 5.826551129302379, 0,-4.861238971352577, 5.826538788173746, 0,-4.861238971352577, 5.826538788173746, 0,-4.861234277486801, 5.826526780588838, 0,-4.861234277486801, 5.826526780588838, 0,-4.86123226583004, 5.826516440723861, 0,-4.861231260001659, 5.826507435034856, 0,-4.861231260001659, 5.826507435034856, 0,-4.86123226583004, 5.8264997635218885, 0,-4.86123226583004, 5.8264997635218885, 0,-4.861230589449406, 5.826487088848053, 0,-4.86122589558363, 5.8264834198634645, 0,-4.86122589558363, 5.8264834198634645, 0,-4.8612212017178535, 5.826478750246691, 0,-4.861217178404331, 5.826475081262052, 0,-4.861216172575951, 5.8264707451892725, 0,-4.861216843128204, 5.826466075572386, 0,-4.861214496195316, 5.8264564027944274, 0,-4.861214496195316, 5.8264564027944274, 0,-4.861213490366936, 5.8264453958399995, 0,-4.861213155090809, 5.826444061663695, 0,-4.861213155090809, 5.8264350559735325, 0,-4.861214496195316, 5.826426050283217, 0,-4.861214496195316, 5.826426050283217, 0,-4.861211813986301, 5.826416377504572, 0,-4.861208125948906, 5.826405037005273, 0,-4.861208125948906, 5.826405037005273, 0,-4.861208461225033, 5.826397031946798, 0,-4.861211478710175, 5.8263900275205325, 0,-4.861211478710175, 5.8263900275205325, 0,-4.861213490366936, 5.826379687653035, 0,-4.861213825643063, 5.826373016770686, 0,-4.861213825643063, 5.826373016770686, 0,-4.861211143434048, 5.826364011079379, 0,-4.861211143434048, 5.826354338299665, 0,-4.861211143434048, 5.826354338299665, 0,-4.861211143434048, 5.826345666152198, 0,-4.861211143434048, 5.826345666152198, 0,-4.86120879650116, 5.826335993372166, 0,-4.8612091317772865, 5.8263246528712385, 0,-4.861208461225033, 5.826311978193447, 0,-4.861208461225033, 5.826311978193447, 0,-4.861208125948906, 5.826299970603692, 0,-4.861208125948906, 5.826299970603692, 0,-4.861207120120525, 5.826289297190383, 0,-4.8612067848443985, 5.8262779566885, 0,-4.8612067848443985, 5.8262779566885, 0,-4.861207455396652, 5.82626761681893, 0,-4.861212484538555, 5.82625894467014, 0,-4.861219525337219, 5.826249938977, 0,-4.861223213374615, 5.826240933283708, 0,-4.861225225031376, 5.826230926957672, 0,-4.861225225031376, 5.826221921264101, 0,-4.861225225031376, 5.826221921264101, 0,-4.86122589558363, 5.826214583291437, 0,-4.861230254173279, 5.826205577597586, 0,-4.861229248344898, 5.8261992402573854, 0,-4.8612285777926445, 5.826186232032547, 0,-4.8612285777926445, 5.826186232032547, 0,-4.861227236688137, 5.826178560515177, 0,-4.861227907240391, 5.826169221276518, 0,-4.86122589558363, 5.826159548493457, 0,-4.861222207546234, 5.826148541533203, 0,-4.861223883926868, 5.826138201661266, 0,-4.861223883926868, 5.826138201661266, 0,-4.861225225031376, 5.826126861156331, 0,-4.861225225031376, 5.826126861156331, 0,-4.861227571964264, 5.8261141864740855, 0,-4.861228242516518, 5.826104180145785, 0,-4.861225225031376, 5.826094507361593, 0,-4.861225225031376, 5.826094507361593, 0,-4.861224219202995, 5.82608683584299, 0,-4.861228913068771, 5.826079831412857, 0,-4.861228913068771, 5.826079831412857, 0,-4.861231595277786, 5.826071826349739, 0,-4.861230589449406, 5.8260624871093105, 0,-4.861230589449406, 5.8260624871093105, 0,-4.861231595277786, 5.826042807995024, 0,-4.861231595277786, 5.826042807995024, 0,-4.861230589449406, 5.826031467488155, 0,-4.861228913068771, 5.826022461791377, 0,-4.861228913068771, 5.826022461791377, 0,-4.861229248344898, 5.826012455461436, 0,-4.861228913068771, 5.826002449131329, 0,-4.861228242516518, 5.825990107990623, 0,-4.861228242516518, 5.825990107990623, 0,-4.861225560307503, 5.825978433938348, 0,-4.861223548650742, 5.825966426341469, 0,-4.861224219202995, 5.825954752288712, 0,-4.861224219202995, 5.825954752288712, 0,-4.86122589558363, 5.825941744058198, 0,-4.861225225031376, 5.825930737093682, 0,-4.861219525337219, 5.825921064306512, 0,-4.861219525337219, 5.825921064306512, 0,-4.861211143434048, 5.825912392152354, 0,-4.861211143434048, 5.825912392152354, 0,-4.8612067848443985, 5.825902719364854, 0,-4.8612067848443985, 5.825902719364854, 0,-4.861200414597988, 5.8258950478436295, 0,-4.861200414597988, 5.8258950478436295, 0,-4.861195050179958, 5.825887042777878, 0,-4.861195050179958, 5.825887042777878, 0,-4.861188679933548, 5.825880038345264, 0,-4.861188679933548, 5.825880038345264, 0,-4.861184321343899, 5.825872033279295, 0,-4.861182980239391, 5.825865028846491, 0,-4.861181303858757, 5.825856690235892, 0,-4.861181303858757, 5.825856690235892, 0,-4.861177951097488, 5.825847350991877, 0,-4.861173927783966, 5.825837344658819, 0,-4.861171245574951, 5.825829673136704, 0,-4.861171245574951, 5.825829673136704, 0,-4.861163534224033, 5.8258136630032284, 0,-4.861157834529877, 5.825807992747504, 0,-4.861153811216354, 5.825799654136066, 0,-4.861149117350578, 5.825790981980025, 0,-4.861149117350578, 5.825790981980025, 0,-4.861144758760929, 5.825782309823857, 0,-4.86114040017128, 5.82577363766756, 0,-4.86114040017128, 5.82577363766756, 0,-4.861136712133884, 5.825763964877681, 0,-4.8611316829919815, 5.825752957909666, 0,-4.8611316829919815, 5.825752957909666, 0,-4.861124642193317, 5.82574195094146, 0,-4.861124642193317, 5.82574195094146, 0,-4.861116260290146, 5.825732945240038, 0,-4.861098155379295, 5.825718936370866, 0,-4.861098155379295, 5.825718936370866, 0,-4.8610904440283775, 5.8257122654806555, 0,-4.8610904440283775, 5.8257122654806555, 0,-4.861083403229713, 5.825705261045853, 0,-4.861075356602669, 5.8256989237000045, 0,-4.861075356602669, 5.8256989237000045, 0,-4.861066974699497, 5.825690251542411, 0,-4.861066974699497, 5.825690251542411, 0,-4.861058592796326, 5.825682580018285, 0,-4.861058592796326, 5.825682580018285, 0,-4.861050881445408, 5.825678577483902, 0,-4.861050881445408, 5.825678577483902, 0,-4.861041828989983, 5.825673907860438, 0,-4.861041828989983, 5.825673907860438, 0,-4.861032105982304, 5.8256675705142325, 0,-4.861032105982304, 5.8256675705142325, 0,-4.8610227182507515, 5.825659231900696, 0,-4.861015006899834, 5.825653228098892, 0,-4.861006960272789, 5.825646557207892, 0,-4.861006960272789, 5.825646557207892, 0,-4.8610009253025055, 5.825642888217807, 0,-4.8610009253025055, 5.825642888217807, 0,-4.860994219779968, 5.825639886316829, 0,-4.8609865084290504, 5.8256355502376, 0,-4.860978461802006, 5.825628879346397, 0,-4.860978461802006, 5.825628879346397, 0,-4.860970415174961, 5.825624543267078, 0,-4.860970415174961, 5.825624543267078, 0,-4.860950969159603, 5.825614536930063, 0,-4.860950969159603, 5.825614536930063, 0,-4.860942251980305, 5.82561020085063, 0,-4.860942251980305, 5.82561020085063, 0,-4.860935881733894, 5.82560619831575, 0,-4.860929511487484, 5.825600528057939, 0,-4.860921464860439, 5.825597859701298, 0,-4.860913418233395, 5.8255948578000645, 0,-4.860895648598671, 5.825584517917925, 0,-4.860887266695499, 5.825575178669393, 0,-4.860880225896835, 5.825566172965287, 0,-4.8608725145459175, 5.825558834984061, 0,-4.8608627915382385, 5.82555116345813, 0,-4.860852733254433, 5.825542157753629, 0,-4.860844016075134, 5.825535486861331, 0,-4.860844016075134, 5.825535486861331, 0,-4.860835634171963, 5.825531150781288, 0,-4.860825575888157, 5.825531150781288, 0,-4.860825575888157, 5.825531150781288, 0,-4.860817864537239, 5.825526814701219, 0,-4.860810153186321, 5.825519476719484, 0,-4.860804118216038, 5.825515140639314, 0,-4.860797077417374, 5.825511138103747, 0,-4.860789701342583, 5.825508136202056, 0,-4.860781989991665, 5.8255051343003394, 0,-4.860774949193001, 5.825499130496869, 0,-4.860774949193001, 5.825499130496869, 0,-4.8607658967375755, 5.8254951279612, 0,-4.8607658967375755, 5.8254951279612, 0,-4.860752150416374, 5.82548845706833, 0,-4.860745444893837, 5.825480785541445, 0,-4.86073974519968, 5.82547278046979, 0,-4.860733710229397, 5.82546410830871, 0,-4.860733710229397, 5.82546410830871, 0,-4.860725998878479, 5.825455769692159, 0,-4.860715940594673, 5.82544909879883, 0,-4.860705882310867, 5.825444762718113, 0,-4.860705882310867, 5.825444762718113, 0,-4.860696829855442, 5.825443762084097, 0,-4.860690459609032, 5.825446096896796, 0,-4.860690459609032, 5.825446096896796, 0,-4.860681742429733, 5.825449765888166, 0,-4.860674366354942, 5.825454769058168, 0,-4.860674366354942, 5.825454769058168, 0,-4.8606666550040245, 5.825456436781481, 0,-4.8606666550040245, 5.825456436781481, 0,-4.8606592789292336, 5.825455769692159, 0,-4.8606522381305695, 5.825455769692159, 0,-4.8606522381305695, 5.825455769692159, 0,-4.860643520951271, 5.825452767790162, 0,-4.8606327921152115, 5.825446763986144, 0,-4.860623739659786, 5.825440760182049, 0,-4.860616363584995, 5.825441093726718, 0,-4.860609322786331, 5.825439759548021, 0,-4.860609322786331, 5.825439759548021, 0,-4.860599264502525, 5.8254367576459485, 0,-4.860599264502525, 5.8254367576459485, 0,-4.860587865114212, 5.825436424101269, 0,-4.8605771362781525, 5.825435089922572, 0,-4.8605771362781525, 5.825435089922572, 0,-4.860566072165966, 5.825433088654503, 0,-4.860566072165966, 5.825433088654503, 0,-4.860554672777653, 5.82542908611835, 0,-4.860554672777653, 5.82542908611835, 0,-4.860544614493847, 5.825423415858759, 0,-4.860535562038422, 5.82541574433097, 0,-4.860535562038422, 5.82541574433097, 0,-4.860519133508205, 5.825406071534933, 0,-4.860519133508205, 5.825406071534933, 0,-4.860508739948273, 5.825404070266762, 0,-4.860508739948273, 5.825404070266762, 0,-4.860498681664467, 5.8254014019091915, 0,-4.860498681664467, 5.8254014019091915, 0,-4.860486276447773, 5.825397732917516, 0,-4.860473200678825, 5.825394063925816, 0,-4.860463477671146, 5.825392062657606, 0,-4.860463477671146, 5.825392062657606, 0,-4.8604534193873405, 5.825389060755266, 0,-4.8604534193873405, 5.825389060755266, 0,-4.860443361103535, 5.82538572530822, 0,-4.860435985028744, 5.825382056316443, 0,-4.860435985028744, 5.825382056316443, 0,-4.860427938401699, 5.825377720235217, 0,-4.860427938401699, 5.825377720235217, 0,-4.860418550670147, 5.825373384153952, 0,-4.860408827662468, 5.825370382251523, 0,-4.860397428274155, 5.825368380983237, 0,-4.860397428274155, 5.825368380983237, 0,-4.8603880405426025, 5.825371049340948, 0,-4.860378988087177, 5.82537605251165, 0,-4.860378988087177, 5.82537605251165, 0,-4.860367923974991, 5.825380388592889, 0,-4.860367923974991, 5.825380388592889, 0,-4.860357195138931, 5.825383724039973, 0,-4.860357195138931, 5.825383724039973, 0,-4.860350824892521, 5.825390061389384, 0,-4.860345795750618, 5.825399067096314, 0,-4.860345795750618, 5.825399067096314, 0,-4.860338754951954, 5.82541007407125, 0,-4.860338754951954, 5.82541007407125, 0,-4.860330708324909, 5.825418079143783, 0,-4.860330708324909, 5.825418079143783, 0,-4.860319308936596, 5.825424416492799, 0,-4.860319308936596, 5.825424416492799, 0,-4.860309921205044, 5.825427084850255, 0,-4.860291481018066, 5.825426751305588, 0,-4.860291481018066, 5.825426751305588, 0,-4.8602841049432755, 5.825429419663031, 0,-4.860259294509888, 5.825435089922572, 0,-4.860259294509888, 5.825435089922572, 0,-4.860248230397701, 5.8254360905566, 0,-4.860248230397701, 5.8254360905566, 0,-4.860240183770657, 5.825437091190629, 0,-4.860240183770657, 5.825437091190629, 0,-4.8602331429719925, 5.825442761450094, 0,-4.860212691128254, 5.825444429173445, 0,-4.860203638672829, 5.825443762084097, 0,-4.860197603702545, 5.825446096896796, 0,-4.860197603702545, 5.825446096896796, 0,-4.860180504620075, 5.825445763352128, 0,-4.860171116888523, 5.825443762084097, 0,-4.860162399709225, 5.825442094360733, 0,-4.860153011977673, 5.825437424735309, 0,-4.860153011977673, 5.825437424735309, 0,-4.860140606760979, 5.825433755743863, 0,-4.860129877924919, 5.825430420297072, 0,-4.860119484364986, 5.825425750671534, 0,-4.8601084202528, 5.825421748135343, 0,-4.860098026692867, 5.8254194133225425, 0,-4.860098026692867, 5.8254194133225425, 0,-4.8600852862000465, 5.825420747501277, 0,-4.8600755631923676, 5.825420080411904, 0,-4.860066846013069, 5.825420080411904, 0,-4.86005712300539, 5.825418412688476, 0,-4.860049411654472, 5.825413409518156, 0,-4.860040359199047, 5.82541140825001, 0,-4.860030636191368, 5.825412075339384, 0,-4.860029295086861, 5.82541274242877, 0,-4.860020913183689, 5.8254140766075295, 0,-4.86001119017601, 5.8254194133225425, 0,-4.86001119017601, 5.8254194133225425, 0,-4.860000126063824, 5.825422748769385, 0,-4.860000126063824, 5.825422748769385, 0,-4.859989397227764, 5.825427751939629, 0,-4.859984368085861, 5.825434756377891, 0,-4.859977327287197, 5.825442761450094, 0,-4.859967939555645, 5.825451100066823, 0,-4.8599595576524734, 5.825459438683452, 0,-4.8599595576524734, 5.825459438683452, 0,-4.859952516853809, 5.82546777729994, 0,-4.859943464398384, 5.825473114014445, 0,-4.859943464398384, 5.825473114014445, 0,-4.8599350824952126, 5.825479784907492, 0,-4.859930723905563, 5.825486789345106, 0,-4.859930723905563, 5.825486789345106, 0,-4.859925359487534, 5.825491458970136, 0,-4.859917983412743, 5.825494127327273, 0,-4.8599132895469666, 5.825496795684399, 0,-4.8599132895469666, 5.825496795684399, 0,-4.859909601509571, 5.825502465943253, 0,-4.8599062487483025, 5.8255098039252164, 0,-4.8599062487483025, 5.8255098039252164, 0,-4.859899543225765, 5.82552047735336, 0,-4.8598891496658325, 5.825528148879699, 0,-4.85987976193428, 5.825537488129032, 0,-4.85987976193428, 5.825537488129032, 0,-4.85987339168787, 5.825544492565921, 0,-4.859870038926601, 5.825552497636558, 0,-4.859870038926601, 5.825552497636558, 0,-4.859868697822094, 5.825562503974693, 0,-4.859871715307236, 5.825572843857228, 0,-4.859871715307236, 5.825572843857228, 0,-4.859872050583363, 5.825583183739584, 0,-4.859872050583363, 5.825592189443411, 0,-4.859872050583363, 5.825592189443411, 0,-4.85987339168787, 5.825600861602518, 0,-4.859874062240124, 5.825609200216907, 0,-4.859874062240124, 5.825609200216907, 0,-4.859878420829773, 5.8256172052866155, 0,-4.859882444143295, 5.825626210989895, 0,-4.859882444143295, 5.825626210989895, 0,-4.859888143837452, 5.825633548970242, 0,-4.859893172979355, 5.825641887584161, 0,-4.859895184636116, 5.825651560376151, 0,-4.859895184636116, 5.825651560376151, 0,-4.859894514083862, 5.825663901524288, 0,-4.859892502427101, 5.825677910394846, 0,-4.859888143837452, 5.82568925090884, 0,-4.859888143837452, 5.82568925090884, 0,-4.859882444143295, 5.825699590789047, 0,-4.859877415001392, 5.82571193193614, 0,-4.859874397516251, 5.825721938271425, 0,-4.859875403344631, 5.825733945873532, 0,-4.859874397516251, 5.825742951574941, 0,-4.8598747327923775, 5.825752957909666, 0,-4.8598747327923775, 5.825752957909666, 0,-4.859875068068504, 5.825761963610782, 0,-4.859876073896885, 5.8257716364007, 0,-4.859876073896885, 5.825782643368333, 0,-4.859876073896885, 5.825782643368333, 0,-4.859876073896885, 5.825791982613417, 0,-4.859877415001392, 5.825802989580657, 0,-4.859877750277519, 5.825814330092131, 0,-4.859879091382027, 5.825827338325595, 0,-4.859880767762661, 5.825839345925439, 0,-4.859880767762661, 5.825839345925439, 0,-4.8598787561059, 5.8258523541583305, 0,-4.859874062240124, 5.8258630275799606, 0,-4.859874062240124, 5.8258630275799606, 0,-4.85986802726984, 5.8258730339125355, 0,-4.859866686165333, 5.8258843744226105, 0,-4.859866350889206, 5.8258950478436295, 0,-4.859866350889206, 5.8258950478436295, 0,-4.859863668680191, 5.825906388353234, 0,-4.859863668680191, 5.825906388353234, 0,-4.859860315918922, 5.82591572759627, 0,-4.859860651195049, 5.825926401016692, 0,-4.859860651195049, 5.825926401016692, 0,-4.859864003956318, 5.825936740892534, 0,-4.859867691993713, 5.825946747223812, 0,-4.859867691993713, 5.825946747223812, 0,-4.859874397516251, 5.825966426341469, 0,-4.859882108867168, 5.825973764317377, 0,-4.859894849359989, 5.825978100393998, 0,-4.859905913472176, 5.825978433938348, 0,-4.859918653964996, 5.825977766849649, 0,-4.859918653964996, 5.825977766849649, 0,-4.859929718077183, 5.825980101660122, 0,-4.859929718077183, 5.825980101660122, 0,-4.859941117465496, 5.825981769381882, 0,-4.859951846301556, 5.825982102926232, 0,-4.859951846301556, 5.825982102926232, 0,-4.859960563480854, 5.825982770014944, 0,-4.859967939555645, 5.825982770014944, 0,-4.859977327287197, 5.825978433938348, 0,-4.859985709190369, 5.825971095962516, 0,-4.859985709190369, 5.825971095962516, 0,-4.859993755817413, 5.825965425708382, 0,-4.860002137720585, 5.8259577541880105, 0,-4.860011860728264, 5.825953751655599, 0,-4.860020577907562, 5.825951416845012, 0,-4.860020577907562, 5.825951416845012, 0,-4.860031642019749, 5.825952751022499, 0,-4.8600417003035545, 5.825956753554911, 0,-4.86005175858736, 5.8259597554542095, 0,-4.860052764415741, 5.825960088998572, 0,-4.860060140490532, 5.825962757353484, 0,-4.860071204602718, 5.8259660927971195, 0,-4.860071204602718, 5.8259660927971195, 0,-4.860082603991032, 5.825970762418154, 0,-4.860091656446457, 5.8259747649504385, 0,-4.860091656446457, 5.8259747649504385, 0,-4.860100708901882, 5.8259747649504385, 0,-4.860110096633434, 5.825971763051228, 0,-4.860121160745621, 5.8259674269745565, 0,-4.860121160745621, 5.8259674269745565, 0,-4.860132560133934, 5.8259660927971195, 0,-4.860132560133934, 5.8259660927971195, 0,-4.860144630074501, 5.825967760518918, 0,-4.860153682529926, 5.825971095962516, 0,-4.860163405537605, 5.825976099127862, 0,-4.860174469649792, 5.825981102293183, 0,-4.860183522105217, 5.825984771281042, 0,-4.860202632844448, 5.825996445333189, 0,-4.860202632844448, 5.825996445333189, 0,-4.860210344195366, 5.826001782042655, 0,-4.860210344195366, 5.826001782042655, 0,-4.860218055546284, 5.826005784574724, 0,-4.860218055546284, 5.826005784574724, 0,-4.860224090516567, 5.826011454828451, 0,-4.860230460762978, 5.826017125082101, 0,-4.8602344840765, 5.826022461791377, 0,-4.8602344840765, 5.826022461791377, 0,-4.860238842666149, 5.826029132677899, 0,-4.860244877636433, 5.826034135842736, 0</coordinates>
                </LinearRing>
            </outerBoundaryIs>
        </Polygon>
    </MultiGeometry>
  </Placemark><Placemark>
	<Style><LineStyle><color>ff0000ff</color></LineStyle><PolyStyle><fill>0</fill></PolyStyle></Style>
	<ExtendedData><SchemaData schemaUrl="#programmeband_1">
		<SimpleData name="N°">27</SimpleData>
		<SimpleData name="Cooperative">COOP CA SCAAB</SimpleData>
		<SimpleData name="Code_CCC">COOP CA SCAAB</SimpleData>
		<SimpleData name="Code_Producteur">SCAAB-TIA-158</SimpleData>
		<SimpleData name="Code_Parcelle">SCAAB-TIA-158-P1</SimpleData>
		<SimpleData name="Section">TIASSALE</SimpleData>
		<SimpleData name="Localite">TIASSALE</SimpleData>
		<SimpleData name="Sous-Prefecture">TIASSALE</SimpleData>
		<SimpleData name="Region ">AGNEBY-TIASSA</SimpleData>
		<SimpleData name="Nom">MA</SimpleData>
		<SimpleData name="Prenoms">DOMINIQUE</SimpleData>
		<SimpleData name="Genre">Homme</SimpleData>
		<SimpleData name="Programme">Mondelez</SimpleData>
		<SimpleData name="Departement"></SimpleData>
		<SimpleData name="Statut">Candidat</SimpleData>
	</SchemaData>
    </ExtendedData>
      <MultiGeometry>
        <Polygon>
            <outerBoundaryIs>
                <LinearRing>
                    <coordinates>-4.865616671741009, 5.825203276324296, 0,-4.865616671741009, 5.825203276324296, 0,-4.865616671741009, 5.825203276324296, 0,-4.865616671741009, 5.825203276324296, 0,-4.86565388739109, 5.825148574972044, 0,-4.865667968988419, 5.825129896460298, 0,-4.8656753450632095, 5.825121557838785, 0,-4.865681044757366, 5.825115554031204, 0,-4.8656827211380005, 5.8251138863068865, 0,-4.865683056414127, 5.825113552762016, 0,-4.865683391690254, 5.825113219217144, 0,-4.865683391690254, 5.825113219217144, 0,-4.865711554884911, 5.825095207793984, 0,-4.865727648139, 5.825086202082181, 0,-4.865740388631821, 5.825081198908896, 0,-4.865746758878231, 5.825077863460018, 0,-4.865746758878231, 5.825077863460018, 0,-4.865753129124641, 5.825075862190677, 0,-4.865754470229149, 5.825075195100896, 0,-4.865754805505276, 5.825075195100896, 0,-4.865755140781403, 5.825074861556012, 0,-4.865755140781403, 5.825074861556012, 0,-4.865755140781403, 5.825074861556012, 0,-4.865755140781403, 5.825074861556012, 0,-4.865755140781403, 5.825074861556012, 0,-4.865755140781403, 5.825074861556012, 0,-4.865755140781403, 5.825074861556012, 0,-4.865755140781403, 5.825074861556012, 0,-4.865755140781403, 5.825074861556012, 0,-4.865755140781403, 5.825074861556012, 0,-4.865755140781403, 5.825074861556012, 0,-4.865755140781403, 5.825074861556012, 0,-4.865755140781403, 5.825074861556012, 0,-4.865815490484238, 5.825037504527001, 0,-4.8658376187086105, 5.825020493736176, 0,-4.865850359201431, 5.825011488023165, 0,-4.8658570647239685, 5.825003482944843, 0,-4.8658570647239685, 5.825003482944843, 0,-4.86585907638073, 5.825001148130286, 0,-4.865859746932983, 5.825000147495495, 0,-4.865859746932983, 5.825000147495495, 0,-4.86586008220911, 5.825000147495495, 0,-4.865901656448841, 5.824981802523748, 0,-4.865928143262863, 5.824974464534889, 0,-4.865947254002094, 5.8249714626303355, 0,-4.8659613355994225, 5.824969794905559, 0,-4.865970723330975, 5.8249687942707045, 0,-4.865970723330975, 5.8249687942707045, 0,-4.865976423025131, 5.8249661259110725, 0,-4.865987151861191, 5.8249591214669705, 0,-4.865988157689571, 5.824958454377038, 0,-4.865988157689571, 5.824958454377038, 0,-4.865988157689571, 5.824958454377038, 0,-4.865988157689571, 5.824958454377038, 0,-4.865988157689571, 5.824958454377038, 0,-4.865988157689571, 5.824958454377038, 0,-4.866050183773041, 5.8249411100388615, 0,-4.866081699728966, 5.824936440409252, 0,-4.86608974635601, 5.824936773954238, 0,-4.866090081632137, 5.824936773954238, 0,-4.866090081632137, 5.824936773954238, 0,-4.866090081632137, 5.824936773954238, 0,-4.866090081632137, 5.824936773954238, 0,-4.866090081632137, 5.824936773954238, 0,-4.866090081632137, 5.824936773954238, 0,-4.866090081632137, 5.824936773954238, 0,-4.866090081632137, 5.824936773954238, 0,-4.866090081632137, 5.824936773954238, 0,-4.866090081632137, 5.824936773954238, 0,-4.866090081632137, 5.824936773954238, 0,-4.866090081632137, 5.824936773954238, 0,-4.866090081632137, 5.824936773954238, 0,-4.866090081632137, 5.824936773954238, 0,-4.866090081632137, 5.824936773954238, 0,-4.866165183484554, 5.824997145591069, 0,-4.866174906492233, 5.825006484849219, 0,-4.866180941462517, 5.825014156382605, 0,-4.866182617843151, 5.825016157652151, 0,-4.866182617843151, 5.825016157652151, 0,-4.866182953119278, 5.825016491197073, 0,-4.866183288395405, 5.825016824742008, 0,-4.866183288395405, 5.825016824742008, 0,-4.866183288395405, 5.825016824742008, 0,-4.866183288395405, 5.825016824742008, 0,-4.866183288395405, 5.825016824742008, 0,-4.866183288395405, 5.825016824742008, 0,-4.866183288395405, 5.825016824742008, 0,-4.866257049143314, 5.8250728602866575, 0,-4.866257049143314, 5.8250728602866575, 0,-4.866270124912262, 5.825081865998677, 0,-4.8662785068154335, 5.825090204620776, 0,-4.8662785068154335, 5.825090204620776, 0,-4.8662808537483215, 5.825092539434951, 0,-4.866281524300575, 5.825093206524706, 0,-4.866281524300575, 5.825093206524706, 0,-4.866281524300575, 5.825093206524706, 0,-4.866281859576702, 5.825093206524706, 0,-4.866281859576702, 5.825093206524706, 0,-4.866281859576702, 5.825093206524706, 0,-4.866281859576702, 5.825093206524706, 0,-4.866281859576702, 5.825093206524706, 0,-4.866281859576702, 5.825093206524706, 0,-4.86634187400341, 5.8251282287360056, 0,-4.866384789347649, 5.825150242696273, 0,-4.866388142108917, 5.825151576875656, 0,-4.866388142108917, 5.825151576875656, 0,-4.866388142108917, 5.825151576875656, 0,-4.866388142108917, 5.825151576875656, 0,-4.866388142108917, 5.825151576875656, 0,-4.866388142108917, 5.825151576875656, 0,-4.866388142108917, 5.825151576875656, 0,-4.866452515125275, 5.82521128139978, 0,-4.866462238132954, 5.825220954199188, 0,-4.8664722964167595, 5.825230626998418, 0,-4.866475313901901, 5.825233628901597, 0,-4.866476319730282, 5.8252346295359825, 0,-4.866476319730282, 5.8252346295359825, 0,-4.866476655006409, 5.82523496308079, 0,-4.866476655006409, 5.82523496308079, 0,-4.866476655006409, 5.82523496308079, 0,-4.866476655006409, 5.82523496308079, 0,-4.866476655006409, 5.82523496308079, 0,-4.866476655006409, 5.82523496308079, 0,-4.866476655006409, 5.82523496308079, 0,-4.8665302991867065, 5.825271653007108, 0,-4.866554103791714, 5.825288330245555, 0,-4.866585284471512, 5.825310677744319, 0,-4.866586290299892, 5.825311344833819, 0,-4.866586625576019, 5.825311678378564, 0,-4.866586625576019, 5.825311678378564, 0,-4.866586625576019, 5.825311678378564, 0,-4.866586625576019, 5.825311678378564, 0,-4.866586625576019, 5.825311678378564, 0,-4.866586625576019, 5.825311678378564, 0,-4.866586625576019, 5.825311678378564, 0,-4.866586625576019, 5.825311678378564, 0,-4.866586625576019, 5.825311678378564, 0,-4.866635575890541, 5.825350369568245, 0,-4.866635575890541, 5.825350369568245, 0,-4.866654351353645, 5.825370382251523, 0,-4.866654351353645, 5.825370382251523, 0,-4.866664074361324, 5.825381722771738, 0,-4.866672456264496, 5.825392062657606, 0,-4.866672456264496, 5.825392062657606, 0,-4.86667312681675, 5.825393063291698, 0,-4.866673462092876, 5.825393396836416, 0,-4.866673462092876, 5.825393396836416, 0,-4.866673462092876, 5.825393396836416, 0,-4.866718053817749, 5.825444095628777, 0,-4.866734147071838, 5.825463441219387, 0,-4.866738505661488, 5.82547077920186, 0,-4.8667432, 5.8254815, 0,-4.8667433, 5.8254817, 0,-4.8667433, 5.8254817, 0,-4.8667433, 5.8254817, 0,-4.866743199527264, 5.825481786175384, 0,-4.866743199527264, 5.825481786175384, 0,-4.866743199527264, 5.825481786175384, 0,-4.866743199527264, 5.825481786175384, 0,-4.866743199527264, 5.825481786175384, 0,-4.866743199527264, 5.825481786175384, 0,-4.866743199527264, 5.825481786175384, 0,-4.866743199527264, 5.825481786175384, 0,-4.866775721311569, 5.825539822941337, 0,-4.866787455976009, 5.825559835617873, 0,-4.86679382622242, 5.825574845124801, 0,-4.8667944967746735, 5.825576179303166, 0,-4.8667948320508, 5.825576512847758, 0,-4.8667948320508, 5.825576512847758, 0,-4.866795167326927, 5.825576846392349, 0,-4.866795167326927, 5.825576846392349, 0,-4.866795167326927, 5.825576846392349, 0,-4.866795167326927, 5.825576846392349, 0,-4.866795167326927, 5.825576846392349, 0,-4.866795167326927, 5.825576846392349, 0,-4.866795167326927, 5.825576846392349, 0,-4.866795167326927, 5.825576846392349, 0,-4.866795167326927, 5.825576846392349, 0,-4.866831377148628, 5.825626544534473, 0,-4.866856187582016, 5.8256602325343305, 0,-4.866864234209061, 5.825666903425152, 0,-4.866867251694202, 5.825668904692382, 0,-4.866867251694202, 5.825668904692382, 0,-4.866867922246456, 5.825669571781463, 0,-4.866868257522583, 5.825669905325991, 0,-4.866868257522583, 5.825669905325991, 0,-4.866868257522583, 5.825669905325991, 0,-4.866868257522583, 5.825669905325991, 0,-4.866868257522583, 5.825669905325991, 0,-4.866868257522583, 5.825669905325991, 0,-4.866868257522583, 5.825669905325991, 0,-4.866868257522583, 5.825669905325991, 0,-4.866868257522583, 5.825669905325991, 0,-4.866868257522583, 5.825669905325991, 0,-4.866868257522583, 5.825669905325991, 0,-4.866868257522583, 5.825669905325991, 0,-4.866868257522583, 5.825669905325991, 0,-4.866868257522583, 5.825669905325991, 0,-4.866868257522583, 5.825669905325991, 0,-4.866868257522583, 5.825669905325991, 0,-4.866868257522583, 5.825669905325991, 0,-4.866907149553299, 5.825724940171971, 0,-4.866907149553299, 5.825724940171971, 0,-4.86693162471056, 5.825753624998645, 0,-4.866944365203381, 5.82577263703413, 0,-4.866944365203381, 5.82577263703413, 0,-4.866950400173664, 5.8257846446351556, 0,-4.866952411830425, 5.825788313624299, 0,-4.866953082382679, 5.825789647802155, 0,-4.866953082382679, 5.825789647802155, 0,-4.866953082382679, 5.825789647802155, 0,-4.866953417658806, 5.825789981346633, 0,-4.866953417658806, 5.825789981346633, 0,-4.866953417658806, 5.825789981346633, 0,-4.866953417658806, 5.825789981346633, 0,-4.866953417658806, 5.825789981346633, 0,-4.866953417658806, 5.825789981346633, 0,-4.866953417658806, 5.825789981346633, 0,-4.866953417658806, 5.825789981346633, 0,-4.867007061839104, 5.82583000668113, 0,-4.867007061839104, 5.82583000668113, 0,-4.867025837302208, 5.8258480180807295, 0,-4.867032207548618, 5.8258583579580225, 0,-4.86703522503376, 5.825865362390903, 0,-4.86703522503376, 5.825865362390903, 0,-4.867036230862141, 5.825867363657434, 0,-4.8670365661382675, 5.825868030746273, 0,-4.8670365661382675, 5.825868364290699, 0,-4.8670365661382675, 5.825868364290699, 0,-4.8670365661382675, 5.825868364290699, 0,-4.8670365661382675, 5.825868364290699, 0,-4.8670365661382675, 5.825868364290699, 0,-4.8670365661382675, 5.825868364290699, 0,-4.8670365661382675, 5.825868364290699, 0,-4.8670365661382675, 5.825868364290699, 0,-4.8670365661382675, 5.825868364290699, 0,-4.867083169519901, 5.825918729495785, 0,-4.867083169519901, 5.825918729495785, 0,-4.867103286087513, 5.825942744691324, 0,-4.867114685475826, 5.825954752288712, 0,-4.867122061550617, 5.825965759252744, 0,-4.867124073207378, 5.825968761151993, 0,-4.867124743759632, 5.825969761785067, 0,-4.867124743759632, 5.825969761785067, 0,-4.867124743759632, 5.825969761785067, 0,-4.867125079035759, 5.825970095329442, 0,-4.867125079035759, 5.825970095329442, 0,-4.867125079035759, 5.825970095329442, 0,-4.867125079035759, 5.825970095329442, 0,-4.867125079035759, 5.825970095329442, 0,-4.867125079035759, 5.825970095329442, 0,-4.867125079035759, 5.825970095329442, 0,-4.867125079035759, 5.825970095329442, 0,-4.867125079035759, 5.825970095329442, 0,-4.867125079035759, 5.825970095329442, 0,-4.867125079035759, 5.825970095329442, 0,-4.867125079035759, 5.825970095329442, 0,-4.867160953581333, 5.82602546369032, 0,-4.867171011865139, 5.826043808627959, 0,-4.867171011865139, 5.826043808627959, 0,-4.8671730235219, 5.82605915166626, 0,-4.867173358798027, 5.82606115293209, 0,-4.867173358798027, 5.826061486476389, 0,-4.867173358798027, 5.8260618200207, 0,-4.867173358798027, 5.8260618200207, 0,-4.867173358798027, 5.8260618200207, 0,-4.867173358798027, 5.8260618200207, 0,-4.867173358798027, 5.8260618200207, 0,-4.867173358798027, 5.8260618200207, 0,-4.867173358798027, 5.8260618200207, 0,-4.867173358798027, 5.8260618200207, 0,-4.867173358798027, 5.8260618200207, 0,-4.867173358798027, 5.8260618200207, 0,-4.867173358798027, 5.8260618200207, 0,-4.867173358798027, 5.8260618200207, 0,-4.867173358798027, 5.8260618200207, 0,-4.867173358798027, 5.8260618200207, 0,-4.86716665327549, 5.826123859257934, 0,-4.867169000208378, 5.82615421178548, 0,-4.867169670760632, 5.826163884568642, 0,-4.867170006036758, 5.8261668864668215, 0,-4.867170006036758, 5.8261668864668215, 0,-4.867170006036758, 5.826168220643787, 0,-4.867170006036758, 5.826168220643787, 0,-4.867170006036758, 5.826168220643787, 0,-4.867170006036758, 5.826168220643787, 0,-4.867170006036758, 5.826168220643787, 0,-4.867170006036758, 5.826168220643787, 0,-4.867149218916893, 5.826239265562723, 0,-4.86713245511055, 5.826275955423434, 0,-4.8671116679906845, 5.826313645914215, 0,-4.867105968296528, 5.826327988312712, 0,-4.867103956639767, 5.826335326283874, 0,-4.8671019449830055, 5.826345666152198, 0,-4.8671019449830055, 5.826346333240465, 0,-4.867101609706879, 5.826346666784598, 0,-4.867101609706879, 5.826346666784598, 0,-4.867101609706879, 5.826346666784598, 0,-4.867101609706879, 5.826346666784598, 0,-4.867101609706879, 5.826346666784598, 0,-4.8670583590865135, 5.826392695873396, 0,-4.867025166749954, 5.826419712945498, 0,-4.867016784846783, 5.826422047754152, 0,-4.867014437913895, 5.8264230483864115, 0,-4.867013767361641, 5.8264230483864115, 0,-4.867013432085514, 5.826423381930507, 0,-4.867013432085514, 5.826423381930507, 0,-4.867013432085514, 5.826423381930507, 0,-4.866979569196701, 5.826447063560386, 0,-4.866979569196701, 5.826447063560386, 0,-4.866955764591694, 5.826466742660525, 0,-4.86692626029253, 5.826487755936167, 0,-4.866916202008724, 5.826494760361198, 0,-4.866910502314568, 5.8264997635218885, 0,-4.866903126239777, 5.826504766682527, 0,-4.8668937385082245, 5.826513105283507, 0,-4.8668863624334335, 5.826519109076125, 0,-4.866873286664486, 5.826533451469368, 0,-4.8668695986270905, 5.826536786909608, 0,-4.866865240037441, 5.826541456525909, 0,-4.866863898932934, 5.826542790701985, 0,-4.866863563656807, 5.82654312424599, 0,-4.866863563656807, 5.82654312424599, 0,-4.86686322838068, 5.8265434577900095, 0,-4.86686322838068, 5.8265434577900095, 0,-4.86686322838068, 5.8265434577900095, 0,-4.86686322838068, 5.8265434577900095, 0,-4.86686322838068, 5.8265434577900095, 0,-4.86686322838068, 5.8265434577900095, 0,-4.86680556088686, 5.826557133094603, 0,-4.866763316094875, 5.826567139414838, 0,-4.866754934191704, 5.826569140678849, 0,-4.866747558116913, 5.826573143206884, 0,-4.866738170385361, 5.82657948054286, 0,-4.866733476519585, 5.826585484334767, 0,-4.866726435720921, 5.826592155214609, 0,-4.866718053817749, 5.826594156478544, 0,-4.866708666086197, 5.82659649128646, 0,-4.866698607802391, 5.826602161534208, 0,-4.866684190928936, 5.826611167221698, 0,-4.86666776239872, 5.826617838101222, 0,-4.866663068532944, 5.82661817164519, 0,-4.8666563630104065, 5.826620506453004, 0,-4.866654351353645, 5.8266211735409525, 0,-4.866653680801392, 5.826621507084921, 0,-4.866653345525265, 5.826621840628901, 0,-4.866653345525265, 5.826621840628901, 0,-4.866653345525265, 5.826621840628901, 0,-4.866653345525265, 5.826621840628901, 0,-4.866653345525265, 5.826621840628901, 0,-4.866653345525265, 5.826621840628901, 0,-4.866653345525265, 5.826621840628901, 0,-4.866653345525265, 5.826621840628901, 0,-4.866653345525265, 5.826621840628901, 0,-4.866592660546303, 5.826606831149962, 0,-4.866558127105236, 5.826591821670616, 0,-4.866547733545303, 5.8265871520547465, 0,-4.866544716060162, 5.826585817878773, 0,-4.866543374955654, 5.826585150790786, 0,-4.866543374955654, 5.826585150790786, 0,-4.866543374955654, 5.826585150790786, 0,-4.866543374955654, 5.826585150790786, 0,-4.866543374955654, 5.826585150790786, 0,-4.866543374955654, 5.826585150790786, 0,-4.866543374955654, 5.826585150790786, 0,-4.866543374955654, 5.826585150790786, 0,-4.866483695805073, 5.826548794494285, 0,-4.866457208991051, 5.82653445210145, 0,-4.866446144878864, 5.82652444578063, 0,-4.866437427699566, 5.826514439459646, 0,-4.866436757147312, 5.826513438827551, 0,-4.866436757147312, 5.826513438827551, 0,-4.866436757147312, 5.826513438827551, 0,-4.866436757147312, 5.826513438827551, 0,-4.866436757147312, 5.826513438827551, 0,-4.866436757147312, 5.826513438827551, 0,-4.866436757147312, 5.826513438827551, 0,-4.866436757147312, 5.826513438827551, 0,-4.866436757147312, 5.826513438827551, 0,-4.8663827776908875, 5.8264790837907485, 0,-4.8663827776908875, 5.8264790837907485, 0,-4.86635897308588, 5.826465074940189, 0,-4.866345562040806, 5.826459404691055, 0,-4.866345562040806, 5.826459404691055, 0,-4.866337180137634, 5.8264564027944274, 0,-4.866334497928619, 5.826455402162218, 0,-4.866333492100239, 5.826455068618149, 0,-4.866333492100239, 5.826455068618149, 0,-4.866333492100239, 5.826455068618149, 0,-4.866333156824112, 5.826455068618149, 0,-4.866333156824112, 5.826455068618149, 0,-4.866333156824112, 5.826455068618149, 0,-4.866333156824112, 5.826455068618149, 0,-4.866333156824112, 5.826455068618149, 0,-4.866333156824112, 5.826455068618149, 0,-4.8662687838077545, 5.826439058502509, 0,-4.866240620613098, 5.8264250496509575, 0,-4.866216480731964, 5.826411374343144, 0,-4.866216480731964, 5.826411374343144, 0,-4.866203740239143, 5.826409373078561, 0,-4.866182282567024, 5.826400367387839, 0,-4.8661695420742035, 5.826392695873396, 0,-4.866161495447159, 5.8263863585353075, 0,-4.866151101887226, 5.826380688285384, 0,-4.866151101887226, 5.826380688285384, 0,-4.866148084402084, 5.826379020564806, 0,-4.866147078573704, 5.826378687020686, 0,-4.866146743297577, 5.826378353476578, 0,-4.866107851266861, 5.826349668681811, 0,-4.866105504333973, 5.826339662357709, 0,-4.866103492677212, 5.826329656033442, 0,-4.866097457706928, 5.826320316797289, 0,-4.866092763841152, 5.826309643384348, 0,-4.866087734699249, 5.826298302882885, 0,-4.866087734699249, 5.826298302882885, 0,-4.866084046661854, 5.8262866288370105, 0,-4.866080693900585, 5.826277623144329, 0,-4.866077341139317, 5.826272286437483, 0,-4.866077341139317, 5.826272286437483, 0,-4.866070970892906, 5.826266949730574, 0,-4.8660652711987495, 5.826259611758508, 0,-4.866058900952339, 5.826250272521184, 0,-4.866058900952339, 5.826250272521184, 0,-4.8660508543252945, 5.826241933916312, 0,-4.86604280769825, 5.826233261767102, 0,-4.86604280769825, 5.826233261767102, 0,-4.866034425795078, 5.8262262573388135, 0,-4.866027384996414, 5.826219252910411, 0,-4.866020679473877, 5.826212582026153, 0,-4.866020679473877, 5.826212582026153, 0,-4.866015315055847, 5.826204576964931, 0,-4.866012297570705, 5.826196905447816, 0,-4.866006933152676, 5.826188900386376, 0,-4.866006933152676, 5.826188900386376, 0,-4.865999557077885, 5.826181228869058, 0,-4.865993522107601, 5.826169554820753, 0,-4.865993522107601, 5.826169554820753, 0,-4.865985810756683, 5.826158214316454, 0,-4.865977764129639, 5.826147540900447, 0,-4.86596904695034, 5.826137534572744, 0,-4.865959323942661, 5.826128862421919, 0,-4.865952953696251, 5.82611918963816, 0,-4.865952953696251, 5.82611918963816, 0,-4.865948595106602, 5.826109183309961, 0,-4.865948595106602, 5.826109183309961, 0,-4.865934178233147, 5.826081499134325, 0,-4.865930825471878, 5.82607215989405, 0,-4.865930825471878, 5.82607215989405, 0,-4.865925796329975, 5.826060152299168, 0,-4.865919761359692, 5.826049478881291, 0,-4.865919761359692, 5.826049478881291, 0,-4.865915738046169, 5.826040139640481, 0,-4.865915738046169, 5.826040139640481, 0,-4.865911044180393, 5.826032801665452, 0,-4.865911044180393, 5.826032801665452, 0,-4.865903668105602, 5.826024796601672, 0,-4.865903668105602, 5.826024796601672, 0,-4.865895286202431, 5.8260191263480845, 0,-4.86588791012764, 5.82601045419544, 0,-4.8658812046051025, 5.826000781409645, 0,-4.865875169634819, 5.825993109889744, 0,-4.865875169634819, 5.825993109889744, 0,-4.86587081104517, 5.82598610545844, 0,-4.865867458283901, 5.825978433938348, 0,-4.865867458283901, 5.825978433938348, 0,-4.865862764418125, 5.825967093430207, 0,-4.8658570647239685, 5.825958421276748, 0,-4.8658570647239685, 5.825958421276748, 0,-4.865852035582066, 5.825949749123149, 0,-4.865852035582066, 5.825949749123149, 0,-4.865849018096924, 5.825942077602574, 0,-4.865849018096924, 5.825942077602574, 0,-4.8658449947834015, 5.825933738993121, 0,-4.8658376187086105, 5.825922064939676, 0,-4.8658312484622, 5.825912392152354, 0,-4.865828901529312, 5.825902719364854, 0,-4.865828901529312, 5.825902719364854, 0,-4.865824207663536, 5.825894047210415, 0,-4.865818507969379, 5.825884040878184, 0,-4.865818507969379, 5.825884040878184, 0,-4.865815155208111, 5.825874034545787, 0,-4.865812137722969, 5.82586569593533, 0,-4.865812137722969, 5.82586569593533, 0,-4.865810126066208, 5.8258583579580225, 0,-4.865805767476559, 5.825848685169606, 0,-4.865802749991417, 5.825839345925439, 0,-4.865802749991417, 5.825839345925439, 0,-4.86579604446888, 5.825831674403349, 0,-4.8657940328121185, 5.825829339592253, 0,-4.8657940328121185, 5.825829339592253, 0,-4.86577894538641, 5.825814997181034, 0,-4.865765199065208, 5.825803323125121, 0,-4.865765199065208, 5.825803323125121, 0,-4.86575648188591, 5.825792649702358, 0,-4.865746758878231, 5.8257836440017385, 0,-4.865746758878231, 5.8257836440017385, 0,-4.865740388631821, 5.82577730665678, 0,-4.865735359489918, 5.825768300955918, 0,-4.865735359489918, 5.825768300955918, 0,-4.865732342004776, 5.82576029588836, 0,-4.865726977586746, 5.825749956009273, 0,-4.865725636482239, 5.825746620564364, 0,-4.865725301206112, 5.8257456199308955, 0,-4.865725301206112, 5.8257456199308955, 0,-4.865724965929985, 5.825745286386393, 0,-4.865724965929985, 5.825744952841903, 0,-4.865724965929985, 5.825744952841903, 0,-4.865724965929985, 5.825744952841903, 0,-4.865724965929985, 5.825744952841903, 0,-4.865724965929985, 5.825744952841903, 0,-4.865724965929985, 5.825744952841903, 0,-4.865724965929985, 5.825744952841903, 0,-4.865662604570389, 5.825646890752445, 0,-4.865654893219471, 5.825626878079026, 0,-4.865654893219471, 5.825626878079026, 0,-4.865656234323978, 5.825598526790455, 0,-4.865656569600105, 5.825597192612141, 0,-4.865656569600105, 5.8255968590675495, 0,-4.865656569600105, 5.8255968590675495, 0,-4.865656569600105, 5.8255968590675495, 0,-4.865656569600105, 5.8255968590675495, 0,-4.865656569600105, 5.8255968590675495, 0,-4.865656569600105, 5.8255968590675495, 0,-4.865656569600105, 5.8255968590675495, 0,-4.865656569600105, 5.8255968590675495, 0,-4.865683726966381, 5.825515474183943, 0,-4.8656924441456795, 5.825501465309339, 0,-4.865696467459202, 5.825488123523688, 0,-4.865697808563709, 5.825483787443275, 0,-4.865697808563709, 5.825483787443275, 0,-4.865698143839836, 5.825482453264694, 0,-4.865698143839836, 5.825481786175384, 0,-4.865698143839836, 5.825481786175384, 0,-4.865698143839836, 5.825481786175384, 0,-4.865698143839836, 5.825481786175384, 0,-4.865698143839836, 5.825481786175384, 0,-4.865698143839836, 5.825481786175384, 0,-4.865698143839836, 5.825481786175384, 0,-4.865698143839836, 5.825481786175384, 0,-4.865698143839836, 5.825481786175384, 0,-4.865679368376732, 5.825416744965036, 0,-4.865670315921307, 5.825386725942338, 0,-4.865670315921307, 5.825386725942338, 0,-4.865667633712292, 5.825370048706818, 0,-4.865671992301941, 5.825362043633585, 0,-4.865671992301941, 5.825362043633585, 0,-4.86567635089159, 5.825357040462755, 0,-4.865677691996098, 5.8253557062838555, 0,-4.865678027272224, 5.825355039194418, 0,-4.865678362548351, 5.825355039194418, 0,-4.865678362548351, 5.825355039194418, 0,-4.865678362548351, 5.825355039194418, 0,-4.865678362548351, 5.825355039194418, 0,-4.865678362548351, 5.825355039194418, 0,-4.865678362548351, 5.825355039194418, 0,-4.865678362548351, 5.825355039194418, 0,-4.865678362548351, 5.825355039194418, 0,-4.865678362548351, 5.825355039194418, 0,-4.865678362548351, 5.825355039194418, 0,-4.865666963160038, 5.825293666961764, 0,-4.865666963160038, 5.825293666961764, 0,-4.865662269294262, 5.825269651738466, 0,-4.86565388739109, 5.825242968155829, 0,-4.865652211010456, 5.825238632073534, 0,-4.865652211010456, 5.825238632073534, 0,-4.865651875734329, 5.825237297894354, 0,-4.865651875734329, 5.82523696434956, 0,-4.865651875734329, 5.82523696434956, 0,-4.865651540458202, 5.82523696434956, 0</coordinates>
                </LinearRing>
            </outerBoundaryIs>
        </Polygon>
    </MultiGeometry>
  </Placemark><Placemark>
	<Style><LineStyle><color>ff0000ff</color></LineStyle><PolyStyle><fill>0</fill></PolyStyle></Style>
	<ExtendedData><SchemaData schemaUrl="#programmeband_1">
		<SimpleData name="N°">28</SimpleData>
		<SimpleData name="Cooperative">COOP CA SCAAB</SimpleData>
		<SimpleData name="Code_CCC">COOP CA SCAAB</SimpleData>
		<SimpleData name="Code_Producteur">SCAAB-TIA-156</SimpleData>
		<SimpleData name="Code_Parcelle">SCAAB-TIA-156-P1</SimpleData>
		<SimpleData name="Section">TIASSALE</SimpleData>
		<SimpleData name="Localite">TIASSALE</SimpleData>
		<SimpleData name="Sous-Prefecture">TIASSALE</SimpleData>
		<SimpleData name="Region ">AGNEBY-TIASSA</SimpleData>
		<SimpleData name="Nom">YAPI</SimpleData>
		<SimpleData name="Prenoms">B0SS0</SimpleData>
		<SimpleData name="Genre">Homme</SimpleData>
		<SimpleData name="Programme">Mondelez</SimpleData>
		<SimpleData name="Departement"></SimpleData>
		<SimpleData name="Statut">Candidat</SimpleData>
	</SchemaData>
    </ExtendedData>
      <MultiGeometry>
        <Polygon>
            <outerBoundaryIs>
                <LinearRing>
                    <coordinates>-4.863534942269325, 5.821454887191931, 0,-4.863534942269325, 5.821454887191931, 0,-4.863534942269325, 5.821454887191931, 0,-4.863534942269325, 5.821454887191931, 0,-4.863534942269325, 5.821454887191931, 0,-4.863534942269325, 5.821454887191931, 0,-4.863534942269325, 5.821454887191931, 0,-4.863521195948124, 5.821454887191931, 0,-4.863521195948124, 5.821454887191931, 0,-4.863513149321079, 5.821449883986306, 0,-4.863505773246288, 5.821444880780631, 0,-4.863505773246288, 5.821444880780631, 0,-4.863497726619244, 5.82144321304541, 0,-4.863492697477341, 5.821440544669024, 0,-4.863492697477341, 5.821440544669024, 0,-4.863492697477341, 5.821440544669024, 0,-4.86348532140255, 5.821434874369178, 0,-4.86348532140255, 5.821434874369178, 0,-4.863475933670998, 5.821429537616304, 0,-4.863455146551132, 5.8214175299222015, 0,-4.863455146551132, 5.8214175299222015, 0,-4.863444417715073, 5.821413860904509, 0,-4.863436035811901, 5.821410525433851, 0,-4.863436035811901, 5.821410525433851, 0,-4.8634276539087296, 5.82140752351024, 0,-4.863420277833939, 5.821405522227833, 0,-4.863420277833939, 5.821405522227833, 0,-4.863420277833939, 5.821405522227833, 0,-4.863403849303722, 5.821397517098114, 0,-4.863403849303722, 5.821397517098114, 0,-4.863399490714073, 5.821387177138724, 0,-4.863395132124424, 5.821378171367482, 0,-4.863389767706394, 5.821373501708268, 0,-4.863389767706394, 5.821373501708268, 0,-4.863383062183857, 5.821370166237369, 0,-4.863383062183857, 5.821370166237369, 0,-4.863366968929768, 5.821361494012946, 0,-4.863366968929768, 5.821361494012946, 0,-4.863358587026596, 5.821356824353605, 0,-4.8633478581905365, 5.821349486317393, 0,-4.8633478581905365, 5.821349486317393, 0,-4.863339811563492, 5.821342481828191, 0,-4.863332100212574, 5.821331808320672, 0,-4.86332505941391, 5.821321134812951, 0,-4.863317348062992, 5.821313463229147, 0,-4.863317348062992, 5.821313463229147, 0,-4.863311313092709, 5.8213041239095995, 0,-4.863303266465664, 5.821295785231307, 0,-4.863295219838619, 5.821291115571405, 0,-4.863295219838619, 5.821291115571405, 0,-4.863285161554813, 5.821276773044312, 0,-4.863285161554813, 5.821276773044312, 0,-4.863281808793545, 5.821267100177019, 0,-4.863281808793545, 5.821267100177019, 0,-4.863278456032276, 5.821255759573754, 0,-4.863272421061993, 5.8212480879890585, 0,-4.863265715539455, 5.821238748668417, 0,-4.863265715539455, 5.821238748668417, 0,-4.863265715539455, 5.821238748668417, 0,-4.863224476575851, 5.821192719157293, 0,-4.863224476575851, 5.821192719157293, 0,-4.863223135471344, 5.82118804949654, 0,-4.86322145909071, 5.821184714024558, 0,-4.863220117986202, 5.821182379194138, 0,-4.863220117986202, 5.821182379194138, 0,-4.863218441605568, 5.821178710174919, 0,-4.8632147535681725, 5.821173706966839, 0,-4.863211400806904, 5.82116903730592, 0,-4.863211400806904, 5.82116903730592, 0,-4.863210059702396, 5.821163033456102, 0,-4.863210059702396, 5.821163033456102, 0,-4.863206371665001, 5.821156696059008, 0,-4.863204024732113, 5.821149691567414, 0,-4.863201007246971, 5.821142019981281, 0,-4.863187596201897, 5.8211260097142095, 0,-4.863182567059994, 5.821106997521491, 0,-4.863174855709076, 5.821083982761005, 0,-4.863174855709076, 5.821083982761005, 0,-4.86318826675415, 5.821022943609077, 0,-4.863192290067673, 5.821019274588802, 0,-4.863192290067673, 5.821019274588802, 0,-4.863202348351479, 5.821010935906274, 0,-4.863198660314083, 5.82098024955351, 0,-4.863188602030277, 5.820958235429839, 0,-4.86318189650774, 5.820949896746407, 0,-4.863174520432949, 5.820930551000382, 0,-4.863169826567173, 5.820914540727292, 0,-4.863167814910412, 5.820907536232657, 0,-4.8631637915968895, 5.8209005317379585, 0,-4.863160438835621, 5.82088418791664, 0,-4.863157756626606, 5.820876849874258, 0,-4.8631564155220985, 5.820868844737007, 0,-4.8631564155220985, 5.820868844737007, 0,-4.863152727484703, 5.8208608395996295, 0,-4.863152727484703, 5.8208608395996295, 0,-4.8631476983428, 5.820854835746542, 0,-4.863144680857658, 5.820847497703779, 0,-4.863137640058994, 5.8208338222601945, 0,-4.863137640058994, 5.8208338222601945, 0,-4.863136969506741, 5.820829486143855, 0,-4.863138645887375, 5.820821147458513, 0,-4.863138981163502, 5.820806804919436, 0,-4.863134957849979, 5.820788793358227, 0,-4.863133952021599, 5.820779454029952, 0,-4.8631346225738525, 5.820772449533651, 0,-4.863136634230614, 5.82076544503726, 0,-4.863140657544136, 5.820758774088234, 0,-4.863140657544136, 5.820758774088234, 0,-4.863150380551815, 5.82074276381026, 0,-4.863150380551815, 5.82074276381026, 0,-4.863160774111748, 5.820726419984335, 0,-4.863160774111748, 5.820726419984335, 0,-4.863165803253651, 5.820716747107563, 0,-4.863170832395554, 5.820709409062993, 0,-4.8631758615374565, 5.820701070375872, 0,-4.863179549574852, 5.820692731688623, 0,-4.863180555403233, 5.820684059453754, 0,-4.863183908164501, 5.820675720766251, 0,-4.863186590373516, 5.820668382721147, 0,-4.863191954791546, 5.820660377580931, 0,-4.863191954791546, 5.820660377580931, 0,-4.8631953075528145, 5.820653373083141, 0,-4.863196313381195, 5.820646702132793, 0,-4.863196313381195, 5.820646702132793, 0,-4.863194637000561, 5.820630691851612, 0,-4.863194637000561, 5.820630691851612, 0,-4.863196313381195, 5.820613680927369, 0,-4.863196983933449, 5.820607009976538, 0,-4.863194301724434, 5.820600339025641, 0,-4.8631879314780235, 5.820589999051583, 0,-4.863186255097389, 5.820583995195582, 0,-4.863186255097389, 5.820583995195582, 0,-4.863185249269009, 5.820571653935846, 0,-4.863185249269009, 5.820571653935846, 0,-4.863182231783867, 5.820559646223412, 0,-4.863182231783867, 5.820559646223412, 0,-4.863176196813583, 5.820546304320398, 0,-4.863176196813583, 5.820546304320398, 0,-4.863176196813583, 5.820546304320398, 0,-4.8631711676716805, 5.820538299178428, 0,-4.8631711676716805, 5.820538299178428, 0,-4.863163456320763, 5.820529960488761, 0,-4.863163456320763, 5.820529960488761, 0,-4.863163456320763, 5.820529960488761, 0,-4.8631564155220985, 5.820521955346575, 0,-4.863147027790546, 5.82050727925227, 0,-4.863145351409912, 5.820483263824373, 0,-4.863158091902733, 5.820464585157531, 0,-4.863170832395554, 5.820461249681237, 0,-4.863170832395554, 5.820461249681237, 0,-4.863178543746471, 5.820459915490722, 0,-4.863178543746471, 5.820459915490722, 0,-4.863185919821262, 5.820458581300207, 0,-4.863194972276688, 5.820456913562035, 0,-4.863203354179859, 5.8204575806572985, 0,-4.86321073025465, 5.820458247752575, 0,-4.86321073025465, 5.820458247752575, 0,-4.863218776881695, 5.820458247752575, 0,-4.86323419958353, 5.820464251609912, 0,-4.8632388934493065, 5.820466252895666, 0,-4.8632388934493065, 5.820466252895666, 0,-4.863245934247971, 5.820469254824289, 0,-4.863245934247971, 5.820469254824289, 0,-4.863255321979523, 5.820471256110043, 0,-4.863255321979523, 5.820471256110043, 0,-4.863263703882694, 5.820471923205294, 0,-4.863272421061993, 5.820469588371921, 0,-4.863280802965164, 5.820464918705163, 0,-4.863293208181858, 5.820454245180966, 0,-4.863293208181858, 5.820454245180966, 0,-4.863299578428268, 5.820450242609358, 0,-4.863306283950806, 5.820446907132987, 0,-4.863315336406231, 5.820443571656591, 0,-4.863315336406231, 5.820443571656591, 0,-4.86332505941391, 5.820441570370736, 0,-4.86332505941391, 5.820441570370736, 0,-4.863332435488701, 5.820437567799026, 0,-4.863332435488701, 5.820437567799026, 0,-4.86334316432476, 5.820433898774934, 0,-4.863354563713074, 5.8204345658702366, 0,-4.863363616168499, 5.820435900060803, 0,-4.863372333347797, 5.820437567799026, 0,-4.863372333347797, 5.820437567799026, 0,-4.8633817210793495, 5.820436900703749, 0,-4.863392785191536, 5.820435232965526, 0,-4.863392785191536, 5.820435232965526, 0,-4.863400831818581, 5.820433565227289, 0,-4.863400831818581, 5.820433565227289, 0,-4.863408878445625, 5.820433231679645, 0,-4.863408878445625, 5.820433231679645, 0,-4.863419607281685, 5.820430563298462, 0,-4.863419607281685, 5.820430563298462, 0,-4.863433353602886, 5.820428562012569, 0,-4.863446764647961, 5.820425893631386, 0,-4.863446764647961, 5.820425893631386, 0,-4.863457828760147, 5.820423892345467, 0,-4.863470569252968, 5.820423558797822, 0,-4.863492026925087, 5.820423225250165, 0,-4.863499738276005, 5.820421891059548, 0,-4.863499738276005, 5.820421891059548, 0,-4.863505437970161, 5.820415220106451, 0,-4.863511808216572, 5.820410550439235, 0,-4.863516837358475, 5.820407882057951, 0,-4.863516837358475, 5.820407882057951, 0,-4.8635245487093925, 5.820406214319638, 0,-4.863533601164818, 5.820403212390671, 0,-4.863533601164818, 5.820403212390671, 0,-4.863541983067989, 5.820400210461678, 0,-4.86354935914278, 5.820397208532673, 0,-4.86354935914278, 5.820397208532673, 0,-4.863557070493698, 5.820392538865316, 0,-4.863566122949123, 5.820388536293263, 0,-4.863573499023914, 5.8203815317920755, 0,-4.863573499023914, 5.8203815317920755, 0,-4.863579198718071, 5.820376195029214, 0,-4.863587915897369, 5.820370858266314, 0,-4.863609038293362, 5.820363853764911, 0,-4.863609038293362, 5.820363853764911, 0,-4.863654971122742, 5.820360851835727, 0,-4.863667376339436, 5.820356515715749, 0,-4.863667376339436, 5.820356515715749, 0,-4.863681457936764, 5.820349177666472, 0,-4.863696210086346, 5.820341839617106, 0,-4.863696210086346, 5.820341839617106, 0,-4.863707609474659, 5.820338504140099, 0,-4.863707609474659, 5.820338504140099, 0,-4.863719344139099, 5.82033550221075, 0,-4.863731078803539, 5.820332500281414, 0,-4.863744154572487, 5.820328164161219, 0,-4.8637595772743225, 5.820329164804344, 0,-4.863773658871651, 5.820330832542872, 0,-4.863787069916725, 5.820332833829123, 0,-4.863787069916725, 5.820332833829123, 0,-4.863801822066307, 5.82033683640157, 0,-4.863815568387508, 5.820340838974007, 0,-4.863827973604202, 5.820346509284894, 0,-4.863839708268642, 5.820353180238806, 0,-4.863853789865971, 5.82036118538341, 0,-4.8638661950826645, 5.820366188598729, 0,-4.863887317478657, 5.820373860195459, 0,-4.863887317478657, 5.820373860195459, 0,-4.863895028829575, 5.820377195672262, 0,-4.863902740180492, 5.820380531149052, 0,-4.863932244479656, 5.82039954336635, 0,-4.863932244479656, 5.82039954336635, 0,-4.863938614726067, 5.820408215605608, 0,-4.863957054913044, 5.820413885915822, 0,-4.863969460129738, 5.820416887844738, 0,-4.863969460129738, 5.820416887844738, 0,-4.863981194794178, 5.820419556225985, 0,-4.863991923630238, 5.820422891702508, 0,-4.863991923630238, 5.820422891702508, 0,-4.864001981914043, 5.820424892988426, 0,-4.8640331625938416, 5.820431897489054, 0,-4.864039868116379, 5.82044657358533, 0,-4.864039868116379, 5.82044657358533, 0,-4.864039868116379, 5.82044657358533, 0,-4.864039868116379, 5.82044657358533, 0,-4.864039868116379, 5.82044657358533, 0,-4.864039868116379, 5.82044657358533, 0,-4.864058308303356, 5.820450909704621, 0,-4.864058308303356, 5.820450909704621, 0,-4.864058308303356, 5.820450909704621, 0,-4.864062666893005, 5.820456246466771, 0,-4.864062666893005, 5.820456246466771, 0,-4.864066019654274, 5.820462583871752, 0,-4.864066690206528, 5.820470589014792, 0,-4.864064007997513, 5.820478927705336, 0,-4.864064007997513, 5.820478927705336, 0,-4.864061996340752, 5.820484598014837, 0,-4.864063337445259, 5.820491268967107, 0,-4.864059314131737, 5.820499274109739, 0,-4.864059314131737, 5.820499274109739, 0,-4.864054284989834, 5.82050627860945, 0,-4.864047579467297, 5.820512949561479, 0,-4.864047579467297, 5.820512949561479, 0,-4.864040873944759, 5.820517952775436, 0,-4.8640358448028564, 5.82052328953695, 0,-4.8640358448028564, 5.82052328953695, 0,-4.864033497869968, 5.820525290822512, 0,-4.864033497869968, 5.820525290822512, 0,-4.864034503698349, 5.820526958560455, 0,-4.86403651535511, 5.820528959846006, 0,-4.864045232534409, 5.820530294036355, 0,-4.864053949713707, 5.820533295964661, 0,-4.864053949713707, 5.820533295964661, 0,-4.86407708376646, 5.820541968201844, 0,-4.86407708376646, 5.820541968201844, 0,-4.864082783460617, 5.820547972058279, 0,-4.864096529781818, 5.82055997977098, 0,-4.86410491168499, 5.820567651365065, 0,-4.864111952483654, 5.820574989411479, 0,-4.864120334386826, 5.820605342238823, 0,-4.864119328558445, 5.820615015117529, 0,-4.86411664634943, 5.820621352520717, 0,-4.86411664634943, 5.820621352520717, 0,-4.86411664634943, 5.820628023471383, 0,-4.86411664634943, 5.8206346944219485, 0,-4.864116981625557, 5.8206400311823545, 0,-4.864116981625557, 5.8206400311823545, 0,-4.8641156405210495, 5.820646368585263, 0,-4.864108934998512, 5.820665380793579, 0,-4.864105246961117, 5.820681391073768, 0,-4.864076413214207, 5.820739428335607, 0,-4.864070042967796, 5.820749434759463, 0,-4.86406434327364, 5.8207607753729445, 0,-4.8640549555420876, 5.820793796569729, 0,-4.8640502616763115, 5.820801134613192, 0,-4.864040873944759, 5.820820146816267, 0,-4.8640331625938416, 5.82082848550162, 0,-4.864025115966797, 5.820835823544638, 0,-4.864025115966797, 5.820835823544638, 0,-4.864016734063625, 5.820842494492747, 0,-4.864012710750103, 5.820847164156376, 0,-4.864012040197849, 5.820852834462162, 0,-4.864009693264961, 5.820858504767885, 0,-4.8640076816082, 5.820864842168337, 0,-4.864043556153774, 5.820914540727292, 0,-4.864136092364788, 5.820936554852655, 0,-4.864154532551765, 5.820943559346921, 0,-4.864158891141415, 5.8209495631990675, 0,-4.86416257917881, 5.820955233503823, 0,-4.864171631634235, 5.820978248269576, 0,-4.864171631634235, 5.820978248269576, 0,-4.864171631634235, 5.820978248269576, 0,-4.864193759858608, 5.820989255331125, 0,-4.8642051592469215, 5.82099292435159, 0,-4.8642051592469215, 5.82099292435159, 0,-4.864215552806854, 5.820997594013972, 0,-4.864226616919041, 5.821000262392458, 0,-4.8642373457551, 5.8210015965817, 0,-4.8642440512776375, 5.8210015965817, 0,-4.8642440512776375, 5.8210015965817, 0,-4.864257462322712, 5.821000929487085, 0,-4.864264838397503, 5.820999595297843, 0,-4.864278249442577, 5.820993257898917, 0,-4.864285960793495, 5.820989922425753, 0,-4.864285960793495, 5.820989922425753, 0,-4.864297695457935, 5.820989255331125, 0,-4.864310435950756, 5.820989588878438, 0,-4.864310435950756, 5.820989588878438, 0,-4.8643215000629425, 5.820990255973067, 0,-4.864330552518368, 5.820990255973067, 0,-4.864330552518368, 5.820990255973067, 0,-4.864393584430218, 5.8209939249935445, 0,-4.864412024617195, 5.821006266243994, 0,-4.864418059587479, 5.821008934622453, 0,-4.864418059587479, 5.821008934622453, 0,-4.864454939961433, 5.821026612629313, 0,-4.864460974931717, 5.821028280365794, 0,-4.864489808678627, 5.82103561840619, 0,-4.864489808678627, 5.82103561840619, 0,-4.864496849477291, 5.82104262289921, 0,-4.8645129427313805, 5.821067638945016, 0,-4.8645176365971565, 5.821076311173969, 0,-4.8645176365971565, 5.821076311173969, 0,-4.8645226657390594, 5.821085984044558, 0,-4.864544123411179, 5.821152026397949, 0,-4.864542782306671, 5.821158363795107, 0,-4.864542447030544, 5.821163700550526, 0,-4.864542447030544, 5.821163700550526, 0,-4.86455250531435, 5.821197055270834, 0,-4.864557199180126, 5.821206061044976, 0,-4.86457496881485, 5.8212197364795015, 0,-4.864585362374783, 5.821225406781522, 0,-4.864593409001827, 5.82123174417784, 0,-4.864600449800491, 5.821240749951422, 0,-4.864611513912678, 5.8212574273095345, 0,-4.864617548882961, 5.8212640982526445, 0,-4.864623248577118, 5.821271769837111, 0,-4.864623248577118, 5.821271769837111, 0,-4.864628277719021, 5.821278774327191, 0,-4.864628277719021, 5.821278774327191, 0,-4.864635653793812, 5.821286445911467, 0,-4.864635653793812, 5.821286445911467, 0,-4.864652752876282, 5.821300121344033, 0,-4.864657446742058, 5.821306792286634, 0,-4.864657446742058, 5.821306792286634, 0,-4.864665828645229, 5.821320467718718, 0,-4.8647191375494, 5.821344149563717, 0,-4.8647191375494, 5.821344149563717, 0,-4.8647285252809525, 5.821344816657925, 0,-4.864738248288631, 5.821347151487672, 0,-4.864748306572437, 5.821348152128977, 0,-4.864771440625191, 5.821349819864491, 0,-4.864781498908997, 5.821351154052906, 0,-4.864798933267593, 5.821361494012946, 0,-4.864807315170765, 5.821367164313554, 0,-4.864807315170765, 5.821367164313554, 0,-4.864816702902317, 5.821373835255353, 0,-4.864825755357742, 5.821379172008737, 0,-4.864832796156406, 5.82138450876207, 0,-4.8648398369550705, 5.821389511968279, 0,-4.864870347082615, 5.821406522869049, 0,-4.864876717329025, 5.821412526716246, 0,-4.864880405366421, 5.8214205318457495, 0,-4.8648901283741, 5.821435875010331, 0,-4.864889793097973, 5.821453553003769, 0,-4.864887446165085, 5.821469896808537, 0,-4.864887446165085, 5.821484906424724, 0,-4.864895157516003, 5.821502250869614, 0,-4.864920973777771, 5.821515592749943, 0,-4.864926673471928, 5.821545278432522, 0,-4.864927679300308, 5.82155094873126, 0,-4.864927679300308, 5.82155094873126, 0,-4.864934720098972, 5.821571628643831, 0,-4.864935055375099, 5.821578966677129, 0,-4.864935055375099, 5.821578966677129, 0,-4.864934720098972, 5.821610653638044, 0,-4.864934720098972, 5.821610653638044, 0,-4.864953495562077, 5.821623328421913, 0,-4.864958859980106, 5.821628998719863, 0,-4.864965565502644, 5.821636336752422, 0,-4.864965565502644, 5.821636336752422, 0,-4.864968582987785, 5.821642340597177, 0,-4.86497025936842, 5.821647677348016, 0,-4.864974617958069, 5.821655348927242, 0,-4.864980652928352, 5.821662353412551, 0,-4.865003786981106, 5.821683700414813, 0,-4.865011163055897, 5.821696375197042, 0,-4.865014515817165, 5.821704380322499, 0,-4.865020215511322, 5.821711384807186, 0,-4.865042008459568, 5.821730396979472, 0,-4.865042008459568, 5.821730396979472, 0,-4.865076206624508, 5.821755746541513, 0,-4.865086264908314, 5.821768421322112, 0,-4.865086264908314, 5.821768421322112, 0,-4.8651063814759254, 5.821807446302674, 0,-4.865107052028179, 5.821818119801146, 0,-4.865104369819164, 5.82184213517201, 0,-4.865102358162403, 5.821854142857028, 0,-4.865103363990784, 5.821865816995024, 0,-4.865103363990784, 5.821865816995024, 0,-4.8651036992669106, 5.821875156305246, 0,-4.865104705095291, 5.821885162708875, 0,-4.8651063814759254, 5.821893834925207, 0,-4.86510805785656, 5.8219138477316115, 0,-4.86510805785656, 5.8219138477316115, 0,-4.865108393132687, 5.821922519947511, 0,-4.86510906368494, 5.82194453403341, 0,-4.865108393132687, 5.821956208169511, 0,-4.865108393132687, 5.821956208169511, 0,-4.86510269343853, 5.821967882305383, 0,-4.865098670125008, 5.821978555800802, 0,-4.865093976259232, 5.821988562202598, 0,-4.865093976259232, 5.821988562202598, 0,-4.865087941288948, 5.821996233777179, 0,-4.865085929632187, 5.822003238258227, 0,-4.865088276565075, 5.822010909832618, 0,-4.865073189139366, 5.8220072408187935, 0,-4.865067154169083, 5.822002904711524, 0,-4.865055754780769, 5.821996567323896, 0,-4.865051060914993, 5.821992564763266, 0,-4.865038990974426, 5.8219882286558695, 0,-4.865032620728016, 5.821986560922265, 0,-4.865028262138367, 5.821983892548448, 0,-4.865028262138367, 5.821983892548448, 0,-4.865000434219837, 5.82197055067925, 0,-4.864985682070255, 5.821964880384749, 0,-4.864985682070255, 5.821964880384749, 0,-4.8649705946445465, 5.821958876543442, 0,-4.864956513047218, 5.821952205608588, 0,-4.864956513047218, 5.821952205608588, 0,-4.864942766726017, 5.821949203687878, 0,-4.864924997091293, 5.8219428662996515, 0,-4.864916615188122, 5.821938530191886, 0,-4.864916615188122, 5.821938530191886, 0,-4.864910580217838, 5.821933526990562, 0,-4.8649028688669205, 5.82192919088272, 0,-4.8649028688669205, 5.82192919088272, 0,-4.864893816411495, 5.821927189602158, 0,-4.864893816411495, 5.821927189602158, 0,-4.864883758127689, 5.821925188321595, 0,-4.864875040948391, 5.821923520587799, 0,-4.864869341254234, 5.821918517386334, 0,-4.864869341254234, 5.821918517386334, 0,-4.864864647388458, 5.821913514184844, 0,-4.864857271313667, 5.821907176796223, 0,-4.864835813641548, 5.8219015065010735, 0,-4.864824078977108, 5.821897837486549, 0,-4.864813685417175, 5.821894168471987, 0,-4.864813685417175, 5.821894168471987, 0,-4.8648036271333694, 5.821890833004178, 0,-4.864794574677944, 5.821888164629929, 0,-4.864786192774773, 5.821888164629929, 0,-4.864765740931034, 5.821892167191309, 0,-4.864765740931034, 5.821892167191309, 0,-4.86475870013237, 5.821894168471987, 0,-4.864747636020184, 5.821894835565546, 0,-4.864703379571438, 5.821880826600651, 0,-4.864696003496647, 5.821877491132767, 0,-4.864647388458252, 5.821860146699467, 0,-4.864647388458252, 5.821860146699467, 0,-4.864628277719021, 5.8218474719209405, 0,-4.8646155372262, 5.821844136452865, 0,-4.8646155372262, 5.821844136452865, 0,-4.864601790904999, 5.821835130688939, 0,-4.864601790904999, 5.821835130688939, 0,-4.864565581083298, 5.821820788175739, 0,-4.864557534456253, 5.821819120441625, 0,-4.864557534456253, 5.821819120441625, 0,-4.8645491525530815, 5.821816118520202, 0,-4.864541776478291, 5.821813116598766, 0,-4.864519312977791, 5.8218054450216785, 0,-4.864519312977791, 5.8218054450216785, 0,-4.864490143954754, 5.821797439897659, 0,-4.864490143954754, 5.821797439897659, 0,-4.864480756223202, 5.8217951050697945, 0,-4.864470697939396, 5.821795438616638, 0,-4.86446063965559, 5.821793437335591, 0,-4.864450581371784, 5.821793103788761, 0,-4.8644328117370605, 5.821791436054558, 0,-4.864404983818531, 5.821775425805997, 0,-4.864388555288315, 5.821765752947278, 0,-4.864379838109016, 5.821759749103847, 0,-4.864364080131054, 5.821749075604242, 0,-4.86435703933239, 5.821744072401251, 0,-4.864349327981472, 5.8217400698388015, 0,-4.864330552518368, 5.821719723479333, 0,-4.86432284116745, 5.821712718994736, 0,-4.86431647092104, 5.821709717072753, 0,-4.864309765398502, 5.821705714510076, 0,-4.8643020540475845, 5.821702379041148, 0,-4.8643020540475845, 5.821702379041148, 0,-4.8642973601818085, 5.821698710025313, 0,-4.864291660487652, 5.821691705540462, 0,-4.86428327858448, 5.821686702336949, 0,-4.864266514778137, 5.821676362382877, 0,-4.864256791770458, 5.821672693366877, 0,-4.864242039620876, 5.821668690803932, 0,-4.86423633992672, 5.821670358538504, 0,-4.864227622747421, 5.821672359819957, 0,-4.864212200045586, 5.821672693366877, 0,-4.864206500351429, 5.82167336046069, 0,-4.864201135933399, 5.821672693366877, 0,-4.864201135933399, 5.821672693366877, 0,-4.864194765686989, 5.821671025632318, 0,-4.864187389612198, 5.821672359819957, 0,-4.864152856171131, 5.821682366227199, 0,-4.864152856171131, 5.821682366227199, 0,-4.864144138991833, 5.821681032039584, 0,-4.864144138991833, 5.821681032039584, 0,-4.864075742661953, 5.8216500121764785, 0,-4.864066354930401, 5.821646676707233, 0,-4.8640576377511024, 5.821642340597177, 0,-4.8640479147434235, 5.821637670940151, 0,-4.8640479147434235, 5.821637670940151, 0,-4.864040203392506, 5.821633668376965, 0,-4.8640308156609535, 5.821631333548414, 0,-4.864020757377148, 5.821628331625998, 0,-4.864013381302357, 5.821626330344354, 0,-4.864006340503693, 5.8216246626096675, 0,-4.864006340503693, 5.8216246626096675, 0,-4.863999634981155, 5.821623328421913, 0,-4.863991923630238, 5.821621660687214, 0,-4.863991923630238, 5.821621660687214, 0,-4.863983541727066, 5.821621327140257, 0,-4.863954372704029, 5.821611320731946, 0,-4.863948337733746, 5.821610320091098, 0</coordinates>
                </LinearRing>
            </outerBoundaryIs>
        </Polygon>
    </MultiGeometry>
  </Placemark><Placemark>
	<Style><LineStyle><color>ff0000ff</color></LineStyle><PolyStyle><fill>0</fill></PolyStyle></Style>
	<ExtendedData><SchemaData schemaUrl="#programmeband_1">
		<SimpleData name="N°">29</SimpleData>
		<SimpleData name="Cooperative">COOP CA SCAAB</SimpleData>
		<SimpleData name="Code_CCC">COOP CA SCAAB</SimpleData>
		<SimpleData name="Code_Producteur">SCAAB-TIA-155</SimpleData>
		<SimpleData name="Code_Parcelle">SCAAB-TIA-155-P1</SimpleData>
		<SimpleData name="Section">TIASSALE</SimpleData>
		<SimpleData name="Localite">TIASSALE</SimpleData>
		<SimpleData name="Sous-Prefecture">TIASSALE</SimpleData>
		<SimpleData name="Region ">AGNEBY-TIASSA</SimpleData>
		<SimpleData name="Nom">OUATTARA</SimpleData>
		<SimpleData name="Prenoms">YAYA</SimpleData>
		<SimpleData name="Genre">Homme</SimpleData>
		<SimpleData name="Programme">Mondelez</SimpleData>
		<SimpleData name="Departement"></SimpleData>
		<SimpleData name="Statut">Candidat</SimpleData>
	</SchemaData>
    </ExtendedData>
      <MultiGeometry>
        <Polygon>
            <outerBoundaryIs>
                <LinearRing>
                    <coordinates>-4.906825125217438, 5.97630825599995, 0,-4.906825125217438, 5.97630825599995, 0,-4.906825125217438, 5.97630825599995, 0,-4.906817078590393, 5.9762969185668195, 0,-4.906818084418774, 5.976290582942313, 0,-4.906819760799408, 5.976282580048116, 0,-4.906831495463848, 5.97625923827268, 0,-4.906833842396736, 5.976253903009577, 0,-4.906854629516602, 5.9762115543569045, 0,-4.90685697644949, 5.9762115543569045, 0,-4.90685798227787, 5.9762115543569045, 0,-4.906864017248154, 5.976209553633066, 0,-4.9068791046738625, 5.976191547118278, 0,-4.906878769397736, 5.976184544584569, 0,-4.906878769397736, 5.976184544584569, 0,-4.906878434121609, 5.976176541688821, 0,-4.906878434121609, 5.9761695391549345, 0,-4.906887151300907, 5.97615420027087, 0,-4.906887151300907, 5.97615420027087, 0,-4.90689218044281, 5.976147531190725, 0,-4.906894862651825, 5.976139528294417, 0,-4.9068958684802055, 5.976126857041714, 0,-4.906893186271191, 5.976108517070156, 0,-4.906891845166683, 5.976101847989451, 0,-4.906889833509922, 5.9760965127248085, 0,-4.906875751912594, 5.976074504757661, 0,-4.906874746084213, 5.976054830968081, 0,-4.906874746084213, 5.976054830968081, 0,-4.906876422464848, 5.976030488820681, 0,-4.906876422464848, 5.976030488820681, 0,-4.906876757740974, 5.976021152106339, 0,-4.906876757740974, 5.976021152106339, 0,-4.906878434121609, 5.976010148121354, 0,-4.906878434121609, 5.976010148121354, 0,-4.906878434121609, 5.976000811406642, 0,-4.906873069703579, 5.9759761358027275, 0,-4.906873069703579, 5.9759761358027275, 0,-4.906872734427452, 5.9759661321792095, 0,-4.906872734427452, 5.9759661321792095, 0,-4.906872734427452, 5.975946458385749, 0,-4.906872734427452, 5.975946458385749, 0,-4.9068740755319595, 5.975936454761671, 0,-4.906890168786049, 5.975898107534387, 0,-4.9068935215473175, 5.975889437726116, 0,-4.9068935215473175, 5.975889437726116, 0,-4.906894192099571, 5.975881101371868, 0,-4.906894192099571, 5.975881101371868, 0,-4.906894192099571, 5.975871431200794, 0,-4.906894192099571, 5.975871431200794, 0,-4.906899221241474, 5.975845755228465, 0,-4.906899221241474, 5.975845755228465, 0,-4.906901232898235, 5.975833750877342, 0,-4.906901232898235, 5.975833750877342, 0,-4.9068958684802055, 5.97579106873794, 0,-4.9068958684802055, 5.97579106873794, 0,-4.9068958684802055, 5.97579106873794, 0,-4.906890839338303, 5.975785066561806, 0,-4.906890839338303, 5.975785066561806, 0,-4.906887151300907, 5.9757773971144434, 0,-4.906872734427452, 5.975752054591963, 0,-4.906872734427452, 5.975752054591963, 0,-4.906871058046818, 5.975741717510084, 0,-4.90686971694231, 5.97573271424507, 0,-4.90686971694231, 5.97573271424507, 0,-4.90686971694231, 5.975723044071362, 0,-4.90686971694231, 5.975713040443213, 0,-4.90686971694231, 5.975713040443213, 0,-4.90686971694231, 5.975685697192009, 0,-4.906871058046818, 5.975678361197549, 0,-4.906874746084213, 5.975655019396338, 0,-4.906874746084213, 5.975655019396338, 0,-4.906876422464848, 5.975649684127357, 0,-4.906877763569355, 5.975646016129885, 0,-4.906884804368019, 5.975623007781639, 0,-4.906884804368019, 5.975623007781639, 0,-4.906907267868519, 5.975572989629915, 0,-4.906907267868519, 5.975572989629915, 0,-4.906907267868519, 5.975572989629915, 0,-4.906913638114929, 5.975562319090287, 0,-4.906913638114929, 5.975562319090287, 0,-4.906913638114929, 5.975562319090287, 0,-4.906919002532959, 5.975551982004833, 0,-4.906934089958668, 5.9755259725631396, 0,-4.906943142414093, 5.975515302022583, 0,-4.906958565115929, 5.975481623127636, 0,-4.906958565115929, 5.975481623127636, 0,-4.906960241496563, 5.975471286040656, 0,-4.906960241496563, 5.975471286040656, 0,-4.906964264810085, 5.9754636165888915, 0,-4.906971976161003, 5.975436940234116, 0,-4.906975664198399, 5.975426603146283, 0,-4.906989745795727, 5.975358911888907, 0,-4.9069927632808685, 5.97535057552658, 0,-4.907007850706577, 5.975331568620019, 0,-4.907007850706577, 5.975331568620019, 0,-4.9070118740201, 5.975325566438848, 0,-4.9070118740201, 5.975325566438848, 0,-4.907016232609749, 5.975316563166988, 0,-4.907016232609749, 5.975316563166988, 0,-4.907018579542637, 5.975306892985928, 0,-4.907023273408413, 5.975286552259704, 0,-4.907039366662502, 5.975258875532635, 0,-4.907039366662502, 5.975258875532635, 0,-4.907039366662502, 5.975258875532635, 0,-4.907042719423771, 5.975251872987018, 0,-4.907042719423771, 5.975251872987018, 0,-4.907045736908913, 5.9752425362593815, 0,-4.907047413289547, 5.975230531895041, 0,-4.907055459916592, 5.9752065231655695, 0,-4.907055459916592, 5.9752065231655695, 0,-4.907059147953987, 5.975196186073386, 0,-4.907090663909912, 5.975145500973428, 0,-4.907094351947308, 5.9751394987902335, 0,-4.907094351947308, 5.9751394987902335, 0,-4.907094351947308, 5.9751394987902335, 0,-4.907094016671181, 5.9751331631523295, 0,-4.907135255634785, 5.97512149224023, 0,-4.907145984470844, 5.975124826786581, 0,-4.907145984470844, 5.975124826786581, 0,-4.907160736620426, 5.975127160968995, 0,-4.907160736620426, 5.975127160968995, 0,-4.907166436314583, 5.975127160968995, 0,-4.907196946442127, 5.975128828242158, 0,-4.907215386629105, 5.975131495879193, 0,-4.907253943383694, 5.975117490784601, 0,-4.907253943383694, 5.975117490784601, 0,-4.907264336943626, 5.975116823875323, 0,-4.907273389399052, 5.975119158057776, 0,-4.907279759645462, 5.975123492968038, 0,-4.907288812100887, 5.975143833700329, 0,-4.907291494309902, 5.975144834064189, 0,-4.907291494309902, 5.975144834064189, 0,-4.907291829586029, 5.975147501701147, 0,-4.907291829586029, 5.975147501701147, 0,-4.907294176518917, 5.975152836975026, 0,-4.907294176518917, 5.975152836975026, 0,-4.907294847071171, 5.975154504248099, 0,-4.907296188175678, 5.975165841704892, 0,-4.907296523451805, 5.975175511888434, 0,-4.907296523451805, 5.975175511888434, 0,-4.907297864556313, 5.975184181708028, 0,-4.907297864556313, 5.975184181708028, 0,-4.907299540936947, 5.975191517709116, 0,-4.907299540936947, 5.975191517709116, 0,-4.907298870384693, 5.975198520255509, 0,-4.907299540936947, 5.975205522801825, 0,-4.9073052406311035, 5.975230198440471, 0,-4.9073052406311035, 5.975230198440471, 0,-4.907307922840118, 5.9752385348046175, 0,-4.907307922840118, 5.9752385348046175, 0,-4.90730993449688, 5.975245870804981, 0,-4.90730993449688, 5.975245870804981, 0,-4.9073149636387825, 5.9752678788054485, 0,-4.9073149636387825, 5.9752678788054485, 0,-4.907319322228432, 5.975274547896317, 0,-4.907319322228432, 5.975274547896317, 0,-4.907324016094208, 5.975279883168975, 0,-4.907324016094208, 5.975279883168975, 0,-4.907332733273506, 5.975296555895652, 0,-4.907332733273506, 5.975296555895652, 0,-4.907335080206394, 5.975306559531409, 0,-4.907335080206394, 5.975306559531409, 0,-4.907335750758648, 5.975315562803447, 0,-4.907335750758648, 5.975315562803447, 0,-4.907335750758648, 5.975325232984343, 0,-4.907335750758648, 5.975325232984343, 0,-4.907335750758648, 5.975332568983536, 0,-4.907335750758648, 5.975332568983536, 0,-4.907340109348297, 5.975388255883288, 0,-4.907340109348297, 5.975388255883288, 0,-4.907340109348297, 5.975388255883288, 0,-4.9073608964681625, 5.975423935510686, 0,-4.907367266714573, 5.9754322718718935, 0,-4.907367266714573, 5.9754322718718935, 0,-4.907375313341618, 5.975440941687416, 0,-4.907375313341618, 5.975440941687416, 0,-4.907394424080849, 5.97547228640393, 0,-4.907394424080849, 5.97547228640393, 0,-4.907396771013737, 5.975483623854133, 0,-4.907396771013737, 5.975483623854133, 0,-4.907398447394371, 5.975492960577661, 0,-4.907401129603386, 5.975502630755427, 0,-4.907401129603386, 5.975502630755427, 0,-4.90740180015564, 5.975514968568191, 0,-4.907405823469162, 5.975539310738517, 0,-4.907405488193035, 5.97556632054267, 0,-4.90740180015564, 5.975575990719151, 0,-4.907403476536274, 5.975583326714986, 0,-4.907403476536274, 5.975583326714986, 0,-4.907405823469162, 5.975592663436796, 0,-4.907407835125923, 5.975602667067159, 0,-4.907407164573669, 5.975613671060326, 0,-4.907406829297543, 5.975624008144621, 0,-4.907406829297543, 5.975624008144621, 0,-4.907405488193035, 5.975635345591694, 0,-4.907405488193035, 5.975635345591694, 0,-4.907405488193035, 5.975645682675583, 0,-4.907405488193035, 5.975645682675583, 0,-4.907407164573669, 5.975656686667884, 0,-4.907406158745289, 5.975668357568573, 0,-4.907406829297543, 5.975678027743247, 0,-4.907407499849796, 5.975686697554877, 0,-4.907406829297543, 5.975695367366366, 0,-4.907405152916908, 5.975703703723438, 0,-4.907403476536274, 5.975711039717568, 0,-4.907392077147961, 5.975725378251245, 0,-4.907392077147961, 5.975725378251245, 0,-4.9073877185583115, 5.97573271424507, 0,-4.9073877185583115, 5.97573271424507, 0,-4.907382018864155, 5.975739716784554, 0,-4.907354526221752, 5.975746719323924, 0,-4.907347820699215, 5.975747052778175, 0,-4.907342456281185, 5.9757480531409275, 0,-4.907336421310902, 5.975750053866458, 0,-4.907336421310902, 5.975750053866458, 0,-4.907320998609066, 5.975764725853356, 0,-4.907319322228432, 5.975771061483931, 0,-4.907319322228432, 5.975771061483931, 0,-4.907319322228432, 5.975771061483931, 0,-4.907317645847797, 5.97577673020598, 0,-4.9073173105716705, 5.975782732382189, 0,-4.907318651676178, 5.975798738185099, 0,-4.907319657504559, 5.975806074177956, 0,-4.907319657504559, 5.975806074177956, 0,-4.907319992780685, 5.975814077079124, 0,-4.907319992780685, 5.975814077079124, 0,-4.907321333885193, 5.97582207998019, 0,-4.907321333885193, 5.97582207998019, 0,-4.907319657504559, 5.97583041633533, 0,-4.907319657504559, 5.97583041633533, 0,-4.907315634191036, 5.975846088682652, 0,-4.907314293086529, 5.975869763929896, 0,-4.907315969467163, 5.975877433375961, 0,-4.907316640019417, 5.975892772267772, 0,-4.907314293086529, 5.9758997748052085, 0,-4.90731094032526, 5.975906443888381, 0,-4.90731094032526, 5.975906443888381, 0,-4.9073005467653275, 5.975919782054497, 0,-4.907294847071171, 5.975921782779379, 0,-4.907294847071171, 5.975921782779379, 0,-4.907284118235111, 5.975941456573742, 0,-4.907280094921589, 5.975951460197706, 0,-4.907280094921589, 5.975951460197706, 0,-4.907277412712574, 5.975962464183862, 0,-4.9072787538170815, 5.975973134715691, 0,-4.907278418540955, 5.975983138339095, 0,-4.907278418540955, 5.975983138339095, 0,-4.907279089093208, 5.9759921415999875, 0,-4.907279089093208, 5.9759921415999875, 0,-4.907285459339619, 5.9760231528308525, 0,-4.907287135720253, 5.976032489545169, 0,-4.907287135720253, 5.976032489545169, 0,-4.907287135720253, 5.976032489545169, 0,-4.9072857946157455, 5.976043493529697, 0,-4.9072857946157455, 5.976043493529697, 0,-4.907279424369335, 5.976052830243683, 0,-4.907279424369335, 5.976052830243683, 0,-4.907274059951305, 5.9760625004115635, 0,-4.907271713018417, 5.976073837849541, 0,-4.9072713777422905, 5.97609717963289, 0,-4.907267354428768, 5.976106182891913, 0,-4.907267354428768, 5.976106182891913, 0,-4.907260648906231, 5.976113185426614, 0,-4.907253608107567, 5.976119854507191, 0,-4.907253608107567, 5.976119854507191, 0,-4.907241873443127, 5.976133526122125, 0,-4.9072254449129105, 5.976143529742591, 0,-4.9072254449129105, 5.976143529742591, 0,-4.907219745218754, 5.9761498653687894, 0,-4.907219745218754, 5.9761498653687894, 0,-4.907216057181358, 5.976159535534952, 0,-4.907216057181358, 5.976159535534952, 0,-4.907214380800724, 5.976168205338949, 0,-4.90721270442009, 5.9761768751428175, 0,-4.907202981412411, 5.976193214388183, 0,-4.907202981412411, 5.976193214388183, 0,-4.907196611166, 5.9762002169217645, 0,-4.907196611166, 5.9762002169217645, 0,-4.907191246747971, 5.976207886363198, 0,-4.907177500426769, 5.976232561956669, 0,-4.907168112695217, 5.976237230312059, 0,-4.907158054411411, 5.976242899029286, 0,-4.907158054411411, 5.976242899029286, 0,-4.907147660851479, 5.976246900476682, 0,-4.907137602567673, 5.976252569193795, 0,-4.907127544283867, 5.976260572088436, 0,-4.907127544283867, 5.976260572088436, 0,-4.9071188271045685, 5.976267908075098, 0,-4.9071188271045685, 5.976267908075098, 0,-4.907110445201397, 5.976276244423456, 0,-4.907110445201397, 5.976276244423456, 0,-4.907103404402733, 5.976283246955969, 0,-4.907095693051815, 5.976291583304086, 0,-4.907090328633785, 5.9762999196520745, 0,-4.907090328633785, 5.9762999196520745, 0,-4.907083287835121, 5.976304588006905, 0,-4.907083287835121, 5.976304588006905, 0,-4.907083287835121, 5.976304588006905, 0,-4.907069206237793, 5.9763109236312335, 0,-4.907063506543636, 5.976312924354691, 0,-4.907063506543636, 5.976312924354691, 0,-4.90705881267786, 5.976316925801592, 0,-4.90705881267786, 5.976316925801592, 0,-4.907052107155323, 5.97632326142578, 0,-4.9070437252521515, 5.976329597049906, 0,-4.9070437252521515, 5.976329597049906, 0,-4.907036684453487, 5.976334932312258, 0,-4.907036684453487, 5.976334932312258, 0,-4.907027631998062, 5.976338933758994, 0,-4.907027631998062, 5.976338933758994, 0,-4.907018914818764, 5.9763432686595985, 0,-4.907018914818764, 5.9763432686595985, 0,-4.907009527087212, 5.976349604283483, 0,-4.906972646713257, 5.976352605368458, 0,-4.906972646713257, 5.976352605368458, 0,-4.906972646713257, 5.976352605368458, 0,-4.9069612473249435, 5.976353939183999, 0,-4.9069612473249435, 5.976353939183999, 0,-4.906953200697899, 5.976356940268948, 0,-4.906953200697899, 5.976356940268948, 0,-4.906947165727615, 5.976355939907302, 0,-4.906940795481205, 5.976351938460694, 0,-4.906940795481205, 5.976351938460694, 0,-4.9069324135780334, 5.976345936290718, 0,-4.906923696398735, 5.976342935205704, 0,-4.906923696398735, 5.976342935205704, 0,-4.9069153144955635, 5.976339600666783, 0,-4.9069032445549965, 5.976338600305112, 0,-4.9069032445549965, 5.976338600305112, 0,-4.906880781054497, 5.976331931227194, 0,-4.906880781054497, 5.976331931227194, 0,-4.906872063875198, 5.9763275963265, 0,-4.906861335039139, 5.9763245952413975, 0,-4.906850941479206, 5.9763215941562695, 0,-4.906850941479206, 5.9763215941562695, 0,-4.906841889023781, 5.976316925801592, 0,-4.906841889023781, 5.976316925801592, 0</coordinates>
                </LinearRing>
            </outerBoundaryIs>
        </Polygon>
    </MultiGeometry>
  </Placemark><Placemark>
	<Style><LineStyle><color>ff0000ff</color></LineStyle><PolyStyle><fill>0</fill></PolyStyle></Style>
	<ExtendedData><SchemaData schemaUrl="#programmeband_1">
		<SimpleData name="N°">30</SimpleData>
		<SimpleData name="Cooperative">COOP CA SCAAB</SimpleData>
		<SimpleData name="Code_CCC">COOP CA SCAAB</SimpleData>
		<SimpleData name="Code_Producteur">SCAAB-TIA-104</SimpleData>
		<SimpleData name="Code_Parcelle">SCAAB-TIA-104-P1</SimpleData>
		<SimpleData name="Section">TIASSALE</SimpleData>
		<SimpleData name="Localite">TIASSALE</SimpleData>
		<SimpleData name="Sous-Prefecture">TIASSALE</SimpleData>
		<SimpleData name="Region ">AGNEBY-TIASSA</SimpleData>
		<SimpleData name="Nom">BOTI</SimpleData>
		<SimpleData name="Prenoms">ALAIN</SimpleData>
		<SimpleData name="Genre">Homme</SimpleData>
		<SimpleData name="Programme">Mondelez</SimpleData>
		<SimpleData name="Departement"></SimpleData>
		<SimpleData name="Statut">Candidat</SimpleData>
	</SchemaData>
    </ExtendedData>
      <MultiGeometry>
        <Polygon>
            <outerBoundaryIs>
                <LinearRing>
                    <coordinates>-4.8770733922719955, 5.876873321386672, 0,-4.8770733922719955, 5.876873321386672, 0,-4.8770733922719955, 5.876873321386672, 0,-4.877076745033264, 5.876868652190763, 0,-4.877074062824249, 5.876869986246753, 0,-4.877059310674667, 5.876877323554553, 0,-4.877045899629593, 5.876884994376259, 0,-4.8770395293831825, 5.876891331141924, 0,-4.8770200833678246, 5.876900002505359, 0,-4.877013377845287, 5.876909340896604, 0,-4.8770033195614815, 5.876919346315608, 0,-4.8769959434866905, 5.876923014969203, 0,-4.876962415874004, 5.876933353901923, 0,-4.876947999000549, 5.876933687415879, 0,-4.87693727016449, 5.876935021471692, 0,-4.8769282177090645, 5.876939023639141, 0,-4.876906760036945, 5.876947695001838, 0,-4.876885637640953, 5.876957700420156, 0,-4.876870550215244, 5.876973375575157, 0,-4.876859150826931, 5.876980712881621, 0,-4.876849763095379, 5.87698838370189, 0,-4.876836687326431, 5.877003725342121, 0,-4.876817911863327, 5.8770220686070545, 0,-4.8768118768930435, 5.877027738343369, 0,-4.876800142228603, 5.877032741051835, 0,-4.876793436706066, 5.8770377437602495, 0,-4.876785725355148, 5.877042412954745, 0,-4.876770973205566, 5.877052751885239, 0,-4.876761585474014, 5.877056420537956, 0,-4.876761585474014, 5.877056420537956, 0,-4.876754209399223, 5.877061423246155, 0,-4.8767488449811935, 5.877068760551449, 0,-4.876740463078022, 5.8770784324537235, 0,-4.876734092831612, 5.877086770300391, 0,-4.876730069518089, 5.877093107063752, 0,-4.876717664301395, 5.87710444653488, 0,-4.876708276569843, 5.877111116811893, 0,-4.876682460308075, 5.877124790879543, 0,-4.8766519501805305, 5.877136797377694, 0,-4.876586906611919, 5.877159809831743, 0,-4.8765577375888824, 5.877178486605353, 0,-4.87653125077486, 5.877178486605353, 0,-4.87651314586401, 5.877178820119156, 0,-4.876502081751823, 5.87718282228485, 0,-4.876474589109421, 5.877180487688199, 0,-4.876452460885048, 5.877183155798654, 0,-4.87641055136919, 5.877199164461111, 0,-4.876363277435303, 5.877194161754145, 0,-4.876345843076706, 5.877187491478113, 0,-4.876264370977879, 5.877168481190991, 0,-4.876253306865692, 5.87716614659429, 0,-4.876242913305759, 5.877164812539025, 0,-4.876183904707432, 5.877262532078825, 0,-4.876177869737148, 5.877271870463977, 0,-4.876179546117783, 5.877291214261302, 0,-4.8761822283267975, 5.8773095575167575, 0,-4.876180551946163, 5.877324899148146, 0,-4.876181557774544, 5.877334237532255, 0,-4.876189939677715, 5.877343909429912, 0,-4.876211397349834, 5.87735158024518, 0,-4.876216426491737, 5.877373258635605, 0,-4.876178205013275, 5.877432624069625, 0,-4.87617451697588, 5.87745763759329, 0,-4.876176193356514, 5.877487987333843, 0,-4.87616915255785, 5.877546685728449, 0,-4.876176863908768, 5.877613721955626, 0,-4.876183904707432, 5.877613721955626, 0,-4.87620335072279, 5.87760738519818, 0,-4.876212067902088, 5.8776037165491015, 0,-4.876212067902088, 5.8776037165491015, 0,-4.876241907477379, 5.877593711142386, 0,-4.876268059015274, 5.8775950451966334, 0,-4.876277111470699, 5.877603383035552, 0,-4.876284822821617, 5.877614055469175, 0,-4.876307956874371, 5.877634399795226, 0,-4.876307956874371, 5.877634399795226, 0,-4.876331761479378, 5.877662414931508, 0,-4.876336455345154, 5.877669085201841, 0,-4.876367300748825, 5.8776917641203825, 0,-4.876400828361511, 5.877724114929062, 0,-4.876410886645317, 5.877728117090824, 0,-4.876429997384548, 5.877735454387327, 0,-4.8764413967728615, 5.8777461268184314, 0,-4.8764534667134285, 5.8777644700589, 0,-4.876457825303078, 5.877772807895288, 0,-4.876476936042309, 5.877791818161761, 0,-4.876500740647316, 5.8778081603201455, 0,-4.876514822244644, 5.877820500316973, 0,-4.876569472253323, 5.877875863542603, 0,-4.8765962943434715, 5.877891538671766, 0,-4.876615405082703, 5.877876197055987, 0,-4.876630827784538, 5.877845847336617, 0,-4.876652285456657, 5.877830172206182, 0,-4.876680113375187, 5.877824502478036, 0,-4.87669050693512, 5.877824502478036, 0,-4.876708947122097, 5.877832173286688, 0,-4.876714646816254, 5.877835841934252, 0,-4.876754209399223, 5.8778351749074345, 0,-4.876764938235283, 5.877833840853772, 0,-4.876816235482693, 5.877830172206182, 0,-4.876869209110737, 5.877839844095226, 0,-4.876886308193207, 5.877831172746422, 0,-4.876907430589199, 5.877833173826928, 0,-4.876936264336109, 5.877853851658373, 0,-4.876960068941116, 5.877887870024544, 0,-4.876973144710064, 5.87791154947428, 0,-4.876986555755138, 5.877920554335184, 0,-4.877006337046623, 5.8779188867683665, 0,-4.8770056664943695, 5.877917552714895, 0,-4.877011030912399, 5.87790721380047, 0,-4.877016395330429, 5.877901544073112, 0,-4.8770251125097275, 5.877897541912584, 0,-4.877037517726421, 5.8778938732654264, 0,-4.877055957913399, 5.877884201377311, 0,-4.877069033682346, 5.877877864622944, 0,-4.877086132764816, 5.877884201377311, 0,-4.877097867429256, 5.87788653597101, 0,-4.87716156989336, 5.877872194895293, 0,-4.877183362841606, 5.877868192734561, 0,-4.87719040364027, 5.877865524627402, 0,-4.87719040364027, 5.877865524627402, 0,-4.877196103334427, 5.877861855980016, 0,-4.877218566834927, 5.877849849497502, 0,-4.877225607633591, 5.877849849497502, 0,-4.877242036163807, 5.877840844635466, 0,-4.877253100275993, 5.877835841934252, 0,-4.877264499664307, 5.877832173286688, 0,-4.877289645373821, 5.8778295051793386, 0,-4.8773255199193954, 5.877826170045145, 0,-4.877326190471649, 5.877819833290116, 0,-4.877321831882, 5.877803157618639, 0,-4.8773084208369255, 5.877755131682005, 0,-4.877302050590515, 5.877737121954704, 0,-4.877300709486008, 5.877701102498346, 0,-4.8773010447621346, 5.8776991014173685, 0,-4.877300374209881, 5.877698434390372, 0,-4.877300038933754, 5.877698434390372, 0,-4.877280592918396, 5.877691430606884, 0,-4.877266846597195, 5.877687761958366, 0,-4.877254441380501, 5.8776834262827995, 0,-4.877243377268314, 5.877679424120706, 0,-4.877225272357464, 5.877669418715352, 0,-4.8772189021110535, 5.87766541655317, 0,-4.877202473580837, 5.877641070065903, 0,-4.877190738916397, 5.877628730065082, 0,-4.87718403339386, 5.877621392767179, 0,-4.877169951796532, 5.877606384657533, 0,-4.87716156989336, 5.877598380332214, 0,-4.877129383385181, 5.877557024649591, 0,-4.877128042280674, 5.877523006263192, 0,-4.877135753631592, 5.877480650034082, 0,-4.877145141363144, 5.877464641379717, 0,-4.877157881855965, 5.877444964074772, 0,-4.877162910997868, 5.877425953796455, 0,-4.8771655932068825, 5.877418950009531, 0,-4.8771702870726585, 5.877402607839721, 0,-4.877171963453293, 5.877393269456758, 0,-4.877172634005547, 5.877384264587332, 0,-4.877175986766815, 5.877358584032955, 0,-4.877176992595196, 5.877350579704075, 0,-4.877183027565479, 5.877318562387405, 0,-4.8771823570132256, 5.877310558057965, 0,-4.8771733045578, 5.87726486667512, 0,-4.8771733045578, 5.87726486667512, 0,-4.877172969281673, 5.877246523418176, 0,-4.877169281244278, 5.877234183408627, 0,-4.877162910997868, 5.8772068352783755, 0,-4.877159558236599, 5.877171482815313, 0,-4.877162910997868, 5.877153139555302, 0,-4.87716693431139, 5.8771361303500225, 0,-4.877163581550121, 5.877107114645691, 0,-4.8771558701992035, 5.877084769217188, 0,-4.877156540751457, 5.877048082690844, 0,-4.87715620547533, 5.877027738343369, 0,-4.877150841057301, 5.877005059397767, 0,-4.877145476639271, 5.876984381534809, 0,-4.877140782773495, 5.876965037726798, 0,-4.877136759459972, 5.876947361487881, 0,-4.877129383385181, 5.876928351192567, 0,-4.877115301787853, 5.87688866303007, 0</coordinates>
                </LinearRing>
            </outerBoundaryIs>
        </Polygon>
    </MultiGeometry>
  </Placemark><Placemark>
	<Style><LineStyle><color>ff0000ff</color></LineStyle><PolyStyle><fill>0</fill></PolyStyle></Style>
	<ExtendedData><SchemaData schemaUrl="#programmeband_1">
		<SimpleData name="N°">31</SimpleData>
		<SimpleData name="Cooperative">COOP CA SCAAB</SimpleData>
		<SimpleData name="Code_CCC">COOP CA SCAAB</SimpleData>
		<SimpleData name="Code_Producteur">SCAAB-TIA-101</SimpleData>
		<SimpleData name="Code_Parcelle">SCAAB-TIA-101-P1</SimpleData>
		<SimpleData name="Section">TIASSALE</SimpleData>
		<SimpleData name="Localite">TIASSALE</SimpleData>
		<SimpleData name="Sous-Prefecture">TIASSALE</SimpleData>
		<SimpleData name="Region ">AGNEBY-TIASSA</SimpleData>
		<SimpleData name="Nom">TRA</SimpleData>
		<SimpleData name="Prenoms">HONORE</SimpleData>
		<SimpleData name="Genre">Homme</SimpleData>
		<SimpleData name="Programme">Mondelez</SimpleData>
		<SimpleData name="Departement"></SimpleData>
		<SimpleData name="Statut">Candidat</SimpleData>
	</SchemaData>
    </ExtendedData>
      <MultiGeometry>
        <Polygon>
            <outerBoundaryIs>
                <LinearRing>
                    <coordinates>-4.883536845445633, 5.870510171583977, 0,-4.883536845445633, 5.8705098380661775, 0,-4.883516728878021, 5.870525846920447, 0,-4.88350935280323, 5.870536185971941, 0,-4.883507005870342, 5.870540855220915, 0,-4.883498288691044, 5.870551861307675, 0,-4.8834942653775215, 5.870565202018616, 0,-4.883495271205902, 5.870574540516066, 0,-4.883507005870342, 5.870619898930063, 0,-4.883506670594215, 5.870636241298913, 0,-4.883505664765835, 5.870648581454665, 0,-4.8835063353180885, 5.870658586986147, 0,-4.883510693907738, 5.870657586433007, 0,-4.883523769676685, 5.870651583114125, 0,-4.883529469370842, 5.870650916078693, 0,-4.88353718072176, 5.870654251255863, 0,-4.883549585938454, 5.870658586986147, 0,-4.883555956184864, 5.870660254574719, 0,-4.883562661707401, 5.870660588092428, 0,-4.8835717141628265, 5.870662255680988, 0,-4.883580096065998, 5.870667258446627, 0,-4.8835837841033936, 5.870669926588288, 0,-4.883588142693043, 5.870674262318445, 0,-4.883591830730438, 5.870679265083983, 0,-4.883610941469669, 5.870696608004166, 0,-4.88361731171608, 5.8706999431810685, 0,-4.883629716932774, 5.870703945393313, 0,-4.883646480739117, 5.8707052794640475, 0,-4.883646480739117, 5.8707052794640475, 0,-4.883658215403557, 5.870706613534783, 0,-4.883668273687363, 5.870708281123215, 0,-4.883672967553139, 5.870701944287184, 0,-4.883677996695042, 5.87069627448647, 0,-4.883681684732437, 5.870692272274175, 0,-4.883687384426594, 5.8706889370972215, 0,-4.8836954310536385, 5.8706869359910545, 0,-4.883703477680683, 5.870687603026448, 0,-4.883714206516743, 5.870690604685704, 0,-4.883734658360481, 5.870701944287184, 0,-4.8837460577487946, 5.870705946499428, 0,-4.883769527077675, 5.870713283888435, 0,-4.883780255913734, 5.870717286100589, 0,-4.883788302540779, 5.870721288312719, 0,-4.883791655302048, 5.870724957007127, 0,-4.883799701929092, 5.870727291630851, 0,-4.88381814211607, 5.870728959219206, 0,-4.88383524119854, 5.870730626807561, 0,-4.883857034146786, 5.870735296054919, 0,-4.883870780467987, 5.870733628466589, 0,-4.883899614214897, 5.870733628466589, 0,-4.883910678327084, 5.870734962537248, 0,-4.883929789066315, 5.870732961431247, 0,-4.883957952260971, 5.870723622936443, 0,-4.883965998888016, 5.870721288312719, 0,-4.88397940993309, 5.870712283335395, 0,-4.8839834332466125, 5.870706947052467, 0,-4.883976057171822, 5.870697942074927, 0,-4.883972369134426, 5.870693272827238, 0,-4.8839690163731575, 5.8706869359910545, 0,-4.8839713633060455, 5.870667591964336, 0,-4.8839787393808365, 5.8706455797951795, 0,-4.883981421589851, 5.870630571497537, 0,-4.883983768522739, 5.870619898930063, 0,-4.883992150425911, 5.870601221936512, 0,-4.8840052261948586, 5.870578876246974, 0,-4.88400723785162, 5.87057253940948, 0,-4.8840102553367615, 5.870565535536376, 0,-4.88401360809803, 5.870558865180956, 0,-4.884017296135426, 5.870539187632012, 0,-4.884016960859299, 5.870533184311846, 0,-4.884015284478664, 5.87052918209838, 0,-4.884010925889015, 5.870523178778112, 0,-4.884009920060635, 5.870517842493376, 0,-4.884009584784508, 5.870509171030581, 0,-4.884006232023239, 5.870500833085445, 0,-4.884009249508381, 5.870475485731473, 0,-4.884015284478664, 5.87046047742925, 0,-4.884019643068314, 5.870444135055249, 0,-4.884027354419231, 5.8704231234308235, 0,-4.884034730494022, 5.870408782162925, 0,-4.884036406874657, 5.870401778287747, 0,-4.884030036628246, 5.87037943259022, 0,-4.8840270191431046, 5.870370761125263, 0,-4.88401897251606, 5.87035708689179, 0,-4.884015284478664, 5.870349082462276, 0,-4.884010590612888, 5.870342078586361, 0,-4.884007573127747, 5.8703107279026305, 0,-4.884005561470985, 5.870301055882814, 0,-4.884007573127747, 5.870280711288885, 0,-4.884033724665642, 5.870245358386179, 0,-4.884039089083672, 5.870237353955075, 0,-4.884044453501701, 5.870230350077761, 0,-4.884048141539097, 5.87022234564644, 0,-4.884051829576492, 5.870216342322864, 0,-4.884060211479664, 5.870210005481235, 0,-4.884075298905373, 5.8701846581140575, 0,-4.8841071501374245, 5.8701509727953445, 0,-4.884127601981163, 5.8701369650384505, 0,-4.884127601981163, 5.8701369650384505, 0,-4.884135313332081, 5.870132962822136, 0,-4.884135313332081, 5.870132962822136, 0,-4.884142354130745, 5.870126625979565, 0,-4.884168170392513, 5.870108949523607, 0,-4.884168170392513, 5.870108949523607, 0,-4.884195663034916, 5.8700645916222305, 0,-4.884198680520058, 5.870059255333093, 0,-4.884207397699356, 5.870051917935461, 0,-4.884193986654282, 5.87003424147715, 0,-4.884194657206535, 5.87002790463346, 0,-4.884246625006199, 5.86996587026512, 0,-4.884251989424229, 5.869944858622681, 0,-4.88425936549902, 5.869924180497581, 0,-4.884265400469303, 5.869915509025537, 0,-4.88427110016346, 5.869910839771309, 0,-4.8842814937233925, 5.8698968320083855, 0,-4.884287528693676, 5.869888494054089, 0,-4.884292893111706, 5.869881490172385, 0,-4.884302280843258, 5.869869817036033, 0,-4.8843079805374146, 5.869859477972186, 0,-4.884318709373474, 5.869845470207964, 0,-4.884326085448265, 5.869836131698288, 0,-4.884332790970802, 5.869826126152035, 0,-4.884336814284325, 5.869817121160259, 0,-4.884343519806862, 5.869801445803839, 0,-4.884352572262287, 5.869783769337563, 0,-4.884358607232571, 5.869764091761241, 0,-4.884360618889332, 5.869748416403346, 0,-4.884364642202854, 5.869741412519874, 0,-4.88437470048666, 5.869727738270969, 0,-4.8843807354569435, 5.869710395320634, 0,-4.88438107073307, 5.869709394765789, 0,-4.8843760415911674, 5.869707060137804, 0,-4.884375706315041, 5.86970305791841, 0,-4.884373359382153, 5.8696997227355405, 0,-4.884371347725391, 5.869695053479507, 0,-4.884371347725391, 5.869695053479507, 0,-4.884366653859615, 5.869692385333189, 0,-4.884366653859615, 5.869692385333189, 0,-4.884363636374474, 5.869695053479507, 0,-4.8843492195010185, 5.869699389217259, 0,-4.88432876765728, 5.869707393656098, 0,-4.88432340323925, 5.869704725509831, 0,-4.884318374097347, 5.869700056253835, 0,-4.884298928081989, 5.869687382558784, 0,-4.8842814937233925, 5.869682379784341, 0,-4.884271435439587, 5.869680378674561, 0,-4.884261377155781, 5.869679044601358, 0,-4.884252659976482, 5.869677043491553, 0,-4.884238243103027, 5.869660701094587, 0,-4.884223826229572, 5.8696490279536055, 0,-4.884206056594849, 5.869643358142166, 0,-4.884167164564133, 5.869633686110773, 0,-4.884154424071312, 5.8696346866657585, 0,-4.8841433599591255, 5.869627015744208, 0,-4.884136989712715, 5.869623347042562, 0,-4.884126931428909, 5.8696123409374685, 0,-4.884121902287006, 5.8696046700156135, 0,-4.884121902287006, 5.8696046700156135, 0,-4.884113185107708, 5.869584992432968, 0,-4.884113185107708, 5.869584992432968, 0,-4.884111508727074, 5.869575987437287, 0,-4.884108155965805, 5.8695583109638605, 0,-4.8840950801968575, 5.869541635045026, 0,-4.884091727435589, 5.8695339641221915, 0,-4.88408736884594, 5.869530628938318, 0,-4.8840803280472755, 5.869524625607299, 0,-4.884074628353119, 5.869517621721028, 0,-4.884066581726074, 5.869512952463454, 0,-4.884055852890015, 5.869504948021817, 0,-4.884011931717396, 5.869494942469623, 0,-4.883998520672321, 5.869493941914396, 0,-4.883986786007881, 5.86948693802773, 0,-4.8839616402983665, 5.869487938582982, 0,-4.883949905633926, 5.869484269880407, 0,-4.883946888148785, 5.869488272101392, 0,-4.88394521176815, 5.869491940803929, 0,-4.883943535387516, 5.86949927820894, 0,-4.88393347710371, 5.869511951908253, 0,-4.88389827311039, 5.869529294864771, 0,-4.883886873722076, 5.869534964677355, 0,-4.8838744685053825, 5.869544303192069, 0,-4.883862733840942, 5.869544636710453, 0,-4.883836917579174, 5.869549973004501, 0,-4.883823171257973, 5.86955330818826, 0,-4.883805066347122, 5.869561646147569, 0,-4.883795343339443, 5.869572652253667, 0,-4.883788637816906, 5.86958299132282, 0,-4.883786626160145, 5.869585659469672, 0,-4.883783273398876, 5.869586660024746, 0,-4.883783273398876, 5.869586660024746, 0,-4.883783273398876, 5.869586660024746, 0,-4.883782938122749, 5.869619344822544, 0,-4.883781932294369, 5.8696253481525575, 0,-4.883779585361481, 5.869647693880325, 0,-4.883778244256973, 5.8696576994297835, 0,-4.883776567876339, 5.869668038497359, 0,-4.8837752267718315, 5.869676042936656, 0,-4.883767515420914, 5.869688383113668, 0,-4.8837608098983765, 5.869704058473268, 0,-4.883764162659645, 5.86973941141031, 0,-4.883762151002884, 5.869747415848564, 0,-4.883757121860981, 5.86976175713351, 0,-4.883747398853302, 5.869782435264614, 0,-4.883741028606892, 5.869787104519924, 0,-4.883725941181183, 5.869796443030427, 0,-4.883706495165825, 5.869804113949648, 0,-4.883676320314407, 5.869803780431417, 0,-4.883662573993206, 5.8697914402569635, 0,-4.883658215403557, 5.869787104519924, 0,-4.883613623678684, 5.86978343581932, 0,-4.883592836558819, 5.869786437483449, 0,-4.883576408028603, 5.869787104519924, 0,-4.883553273975849, 5.869794441921042, 0,-4.883538521826267, 5.869802446358507, 0,-4.8835264518857, 5.869809450241203, 0,-4.883507341146469, 5.869818121714901, 0,-4.883490912616253, 5.869817121160259, 0,-4.883490912616253, 5.869817121160259, 0,-4.883477501571178, 5.869820456342415, 0,-4.8834677785634995, 5.869825459115612, 0,-4.883460737764835, 5.869829794852346, 0,-4.883448667824268, 5.869838466325726, 0,-4.883435256779194, 5.869845470207964, 0,-4.8834288865327835, 5.869847471317159, 0,-4.883410446345806, 5.869855475753873, 0,-4.883398711681366, 5.869860145008559, 0,-4.8833829537034035, 5.869863813708666, 0,-4.883380606770515, 5.869860145008559, 0,-4.883379265666008, 5.869853141126511, 0,-4.883377254009247, 5.869839133362124, 0,-4.8833755776286125, 5.869832462998015, 0,-4.883366860449314, 5.869820789860621, 0,-4.88336518406868, 5.869814119496283, 0,-4.883366525173187, 5.869796776548657, 0,-4.883367195725441, 5.869779100082229, 0,-4.88336518406868, 5.869765759352485, 0,-4.883358143270016, 5.86975441973196, 0,-4.8833440616726875, 5.869742079556399, 0,-4.883345738053322, 5.869719733832422, 0,-4.883348420262337, 5.869711062357198, 0,-4.883338361978531, 5.86968704904049, 0,-4.883326292037964, 5.869674708863453, 0,-4.883315898478031, 5.869665703869209, 0,-4.883306175470352, 5.869652363136754, 0,-4.8833004757761955, 5.869635020184078, 0,-4.883293770253658, 5.869616343157524, 0,-4.883289076387882, 5.869601001313814, 0,-4.883279353380203, 5.869583324841191, 0,-4.883263260126114, 5.869564314294523, 0,-4.883239455521107, 5.869549973004501, 0,-4.883229061961174, 5.869551640596393, 0,-4.883222356438637, 5.8695583109638605, 0,-4.883216992020607, 5.869562646702682, 0,-4.883200228214264, 5.869564981331252, 0,-4.8831915110349655, 5.869569317070022, 0,-4.883171729743481, 5.869569650588393, 0,-4.883154295384884, 5.869569984106751, 0,-4.883124455809593, 5.869560979110828, 0,-4.883114732801914, 5.869559645037344, 0,-4.883092939853668, 5.869555642816882, 0,-4.88307349383831, 5.8695469713390995, 0,-4.883065447211266, 5.8695439696736855, 0,-4.883043318986893, 5.869538966897958, 0,-4.883030243217945, 5.8695339641221915, 0,-4.883016161620617, 5.869516954684222, 0,-4.883010126650333, 5.8694999452457575, 0,-4.883001744747162, 5.869446915816563, 0,-4.883006438612938, 5.869437910818654, 0,-4.883005768060684, 5.869431573968184, 0,-4.882990680634975, 5.869423569525375, 0,-4.882988333702087, 5.869420567859312, 0,-4.882987663149834, 5.869410228787132, 0,-4.882990345358849, 5.869391218234561, 0,-4.882987327873707, 5.869379211569458, 0,-4.882979951798916, 5.8693678719410585, 0,-4.882968552410603, 5.869348861387038, 0,-4.882941395044327, 5.869350528979515, 0,-4.882924966514111, 5.869350195461029, 0,-4.882916584610939, 5.869362535645254, 0,-4.88290686160326, 5.869406893602507, 0,-4.882900156080723, 5.86943324156042, 0,-4.882898814976215, 5.869445248224364, 0,-4.882896468043327, 5.869465592848803, 0,-4.882896468043327, 5.8694829358067455, 0,-4.882890433073044, 5.8695002787641535, 0,-4.8828887566924095, 5.869503613948206, 0,-4.882895462214947, 5.869522624496934, 0,-4.882897138595581, 5.869540968008259, 0,-4.882896468043327, 5.869553641706631, 0,-4.882901161909103, 5.869564314294523, 0,-4.882906191051006, 5.869574653363841, 0,-4.8829105496406555, 5.869580990212671, 0,-4.8829202726483345, 5.869591662800041, 0,-4.882925637066364, 5.869595331501892, 0,-4.882937371730804, 5.869608672235721, 0,-4.882940724492073, 5.869623347042562, 0,-4.882940053939819, 5.8696293503725245, 0,-4.882938042283058, 5.869638021849009, 0,-4.882938712835312, 5.869649361471913, 0,-4.8829410597682, 5.869657032393157, 0,-4.88294743001461, 5.869679044601358, 0,-4.882948435842991, 5.869698055144107, 0,-4.882948771119118, 5.8697057260646766, 0,-4.882947094738483, 5.8697190667958585, 0,-4.882948100566864, 5.869728405307507, 0,-4.882951453328133, 5.869744747702487, 0,-4.882950447499752, 5.869758088432729, 0,-4.882946088910103, 5.869766759907216, 0,-4.8829420655965805, 5.869787438038155, 0,-4.882937707006931, 5.869795442475734, 0,-4.8829346895217896, 5.86980811616833, 0,-4.882931001484394, 5.869821456897057, 0,-4.882931672036648, 5.869833463552644, 0,-4.882928989827633, 5.869835464661877, 0,-4.882879368960857, 5.869863146672281, 0,-4.882861264050007, 5.869878488508777, 0,-4.882828406989574, 5.869937854741677, 0,-4.882827065885067, 5.8699445251045255, 0,-4.882829748094082, 5.869959199902525, 0,-4.882837794721127, 5.869963869156359, 0,-4.882846511900425, 5.8699705395188895, 0,-4.882848858833313, 5.869979210990069, 0,-4.882848858833313, 5.869999555595016, 0,-4.882846176624298, 5.870013896873474, 0,-4.882851541042328, 5.870033240922877, 0,-4.882848188281059, 5.870053919043918, 0,-4.882829748094082, 5.870080934007364, 0,-4.882815666496754, 5.870094941765657, 0,-4.8828113079071045, 5.87011361877618, 0,-4.882815666496754, 5.870128627087754, 0,-4.882815666496754, 5.870144302434963, 0,-4.882818348705769, 5.87015063927733, 0,-4.882861599326134, 5.870158310191666, 0,-4.882885739207268, 5.870162645925818, 0,-4.882934018969536, 5.870174986092066, 0,-4.882969222962856, 5.870187326258022, 0,-4.8829809576272964, 5.870191661991945, 0,-4.882994703948498, 5.870193663099905, 0,-4.883035272359848, 5.870200333459689, 0,-4.8830728232860565, 5.870205669747465, 0,-4.883099980652332, 5.870206670301407, 0,-4.8831261321902275, 5.870204335675521, 0,-4.88316535949707, 5.87021767639477, 0,-4.8832035809755325, 5.87023468581134, 0,-4.883218668401241, 5.870242690242495, 0,-4.883234426379204, 5.870256364478779, 0,-4.883248843252659, 5.870267037053211, 0,-4.883267283439636, 5.870288048683501, 0,-4.883285723626614, 5.870301055882814, 0,-4.883302822709084, 5.870312061974308, 0,-4.883315563201904, 5.870323068065597, 0,-4.883332997560501, 5.870341745068461, 0,-4.8833635076880455, 5.870362089660165, 0,-4.883384965360165, 5.870367092428501, 0,-4.8834023997187614, 5.87037609741141, 0,-4.883419834077358, 5.870387770537164, 0,-4.883435592055321, 5.870396442001854, 0,-4.88344632089138, 5.870407781609326, 0,-4.883466772735119, 5.870435463591308, 0,-4.883485548198223, 5.870448804305011, 0,-4.8834966123104095, 5.870457142250923, 0,-4.8835016414523125, 5.870462812054067, 0,-4.88352108746767, 5.870475819249309, 0</coordinates>
                </LinearRing>
            </outerBoundaryIs>
        </Polygon>
    </MultiGeometry>
  </Placemark><Placemark>
	<Style><LineStyle><color>ff0000ff</color></LineStyle><PolyStyle><fill>0</fill></PolyStyle></Style>
	<ExtendedData><SchemaData schemaUrl="#programmeband_1">
		<SimpleData name="N°">32</SimpleData>
		<SimpleData name="Cooperative">COOP CA SCAAB</SimpleData>
		<SimpleData name="Code_CCC">COOP CA SCAAB</SimpleData>
		<SimpleData name="Code_Producteur">SCAAB-TIA-100</SimpleData>
		<SimpleData name="Code_Parcelle">SCAAB-TIA-100-P1</SimpleData>
		<SimpleData name="Section">TIASSALE</SimpleData>
		<SimpleData name="Localite">TIASSALE</SimpleData>
		<SimpleData name="Sous-Prefecture">TIASSALE</SimpleData>
		<SimpleData name="Region ">AGNEBY-TIASSA</SimpleData>
		<SimpleData name="Nom">TRA</SimpleData>
		<SimpleData name="Prenoms">BI DJE PAUL</SimpleData>
		<SimpleData name="Genre">Homme</SimpleData>
		<SimpleData name="Programme">Mondelez</SimpleData>
		<SimpleData name="Departement"></SimpleData>
		<SimpleData name="Statut">Candidat</SimpleData>
	</SchemaData>
    </ExtendedData>
      <MultiGeometry>
        <Polygon>
            <outerBoundaryIs>
                <LinearRing>
                    <coordinates>-4.877099879086018, 5.876881659236392, 0,-4.877099879086018, 5.876881659236392, 0,-4.877111949026585, 5.876841971070575, 0,-4.87711563706398, 5.876826962939911, 0,-4.877105578780174, 5.876811954808828, 0,-4.8771049082279205, 5.876811621294794, 0,-4.8771049082279205, 5.876811621294794, 0,-4.8771049082279205, 5.876811621294794, 0,-4.877095855772495, 5.876791276938681, 0,-4.877090826630592, 5.876780270975225, 0,-4.877086132764816, 5.8767746012363915, 0,-4.877078756690025, 5.876770265553714, 0,-4.877069033682346, 5.876764262300733, 0,-4.877054616808891, 5.876748253625758, 0,-4.877052940428257, 5.876739582259956, 0,-4.877050258219242, 5.876729910351791, 0,-4.877050258219242, 5.876729910351791, 0,-4.8770445585250854, 5.8767185708730425, 0,-4.877040535211563, 5.876706897879969, 0,-4.877040535211563, 5.876706897879969, 0,-4.8770371824502945, 5.876692556773859, 0,-4.8770371824502945, 5.876692556773859, 0,-4.877036176621914, 5.876669544300485, 0,-4.877035841345787, 5.876633858289179, 0,-4.877014718949795, 5.876597505247264, 0,-4.877007678151131, 5.876584831709166, 0,-4.877007678151131, 5.876584831709166, 0,-4.877001978456974, 5.876571824656591, 0,-4.876999631524086, 5.876525132670519, 0,-4.876996278762817, 5.876512459130767, 0,-4.876986555755138, 5.876485110965047, 0,-4.876985885202885, 5.876480775280117, 0,-4.876981191337109, 5.87647177039592, 0,-4.876981191337109, 5.87647177039592, 0,-4.876975826919079, 5.876464766597, 0,-4.876970127224922, 5.876460764426141, 0,-4.876970127224922, 5.876460764426141, 0,-4.876961074769497, 5.876446089799446, 0,-4.876961074769497, 5.876446089799446, 0,-4.876961074769497, 5.876446089799446, 0,-4.876960404217243, 5.876437751943199, 0,-4.8769661039114, 5.8764137389164945, 0,-4.876959398388863, 5.876365045831379, 0,-4.876959398388863, 5.876365045831379, 0,-4.876965768635273, 5.876328692771907, 0,-4.876965768635273, 5.876328692771907, 0,-4.876968450844288, 5.876316019227691, 0,-4.876967780292034, 5.8763016781115045, 0,-4.876967780292034, 5.876271661820636, 0,-4.876976832747459, 5.87619562054316, 0,-4.876969791948795, 5.876156265842853, 0,-4.876962751150131, 5.876127583601881, 0,-4.8769523575901985, 5.876098234330541, 0,-4.876948334276676, 5.876088228896765, 0,-4.876950345933437, 5.876077222919403, 0,-4.876955039799213, 5.87606821802868, 0,-4.876958392560482, 5.876059880166772, 0,-4.876964092254639, 5.876035533609278, 0,-4.876970797777176, 5.875998847013777, 0,-4.876971133053303, 5.875980170200588, 0,-4.876970462501049, 5.875966496104821, 0,-4.876970462501049, 5.8759531555232645, 0,-4.876973144710064, 5.875909465116439, 0,-4.876973815262318, 5.8758984591355405, 0,-4.876968450844288, 5.875874112570987, 0,-4.876956716179848, 5.87584509680088, 0,-4.876953363418579, 5.875830422157965, 0,-4.876953363418579, 5.875830422157965, 0,-4.876951351761818, 5.875814079941502, 0,-4.876951351761818, 5.875814079941502, 0,-4.876951016485691, 5.875799738812391, 0,-4.876950345933437, 5.875764719774647, 0,-4.876948334276676, 5.875747377012258, 0,-4.876946322619915, 5.875734036425473, 0,-4.876957722008228, 5.875681007589744, 0,-4.876966774463654, 5.875672336207315, 0,-4.876976832747459, 5.875661330221748, 0,-4.876983538269997, 5.875651324780122, 0,-4.876988902688026, 5.875638984735219, 0,-4.876989908516407, 5.875626978204755, 0,-4.876990914344788, 5.8756163057330415, 0,-4.876992255449295, 5.8756063002906025, 0,-4.876988232135773, 5.875582287228033, 0,-4.876988232135773, 5.875582287228033, 0,-4.876946322619915, 5.875554271987061, 0,-4.8769379407167435, 5.87554893575053, 0,-4.876916818320751, 5.875538930306894, 0,-4.876838698983192, 5.875547601691384, 0,-4.876810200512409, 5.875554939016626, 0,-4.876810200512409, 5.875554939016626, 0,-4.876801483333111, 5.87556094228266, 0,-4.876794442534447, 5.875567612578184, 0,-4.876777678728104, 5.875570614211143, 0,-4.876738451421261, 5.8755779515360675, 0,-4.876738451421261, 5.8755779515360675, 0,-4.87673107534647, 5.8755816201985045, 0,-4.8767247051000595, 5.875584288316618, 0,-4.876722022891045, 5.875589958067575, 0,-4.87672034651041, 5.875599629995549, 0,-4.876718670129776, 5.875609635438103, 0,-4.876718670129776, 5.875609635438103, 0,-4.876715652644634, 5.875616972762519, 0,-4.876715652644634, 5.875616972762519, 0,-4.876709617674351, 5.875641319338319, 0,-4.876706935465336, 5.875649990721219, 0,-4.876707270741463, 5.875657661559832, 0,-4.876701571047306, 5.875681007589744, 0,-4.876701571047306, 5.875681007589744, 0,-4.876701571047306, 5.875681007589744, 0,-4.876701571047306, 5.875689345457326, 0,-4.876702576875687, 5.875711357427163, 0,-4.876702576875687, 5.875711357427163, 0,-4.8767005652189255, 5.875718361235549, 0,-4.876692518591881, 5.875731034793391, 0,-4.876692518591881, 5.875731034793391, 0,-4.876687489449978, 5.875736371028179, 0,-4.876682125031948, 5.875741040233579, 0,-4.876675754785538, 5.87574570943894, 0,-4.8766713961958885, 5.875751712702913, 0,-4.876659661531448, 5.875760384084095, 0,-4.876656644046307, 5.875764719774647, 0,-4.87665094435215, 5.875786064712196, 0,-4.8766449093818665, 5.875801739900199, 0,-4.87664021551609, 5.8758100777659745, 0,-4.876632839441299, 5.875827754041023, 0,-4.876629486680031, 5.875842428684014, 0,-4.876623451709747, 5.875856102782822, 0,-4.876624792814255, 5.87586510767698, 0,-4.876623786985874, 5.87587144445426, 0,-4.876615069806576, 5.875892455873158, 0,-4.876606352627277, 5.875910132145573, 0,-4.876606352627277, 5.875910132145573, 0,-4.876595623791218, 5.875938480883186, 0,-4.876595959067345, 5.875955156610527, 0,-4.876588247716427, 5.8759945113250565, 0,-4.8765577375888824, 5.876002849187944, 0,-4.876545667648315, 5.876006851362085, 0,-4.876530580222607, 5.876021859514873, 0,-4.876526892185211, 5.876030530891844, 0,-4.876522198319435, 5.876037868210726, 0,-4.876507110893726, 5.876046206072965, 0,-4.876499064266682, 5.876052542848183, 0,-4.876488000154495, 5.876077556433868, 0,-4.876479953527451, 5.876092231070283, 0,-4.876471236348152, 5.876097900816076, 0,-4.876462854444981, 5.87610323704734, 0,-4.876457490026951, 5.876108906793017, 0,-4.876452796161175, 5.876116577625308, 0,-4.876444414258003, 5.876132586318438, 0,-4.876444414258003, 5.876132586318438, 0,-4.876441061496735, 5.8761449263524135, 0,-4.87643837928772, 5.876151596640927, 0,-4.876436367630959, 5.876160601530302, 0,-4.876436367630959, 5.876160601530302, 0,-4.876428321003914, 5.8761789448230335, 0,-4.876423627138138, 5.876188616740767, 0,-4.8764242976903915, 5.876203958403045, 0,-4.8764098808169365, 5.876232640640074, 0,-4.876397140324116, 5.876243646614344, 0,-4.876367300748825, 5.876272662363688, 0,-4.876348860561848, 5.876288671052326, 0,-4.87634651362896, 5.876295674853473, 0,-4.876342490315437, 5.876302678654506, 0,-4.876327067613602, 5.876324357085769, 0,-4.876311309635639, 5.876342700373094, 0,-4.876306280493736, 5.876359042574022, 0,-4.8763056099414825, 5.8763757182887675, 0,-4.876307956874371, 5.876383055603082, 0,-4.876311980187893, 5.876386057231639, 0,-4.876316338777542, 5.87638872534591, 0,-4.876321703195572, 5.87640706863111, 0,-4.876331761479378, 5.876432415715129, 0,-4.876335449516773, 5.8764507589988915, 0,-4.876351207494736, 5.876461431454626, 0,-4.876362271606922, 5.876486778536163, 0,-4.876366630196571, 5.8764921147637255, 0,-4.876371659338474, 5.876495449905896, 0,-4.876382052898407, 5.876509123988673, 0,-4.876387417316437, 5.87651846238647, 0,-4.8763954639434814, 5.876525132670519, 0,-4.87641055136919, 5.876535138096432, 0,-4.876418933272362, 5.876541808380276, 0,-4.8764460906386375, 5.876553481376823, 0,-4.876457154750824, 5.876555148947737, 0,-4.876465201377869, 5.876558150575366, 0,-4.8764729127287865, 5.876563486802227, 0,-4.876488335430622, 5.87657816142583, 0,-4.876491352915764, 5.876585165223326, 0,-4.876495040953159, 5.876600840388823, 0,-4.87650778144598, 5.876618850152904, 0,-4.876520186662674, 5.876634858831582, 0,-4.8765527084469795, 5.876692556773859, 0,-4.876558743417263, 5.876695891914859, 0,-4.876572825014591, 5.87670256219677, 0,-4.876589924097061, 5.876708231936329, 0,-4.87659864127636, 5.876712567619502, 0,-4.876604676246643, 5.876717570330793, 0,-4.876613058149815, 5.876727575753245, 0,-4.876626133918762, 5.876742250372535, 0,-4.876644238829613, 5.876765596356952, 0,-4.876658320426941, 5.876789275854435, 0,-4.876664355397224, 5.876799614789635, 0,-4.876673072576523, 5.87680728561241, 0,-4.876679442822933, 5.876816290491187, 0,-4.876685813069344, 5.876823961313719, 0,-4.876699224114418, 5.8768389694444725, 0,-4.876699224114418, 5.8768389694444725, 0,-4.876714646816254, 5.876851642976794, 0,-4.876723363995552, 5.876857312714839, 0,-4.876723363995552, 5.876857312714839, 0,-4.876730740070343, 5.876863649480821, 0,-4.876748509705067, 5.876877323554553, 0,-4.876833334565163, 5.876927684164642, 0,-4.876857474446297, 5.876935021471692, 0,-4.876883961260319, 5.876931686332142, 0,-4.876895025372505, 5.876927684164642, 0,-4.876905083656311, 5.876924015511085, 0,-4.876937605440617, 5.876914343606125, 0,-4.876962415874004, 5.876909674410572, 0,-4.876972138881683, 5.876910341438511, 0,-4.876993261277676, 5.876911675494386, 0,-4.877004660665989, 5.876908673868653, 0,-4.877004660665989, 5.876908673868653, 0,-4.877021089196205, 5.876901670075228, 0,-4.8770298063755035, 5.876886328432186, 0,-4.87703550606966, 5.876880992208416, 0</coordinates>
                </LinearRing>
            </outerBoundaryIs>
        </Polygon>
    </MultiGeometry>
  </Placemark><Placemark>
	<Style><LineStyle><color>ff0000ff</color></LineStyle><PolyStyle><fill>0</fill></PolyStyle></Style>
	<ExtendedData><SchemaData schemaUrl="#programmeband_1">
		<SimpleData name="N°">33</SimpleData>
		<SimpleData name="Cooperative">COOP CA SCAAB</SimpleData>
		<SimpleData name="Code_CCC">COOP CA SCAAB</SimpleData>
		<SimpleData name="Code_Producteur">SCAAB-TIA-066</SimpleData>
		<SimpleData name="Code_Parcelle">SCAAB-TIA-066-P1</SimpleData>
		<SimpleData name="Section">TIASSALE</SimpleData>
		<SimpleData name="Localite">TIASSALE</SimpleData>
		<SimpleData name="Sous-Prefecture">TIASSALE</SimpleData>
		<SimpleData name="Region ">AGNEBY-TIASSA</SimpleData>
		<SimpleData name="Nom">TRA</SimpleData>
		<SimpleData name="Prenoms">BI ALPHONSE</SimpleData>
		<SimpleData name="Genre">Homme</SimpleData>
		<SimpleData name="Programme">Mondelez</SimpleData>
		<SimpleData name="Departement"></SimpleData>
		<SimpleData name="Statut">Candidat</SimpleData>
	</SchemaData>
    </ExtendedData>
      <MultiGeometry>
        <Polygon>
            <outerBoundaryIs>
                <LinearRing>
                    <coordinates>-4.876939952373505, 5.873325054722966, 0,-4.876939952373505, 5.873325054722966, 0,-4.876952022314072, 5.873370412913027, 0,-4.876967445015907, 5.873379751363456, 0,-4.876997284591198, 5.873388756297664, 0,-4.877007342875004, 5.873395760135272, 0,-4.877021759748459, 5.87340042936029, 0,-4.877035170793533, 5.873407766713839, 0,-4.877049587666988, 5.873420106808195, 0,-4.877054952085018, 5.873429111741741, 0,-4.8770613223314285, 5.873436449094883, 0,-4.877066686749458, 5.873444453480035, 0,-4.877074398100376, 5.873452791381114, 0,-4.877090826630592, 5.873471134763029, 0,-4.877096191048622, 5.8734808067277955, 0,-4.877096191048622, 5.8734808067277955, 0,-4.87710390239954, 5.87349047869241, 0,-4.877133741974831, 5.87351615942519, 0,-4.8771438002586365, 5.873524163809196, 0,-4.877151511609554, 5.873532835225071, 0,-4.8771753162145615, 5.873559516503829, 0,-4.8771823570132256, 5.8735741912066155, 0,-4.877188056707382, 5.873594202164316, 0,-4.877192750573158, 5.873602540063157, 0,-4.8771994560956955, 5.873609877414009, 0,-4.877207167446613, 5.873615213669127, 0,-4.877216890454292, 5.87362255101984, 0,-4.877233989536762, 5.873641561428025, 0,-4.877239689230919, 5.873653234485359, 0,-4.877242036163807, 5.873662572931055, 0,-4.877243377268314, 5.873672578408417, 0,-4.877242036163807, 5.873683917949199, 0,-4.877231977880001, 5.873721605244858, 0,-4.877231977880001, 5.873721605244858, 0,-4.8772212490439415, 5.873742283229009, 0,-4.8772212490439415, 5.873742283229009, 0,-4.877217225730419, 5.873751288157339, 0,-4.877210855484009, 5.87377430075132, 0,-4.87720750272274, 5.873784639742511, 0,-4.877206161618233, 5.873794645217685, 0,-4.877205826342106, 5.873806651787638, 0,-4.87720649689436, 5.8738153231991115, 0,-4.877197779715061, 5.873827663284434, 0,-4.877189062535763, 5.873831665474223, 0,-4.877177998423576, 5.873839336337874, 0,-4.8771679401397705, 5.87384433907499, 0,-4.877156876027584, 5.873851009391073, 0,-4.877135753631592, 5.873868352212494, 0,-4.877127036452293, 5.873878357686154, 0,-4.877118319272995, 5.873887696128084, 0,-4.877118319272995, 5.873887696128084, 0,-4.877108931541443, 5.873896701054074, 0,-4.87709853798151, 5.873902704337982, 0,-4.877090156078339, 5.873911042232192, 0,-4.87708043307066, 5.873919380126287, 0,-4.877064004540443, 5.87393438833532, 0,-4.877052940428257, 5.873942726229059, 0,-4.87703550606966, 5.873956733890268, 0,-4.877025447785854, 5.873961736626328, 0,-4.8770056664943695, 5.87397607780278, 0,-4.876993931829929, 5.873980747022937, 0,-4.87698320299387, 5.873989084915989, 0,-4.876963756978512, 5.874007761795944, 0,-4.876955039799213, 5.874017433751399, 0,-4.876935258507729, 5.874037111177497, 0,-4.876931235194206, 5.874044448522637, 0,-4.876910448074341, 5.874058122665604, 0,-4.876897372305393, 5.874075465480587, 0,-4.876885637640953, 5.874117488453111, 0,-4.876885637640953, 5.874117488453111, 0,-4.87688597291708, 5.874136832360037, 0,-4.876879267394543, 5.874156509781912, 0,-4.876879267394543, 5.874156509781912, 0,-4.876878261566162, 5.874166515250393, 0,-4.876879937946796, 5.8741765207186845, 0,-4.87688597291708, 5.874187526733615, 0,-4.8768967017531395, 5.8742028684510315, 0,-4.876901060342789, 5.874207204153696, 0,-4.876901060342789, 5.874207204153696, 0,-4.876903407275677, 5.874213207434258, 0,-4.876903407275677, 5.874213207434258, 0,-4.876907095313072, 5.874220878292667, 0,-4.876915812492371, 5.874229883213263, 0,-4.876934252679348, 5.874246892507331, 0,-4.8769402876496315, 5.874256564458638, 0,-4.876945652067661, 5.874265235863101, 0,-4.876965768635273, 5.8743005885107005, 0,-4.876967780292034, 5.874311261007654, 0,-4.876973479986191, 5.874321933504392, 0,-4.876980185508728, 5.874330604907838, 0,-4.877003990113735, 5.874362622396333, 0,-4.877016060054302, 5.8743809657483, 0,-4.877023436129093, 5.87438963715083, 0,-4.877033159136772, 5.874396974491327, 0,-4.877053946256638, 5.874406312924555, 0,-4.877061657607555, 5.874411649172027, 0,-4.877066686749458, 5.874422988697771, 0,-4.8770710453391075, 5.874435995800535, 0,-4.877073056995869, 5.874449336418452, 0,-4.8770904913544655, 5.874493693970693, 0,-4.877089820802212, 5.874534382850078, 0,-4.87709317356348, 5.87454638940409, 0,-4.877097196877003, 5.874558062442468, 0,-4.877100549638271, 5.874568734934472, 0,-4.877100549638271, 5.874568734934472, 0,-4.877105578780174, 5.874590079917898, 0,-4.877105243504047, 5.874601085924635, 0,-4.877105578780174, 5.874617094661338, 0,-4.877105578780174, 5.874617094661338, 0,-4.877106249332428, 5.8746337704282565, 0,-4.877106249332428, 5.8746337704282565, 0,-4.877101555466652, 5.87466812250652, 0,-4.877101555466652, 5.87466812250652, 0,-4.877097867429256, 5.874682797180083, 0,-4.877094514667988, 5.874694136700294, 0,-4.877089485526085, 5.8747078108273065, 0,-4.877089485526085, 5.8747078108273065, 0,-4.877087473869324, 5.874738827748311, 0,-4.877082444727421, 5.874759839209929, 0,-4.877082444727421, 5.874759839209929, 0,-4.87708043307066, 5.8747711787285875, 0,-4.877078086137772, 5.874801195100357, 0,-4.877078086137772, 5.874801195100357, 0,-4.877076745033264, 5.8748125346181626, 0,-4.877076745033264, 5.8748125346181626, 0,-4.877075739204884, 5.874835547168289, 0,-4.877072051167488, 5.874849554807032, 0,-4.877070710062981, 5.8748628954150375, 0,-4.877070710062981, 5.8748628954150375, 0,-4.877067357301712, 5.874878570629019, 0,-4.877061992883682, 5.874892911781858, 0,-4.877054952085018, 5.874903250752286, 0,-4.877043552696705, 5.874920260025795, 0,-4.877043552696705, 5.874920260025795, 0,-4.877033159136772, 5.874943606086609, 0,-4.877037517726421, 5.874961949419428, 0,-4.877038523554802, 5.874982627357524, 0,-4.877038523554802, 5.874982627357524, 0,-4.877041205763817, 5.875004639355287, 0,-4.877039194107056, 5.875024650261589, 0,-4.877038188278675, 5.8750369903201065, 0,-4.877041541039944, 5.87506567261726, 0,-4.877040535211563, 5.87507734564476, 0,-4.877038523554802, 5.875089018671993, 0,-4.877036176621914, 5.875098357093606, 0,-4.8770445585250854, 5.875167061190681, 0,-4.8770445585250854, 5.875167061190681, 0,-4.87704087048769, 5.875181402336103, 0,-4.87704087048769, 5.875181402336103, 0,-4.877030812203884, 5.875309805598297, 0,-4.877030812203884, 5.875309805598297, 0,-4.877036176621914, 5.875325480799697, 0,-4.877037517726421, 5.875336820306829, 0,-4.877031147480011, 5.875391850264614, 0,-4.877031147480011, 5.875391850264614, 0,-4.877031147480011, 5.875403523285256, 0,-4.877033159136772, 5.875431538533811, 0,-4.877033159136772, 5.875431538533811, 0,-4.877033159136772, 5.875460554325469, 0,-4.877033159136772, 5.875460554325469, 0,-4.87701840698719, 5.87552959189266, 0,-4.87701840698719, 5.87552959189266, 0,-4.877014718949795, 5.8755355951589605, 0,-4.876999631524086, 5.875558941193999, 0,-4.876999631524086, 5.875558941193999, 0,-4.876980856060982, 5.875564277430429, 0,-4.876980856060982, 5.875564277430429, 0,-4.8769741505384445, 5.875567279063401, 0,-4.8769741505384445, 5.875567279063401, 0,-4.876966439187527, 5.875569280152049, 0,-4.876959063112736, 5.875570947725901, 0,-4.876951016485691, 5.875571614755454, 0,-4.876951016485691, 5.875571614755454, 0,-4.876914471387863, 5.875565611489535, 0,-4.876905754208565, 5.875563943915658, 0,-4.876905754208565, 5.875563943915658, 0,-4.876905754208565, 5.875563943915658, 0,-4.876896366477013, 5.87556227634178, 0,-4.876825958490372, 5.87555960822354, 0,-4.876784048974514, 5.8755529379279405, 0,-4.876784048974514, 5.8755529379279405, 0,-4.876771979033947, 5.875551603868808, 0,-4.876771979033947, 5.875551603868808, 0,-4.876760244369507, 5.875544933573093, 0,-4.876760244369507, 5.875544933573093, 0,-4.876749850809574, 5.875535261644178, 0,-4.876749850809574, 5.875535261644178, 0,-4.876745156943798, 5.875524922685492, 0,-4.876745156943798, 5.875524922685492, 0,-4.876738116145134, 5.875515584271029, 0,-4.876729734241962, 5.875509581004499, 0,-4.876714311540127, 5.875497574471262, 0,-4.876706264913082, 5.875491571204541, 0,-4.876656644046307, 5.875473227889176, 0,-4.876643568277359, 5.8754705597705295, 0,-4.8766351863741875, 5.875469559226027, 0,-4.8766083642840385, 5.875463555959014, 0,-4.8766083642840385, 5.875463555959014, 0,-4.876601994037628, 5.875457886206771, 0,-4.876601994037628, 5.875457886206771, 0,-4.8765624314546585, 5.875410860612395, 0,-4.8765624314546585, 5.875410860612395, 0,-4.876545667648315, 5.875389515660445, 0,-4.876539297401905, 5.875381511303257, 0,-4.876539297401905, 5.875381511303257, 0,-4.876536279916763, 5.875368504222578, 0,-4.876532256603241, 5.875357498231006, 0,-4.876529909670353, 5.875348159813731, 0,-4.876529909670353, 5.875348159813731, 0,-4.876529239118099, 5.875338487881393, 0,-4.876533597707748, 5.8753171429266695, 0,-4.8765359446406364, 5.8753044693594125, 0,-4.8765359446406364, 5.8753044693594125, 0,-4.876542650163174, 5.875279455738983, 0,-4.876543991267681, 5.875267782715745, 0,-4.876543991267681, 5.875267782715745, 0,-4.876537956297398, 5.875239767458959, 0,-4.876538962125778, 5.875226426859986, 0,-4.876541644334793, 5.875210751655775, 0,-4.876554049551487, 5.87516305901051, 0,-4.876556061208248, 5.875143715139231, 0,-4.876556061208248, 5.875132042113143, 0,-4.876556061208248, 5.87513004102293, 0,-4.876558072865009, 5.875094354912938, 0,-4.876558072865009, 5.875094354912938, 0,-4.876569472253323, 5.875053332559367, 0,-4.876567460596561, 5.875012977233008, 0,-4.876568131148815, 5.874987963599475, 0,-4.876578189432621, 5.87496395051024, 0,-4.876595288515091, 5.874934934692705, 0,-4.876600317656994, 5.874921594086429, 0,-4.876613728702068, 5.874895913418457, 0,-4.876612387597561, 5.874860227293452, 0,-4.876613058149815, 5.874850888867857, 0,-4.876607693731785, 5.874769511152331, 0,-4.876608029007912, 5.8747474991452675, 0,-4.876608029007912, 5.8747474991452675, 0,-4.876602329313755, 5.8747234860456645, 0,-4.876611717045307, 5.87468112960356, 0,-4.876622445881367, 5.874660451654268, 0,-4.876627139747143, 5.874647444556746, 0,-4.876629821956158, 5.874639106673553, 0,-4.876629821956158, 5.874639106673553, 0,-4.876630492508411, 5.874618095207367, 0,-4.876631833612919, 5.874607756231659, 0,-4.876633174717426, 5.874596750225036, 0,-4.876633509993553, 5.874585077187473, 0,-4.876634515821934, 5.874573737665036, 0,-4.876634851098061, 5.87456206462699, 0,-4.876634851098061, 5.874551392134858, 0,-4.8766375333070755, 5.874529713634576, 0,-4.876643903553486, 5.8745067010718035, 0,-4.87664457410574, 5.874504699979338, 0,-4.876646250486374, 5.874496695609441, 0,-4.876646250486374, 5.874496695609441, 0,-4.876647926867008, 5.874487357177726, 0,-4.876647926867008, 5.874487357177726, 0,-4.876654297113419, 5.874466679221247, 0,-4.876654297113419, 5.874466679221247, 0,-4.876656644046307, 5.874455006180948, 0,-4.876655973494053, 5.874442332594087, 0,-4.876654967665672, 5.874429325491462, 0,-4.876658655703068, 5.874393305821091, 0,-4.876662343740463, 5.874379298170873, 0,-4.876667037606239, 5.87436595755129, 0,-4.87667340785265, 5.874344612559278, 0,-4.876672737300396, 5.8743179313181395, 0,-4.87666804343462, 5.874288915466929, 0,-4.87666804343462, 5.874288915466929, 0,-4.876665025949478, 5.874273573751891, 0,-4.876665361225605, 5.874260566645336, 0,-4.876668713986874, 5.874249894147415, 0,-4.8766737431287766, 5.874239555164863, 0,-4.876676760613918, 5.874221878839396, 0,-4.876678101718426, 5.874200867357473, 0,-4.876677766442299, 5.87418986134281, 0,-4.876677766442299, 5.874180522905955, 0,-4.876677766442299, 5.874172185015778, 0,-4.876677766442299, 5.874172185015778, 0,-4.87667340785265, 5.874155842750667, 0,-4.8766955360770226, 5.874037111177497, 0,-4.876705594360828, 5.874020768908416, 0,-4.876724369823933, 5.8739917530417225, 0,-4.876724369823933, 5.8739917530417225, 0,-4.8767320811748505, 5.8739790794443145, 0,-4.876736104488373, 5.873965738815138, 0,-4.876738786697388, 5.873952064669908, 0,-4.8767270520329475, 5.873914377389845, 0,-4.876724034547806, 5.87390103675913, 0,-4.876721352338791, 5.873887362612296, 0,-4.876719675958157, 5.873876023075649, 0,-4.876717664301395, 5.873865684086162, 0,-4.876718670129776, 5.873855678612274, 0,-4.876718670129776, 5.873855678612274, 0,-4.876714646816254, 5.873831665474223, 0,-4.876711629331112, 5.873819658904791, 0,-4.876706264913082, 5.873806651787638, 0,-4.876706264913082, 5.873806651787638, 0,-4.876700900495052, 5.873795979281016, 0,-4.876700900495052, 5.873795979281016, 0,-4.876695200800896, 5.873774634267172, 0,-4.876695200800896, 5.873774634267172, 0,-4.876692518591881, 5.873762961212383, 0,-4.876692518591881, 5.873762961212383, 0,-4.876682460308075, 5.8737262744671535, 0,-4.876682460308075, 5.8737262744671535, 0,-4.876677431166172, 5.8737112662524975, 0,-4.876677431166172, 5.8737112662524975, 0,-4.87667441368103, 5.87369759210102, 0,-4.87667441368103, 5.87369759210102, 0,-4.876673072576523, 5.873671244344781, 0,-4.876673072576523, 5.873671244344781, 0,-4.876667708158493, 5.873638559784672, 0,-4.876669384539127, 5.873607876318338, 0,-4.876671060919762, 5.873594869196236, 0,-4.876671060919762, 5.873594869196236, 0,-4.876672402024269, 5.873582862621702, 0,-4.876672737300396, 5.873571523078859, 0,-4.876668378710747, 5.873558849471884, 0,-4.876660332083702, 5.8735134912971665, 0,-4.876655302941799, 5.873499150108807, 0,-4.876652620732784, 5.873482140791903, 0,-4.876632504165173, 5.873432780418325, 0,-4.876626804471016, 5.873407766713839, 0,-4.876626804471016, 5.873394759587056, 0,-4.876629821956158, 5.873369412364759, 0,-4.876628816127777, 5.873334059658052, 0,-4.876652620732784, 5.873314048691, 0,-4.876728728413582, 5.873286033335909, 0,-4.876763932406902, 5.87326235368945, 0,-4.876811541616917, 5.873251681172395, 0,-4.8768578097224236, 5.873274693787024, 0,-4.876914471387863, 5.873304710239452, 0,-4.876914471387863, 5.873304710239452, 0,-4.876918829977512, 5.8733110470458785, 0</coordinates>
                </LinearRing>
            </outerBoundaryIs>
        </Polygon>
    </MultiGeometry>
  </Placemark></Folder>
</Document></kml>